Date,Open,High,Low,Close,Adj Close,Volume
2010-03-11,0.6424999833106995,0.6604999899864197,0.6424999833106995,0.6604999899864197,0.6004703044891357,3702000
2010-03-12,0.6610000133514404,0.6653329730033875,0.6441670060157776,0.6441670060157776,0.58562171459198,4548000
2010-03-15,0.6311669945716858,0.6380000114440918,0.6141669750213623,0.6238330006599426,0.567135751247406,534000
2010-03-16,0.6316670179367065,0.6751670241355896,0.630666971206665,0.6744999885559082,0.6131978631019592,1260000
2010-03-17,0.699999988079071,0.7070000171661377,0.6861670017242432,0.6988329887390137,0.6353194117546082,2610000
2010-03-18,0.6988329887390137,0.7008330225944519,0.6721670031547546,0.681833028793335,0.6198643445968628,1584000
2010-03-19,0.6733329892158508,0.6736670136451721,0.6396669745445251,0.650833010673523,0.5916817784309387,1596000
2010-03-22,0.6380000114440918,0.7003329992294312,0.6343330144882202,0.6978330016136169,0.6344102621078491,3804000
2010-03-23,0.7076669931411743,0.7455000281333923,0.7073330283164978,0.7428330183029175,0.675320565700531,6114000
2010-03-24,0.7356669902801514,0.7356669902801514,0.6980000138282776,0.7016670107841492,0.6378958821296692,2034000
2010-03-25,0.7319999933242798,0.7425000071525574,0.6974999904632568,0.6981670260429382,0.6347138285636902,2034000
2010-03-26,0.7168329954147339,0.7204999923706055,0.6735000014305115,0.6871669888496399,0.624713659286499,2322000
2010-03-29,0.7093330025672913,0.7136669754981995,0.7006670236587524,0.7056670188903809,0.6415322422981262,1380000
2010-03-30,0.7166669964790344,0.7266669869422913,0.6981670260429382,0.7191669940948486,0.6538053750991821,1920000
2010-03-31,0.7246670126914978,0.7300000190734863,0.7041670083999634,0.7080000042915344,0.6436532735824585,1080000
2010-04-01,0.7278329730033875,0.7571669816970825,0.6984999775886536,0.710332989692688,0.6457740068435669,1644000
2010-04-05,0.7373329997062683,0.7733330130577087,0.6901670098304749,0.7705000042915344,0.7004729509353638,1500000
2010-04-06,0.7558330297470093,0.7696670293807983,0.7471669912338257,0.7588329911231995,0.6898661851882935,1998000
2010-04-07,0.7628329992294312,0.7821670174598694,0.741832971572876,0.7663329839706421,0.6966845989227295,3414000
2010-04-08,0.7524999976158142,0.7524999976158142,0.714667022228241,0.7391669750213623,0.6719875335693359,4470000
2010-04-09,0.7476670145988464,0.7591670155525208,0.730666995048523,0.7588329911231995,0.6898661851882935,1254000
2010-04-12,0.7703329920768738,0.7975000143051147,0.7611669898033142,0.7778329849243164,0.7071396112442017,2400000
2010-04-13,0.7821670174598694,0.7966669797897339,0.7721670269966125,0.7928329706192017,0.7207760214805603,2904000
2010-04-14,0.8420000076293945,0.8976669907569885,0.8420000076293945,0.8948330283164978,0.8135058283805847,6504000
2010-04-15,0.9108330011367798,0.9231669902801514,0.8923329710960388,0.9024999737739563,0.8204759955406189,12666000
2010-04-16,0.8916670083999634,0.8916670083999634,0.828499972820282,0.8691669702529907,0.7901725172996521,4452000
2010-04-19,0.8399999737739563,0.8654999732971191,0.7918329834938049,0.8398330211639404,0.7635045647621155,5712000
2010-04-20,0.8643329739570618,0.886667013168335,0.8583329916000366,0.8805000185966492,0.800475537776947,2922000
2010-04-21,0.886667013168335,0.9061669707298279,0.8140000104904175,0.8529999852180481,0.7754747867584229,5772000
2010-04-22,0.8363329768180847,0.9039999842643738,0.7973330020904541,0.9011669754981995,0.8192641139030457,6594000
2010-04-23,0.9160000085830688,0.9160000085830688,0.8686670064926147,0.9051669836044312,0.8229005932807922,3600000
2010-04-26,0.913332998752594,0.9380000233650208,0.9068329930305481,0.9131669998168945,0.8301733732223511,3846000
2010-04-27,0.875,0.906499981880188,0.8159999847412109,0.8186669945716858,0.7442623376846313,5112000
2010-04-28,0.835332989692688,0.8791670203208923,0.7935000061988831,0.8349999785423279,0.7591109275817871,6864000
2010-04-29,0.835332989692688,0.8666669726371765,0.8255000114440918,0.8636670112609863,0.7851723432540894,5838000
2010-04-30,0.8416669964790344,0.8416669964790344,0.7453330159187317,0.7471669912338257,0.6792604923248291,10104000
2010-05-03,0.7576670050621033,0.8140000104904175,0.7576670050621033,0.8021669983863831,0.7292618751525879,4926000
2010-05-04,0.7854999899864197,0.7854999899864197,0.6613330245018005,0.6959999799728394,0.632743775844574,19164000
2010-05-05,0.6850000023841858,0.7058330178260803,0.6414999961853027,0.6736670136451721,0.6124404668807983,7920000
2010-05-06,0.6666669845581055,0.695667028427124,0.41666701436042786,0.6163330078125,0.5603175759315491,17448000
2010-05-07,0.6000000238418579,0.618166983127594,0.5143330097198486,0.5788329839706421,0.5262256264686584,12372000
2010-05-10,0.6800000071525574,0.6826670169830322,0.6468330025672913,0.6800000071525574,0.6181979179382324,7206000
2010-05-11,0.6436669826507568,0.7024999856948853,0.6355000138282776,0.6669999957084656,0.606379508972168,27720000
2010-05-12,0.6779999732971191,0.7246670126914978,0.6779999732971191,0.7211670279502869,0.6556236743927002,42330000
2010-05-13,0.7018330097198486,0.7308329939842224,0.6554999947547913,0.664667010307312,0.6042584776878357,28992000
2010-05-14,0.6489999890327454,0.6489999890327454,0.5676670074462891,0.6039999723434448,0.5491052865982056,15846000
2010-05-17,0.5911669731140137,0.6348329782485962,0.5699999928474426,0.6290000081062317,0.5718331933021545,19140000
2010-05-18,0.6445000171661377,0.6553329825401306,0.5691670179367065,0.5776669979095459,0.5251655578613281,16128000
2010-05-19,0.5748329758644104,0.6041669845581055,0.5466669797897339,0.5868330001831055,0.5334985852241516,21306000
2010-05-20,0.5416669845581055,0.5761669874191284,0.5043330192565918,0.5389999747276306,0.4900128245353699,10638000
2010-05-21,0.5166670083999634,0.5989999771118164,0.503832995891571,0.574167013168335,0.5219838619232178,11220000
2010-05-24,0.5628330111503601,0.584833025932312,0.5403329730033875,0.5403329730033875,0.4912246763706207,10944000
2010-05-25,0.4943329989910126,0.5526670217514038,0.4749999940395355,0.5525000095367432,0.5022859573364258,10818000
2010-05-26,0.5803329944610596,0.6036670207977295,0.546500027179718,0.5496670007705688,0.4997105002403259,14250000
2010-05-27,0.5923330187797546,0.6341670155525208,0.5839999914169312,0.6333330273628235,0.5757724046707153,10578000
2010-05-28,0.6406670212745667,0.6406670212745667,0.5771669745445251,0.6028329730033875,0.5480443239212036,9288000
2010-06-01,0.5989999771118164,0.621167004108429,0.5618330240249634,0.5618330240249634,0.5107706785202026,4530000
2010-06-02,0.581833004951477,0.6225000023841858,0.5641670227050781,0.6218330264091492,0.5653176307678223,11094000
2010-06-03,0.6330000162124634,0.652999997138977,0.6150000095367432,0.6456670165061951,0.5869855880737305,9102000
2010-06-04,0.6290000081062317,0.6305000185966492,0.5525000095367432,0.5616670250892639,0.510619580745697,13650000
2010-06-07,0.569832980632782,0.578000009059906,0.4950000047683716,0.49900001287460327,0.45364823937416077,18312000
2010-06-08,0.5018330216407776,0.5041670203208923,0.45683300495147705,0.4934999942779541,0.4486480951309204,12504000
2010-06-09,0.5070000290870667,0.5385000109672546,0.47749999165534973,0.4836669862270355,0.4397088289260864,8634000
2010-06-10,0.5093330144882202,0.5386670231819153,0.5015000104904175,0.5368329882621765,0.4880426824092865,9504000
2010-06-11,0.5180000066757202,0.5621669888496399,0.5133330225944519,0.5598329901695251,0.508952260017395,6510000
2010-06-14,0.5868330001831055,0.6025000214576721,0.5691670179367065,0.5705000162124634,0.5186499953269958,6924000
2010-06-15,0.5833330154418945,0.6696670055389404,0.5833330154418945,0.6654999852180481,0.6050158739089966,14508000
2010-06-16,0.6513329744338989,0.6896669864654541,0.6340000033378601,0.6746670007705688,0.6133496165275574,14226000
2010-06-17,0.6880000233650208,0.6894999742507935,0.6361669898033142,0.6703330278396606,0.609409749507904,8724000
2010-06-18,0.6735000014305115,0.6825000047683716,0.6566669940948486,0.6658329963684082,0.605318546295166,4656000
2010-06-21,0.695667028427124,0.7131670117378235,0.6359999775886536,0.6481670141220093,0.5892581939697266,9054000
2010-06-22,0.6513329744338989,0.6769999861717224,0.6083329916000366,0.6140000224113464,0.5581965446472168,9888000
2010-06-23,0.6200000047683716,0.6424999833106995,0.5864999890327454,0.619333028793335,0.5630448460578918,8076000
2010-06-24,0.6085000038146973,0.6106669902801514,0.5578330159187317,0.5653330087661743,0.5139526724815369,11754000
2010-06-25,0.5718330144882202,0.5734999775886536,0.536666989326477,0.5671669840812683,0.5156199336051941,8718000
2010-06-28,0.5615000128746033,0.5923330187797546,0.5528330206871033,0.5738329887390137,0.5216799974441528,4248000
2010-06-29,0.5446670055389404,0.5446670055389404,0.48583298921585083,0.4956670105457306,0.450618177652359,23970000
2010-06-30,0.4984999895095825,0.5146669745445251,0.46766701340675354,0.47166699171066284,0.4287993609905243,10842000
2010-07-01,0.4749999940395355,0.4863330125808716,0.4345000088214874,0.47350001335144043,0.4304658770561218,10716000
2010-07-02,0.47450000047683716,0.4814999997615814,0.4443329870700836,0.46766701340675354,0.42516282200813293,7032000
2010-07-06,0.4956670105457306,0.5049999952316284,0.4548330008983612,0.4668329954147339,0.42440474033355713,24060000
2010-07-07,0.46700000762939453,0.5410000085830688,0.46700000762939453,0.540166974067688,0.491073876619339,13650000
2010-07-08,0.5601670145988464,0.5601670145988464,0.5106670260429382,0.5361670255661011,0.48743733763694763,14706000
2010-07-09,0.5385000109672546,0.5563330054283142,0.527167022228241,0.5546669960021973,0.5042558908462524,7512000
2010-07-12,0.5573329925537109,0.5821670293807983,0.5509999990463257,0.5758330225944519,0.5234981775283813,8718000
2010-07-13,0.5966669917106628,0.6186670064926147,0.5863329768180847,0.6128330230712891,0.5571354627609253,11688000
2010-07-14,0.6399999856948853,0.6466670036315918,0.5953329801559448,0.6071670055389404,0.5519844889640808,16902000
2010-07-15,0.5989999771118164,0.605666995048523,0.5680000185966492,0.5993329882621765,0.544862687587738,11166000
2010-07-16,0.588333010673523,0.5923330187797546,0.541333019733429,0.5423330068588257,0.49304288625717163,7878000
2010-07-19,0.559499979019165,0.5855000019073486,0.5471670031547546,0.5833330154418945,0.5303166508674622,7908000
2010-07-20,0.5394999980926514,0.5851669907569885,0.5196670293807983,0.5849999785423279,0.5318321585655212,14142000
2010-07-21,0.5961670279502869,0.5961670279502869,0.5456669926643372,0.5494999885559082,0.4995585083961487,10890000
2010-07-22,0.5583329796791077,0.6116669774055481,0.5583329796791077,0.5998330116271973,0.5453169345855713,10308000
2010-07-23,0.5950000286102295,0.6154999732971191,0.5798329710960388,0.6113330125808716,0.5557720065116882,7092000
2010-07-26,0.6116669774055481,0.6368330121040344,0.5931670069694519,0.6333330273628235,0.5757724046707153,8622000
2010-07-27,0.6471670269966125,0.6471670269966125,0.6123329997062683,0.6203330159187317,0.5639538764953613,10470000
2010-07-28,0.612500011920929,0.6265000104904175,0.5783330202102661,0.5881670117378235,0.5347113609313965,17106000
2010-07-29,0.5948330163955688,0.5960000157356262,0.5301669836044312,0.5525000095367432,0.5022859573364258,24666000
2010-07-30,0.539667010307312,0.5456669926643372,0.5076670050621033,0.5351669788360596,0.48652803897857666,13908000
2010-08-02,0.5621669888496399,0.5716670155525208,0.5421670079231262,0.5634999871253967,0.5122861266136169,19812000
2010-08-03,0.5636669993400574,0.5648329854011536,0.5323330163955688,0.546500027179718,0.49683108925819397,11742000
2010-08-04,0.5483329892158508,0.5641670227050781,0.5323330163955688,0.5625,0.5113769769668579,8508000
2010-08-05,0.5593330264091492,0.5669999718666077,0.5433329939842224,0.5490000247955322,0.49910399317741394,7224000
2010-08-06,0.5388330221176147,0.5609999895095825,0.5291669964790344,0.5496670007705688,0.4997105002403259,7914000
2010-08-09,0.5536670088768005,0.5666670203208923,0.5400000214576721,0.558667004108429,0.5078924298286438,7584000
2010-08-10,0.5416669845581055,0.5416669845581055,0.5008329749107361,0.5158330202102661,0.46895161271095276,18732000
2010-08-11,0.4826669991016388,0.48316699266433716,0.4406670033931732,0.453667014837265,0.4124354124069214,30720000
2010-08-12,0.42149999737739563,0.4415000081062317,0.40666699409484863,0.43549999594688416,0.39591947197914124,27768000
2010-08-13,0.43766701221466064,0.4494999945163727,0.42149999737739563,0.4223330020904541,0.3839491605758667,9888000
2010-08-16,0.4183329939842224,0.43983298540115356,0.4083330035209656,0.4266670048236847,0.38788938522338867,15528000
2010-08-17,0.4431670010089874,0.4580000042915344,0.4334999918937683,0.4429999887943268,0.4027378559112549,14430000
2010-08-18,0.44699999690055847,0.4645000100135803,0.438167005777359,0.4578329920768738,0.41622278094291687,10218000
2010-08-19,0.45249998569488525,0.45933300256729126,0.4288330078125,0.43483299016952515,0.3953130543231964,11196000
2010-08-20,0.43883299827575684,0.45283299684524536,0.4306670129299164,0.43983298540115356,0.39985865354537964,8682000
2010-08-23,0.452333003282547,0.45433300733566284,0.4238330125808716,0.42433300614356995,0.3857674300670624,15390000
2010-08-24,0.40733298659324646,0.41666701436042786,0.39316698908805847,0.4028330147266388,0.3662213683128357,13998000
2010-08-25,0.39716699719429016,0.4201669991016388,0.3824999928474426,0.41499999165534973,0.3772827088832855,19578000
2010-08-26,0.4223330020904541,0.42466700077056885,0.3869999945163727,0.3913330137729645,0.355766624212265,15816000
2010-08-27,0.4031670093536377,0.41916701197624207,0.3713330030441284,0.414667010307312,0.37697988748550415,22824000
2010-08-30,0.4086669981479645,0.41416698694229126,0.3840000033378601,0.3846670091152191,0.34970641136169434,11874000
2010-08-31,0.38166698813438416,0.3894999921321869,0.3548330068588257,0.360166996717453,0.3274330794811249,17046000
2010-09-01,0.37483298778533936,0.40549999475479126,0.37483298778533936,0.3936670124530792,0.35788843035697937,21294000
2010-09-02,0.4003329873085022,0.4198330044746399,0.3923330008983612,0.4198330044746399,0.38167643547058105,32310000
2010-09-03,0.4363330006599426,0.44749999046325684,0.41666701436042786,0.43799999356269836,0.39819225668907166,39972000
2010-09-07,0.4341669976711273,0.4375,0.4099999964237213,0.4143329858779907,0.37667620182037354,24540000
2010-09-08,0.4161669909954071,0.4188329875469208,0.39583298563957214,0.4074999988079071,0.3704643249511719,55176000
2010-09-09,0.42283299565315247,0.4238330125808716,0.4043329954147339,0.40916699171066284,0.3719797730445862,16536000
2010-09-10,0.40549999475479126,0.4106670022010803,0.375667005777359,0.39316698908805847,0.35743391513824463,50568000
2010-09-13,0.4050000011920929,0.4331670105457306,0.40450000762939453,0.4321669936180115,0.3928894102573395,34164000
2010-09-14,0.42833301424980164,0.461667001247406,0.41633298993110657,0.4533329904079437,0.41213172674179077,29940000
2010-09-15,0.4440000057220459,0.4508329927921295,0.43149998784065247,0.4498330056667328,0.4089498519897461,20400000
2010-09-16,0.4408330023288727,0.460999995470047,0.43799999356269836,0.45933300256729126,0.4175863564014435,15978000
2010-09-17,0.4659999907016754,0.46799999475479126,0.45249998569488525,0.45966699719429016,0.4178900122642517,14418000
2010-09-20,0.4598329961299896,0.467833012342453,0.4458329975605011,0.46516698598861694,0.4228901267051697,39192000
2010-09-21,0.4634999930858612,0.47416698932647705,0.4576669931411743,0.4620000123977661,0.420011043548584,18630000
2010-09-22,0.4560000002384186,0.46050000190734863,0.4325000047683716,0.4428330063819885,0.4027019739151001,25320000
2010-09-23,0.43050000071525574,0.4743329882621765,0.42216700315475464,0.4513329863548279,0.4104316830635071,21150000
2010-09-24,0.47166699171066284,0.5076670050621033,0.47166699171066284,0.5049999952316284,0.45923513174057007,25266000
2010-09-27,0.5088329911231995,0.5101670026779175,0.49050000309944153,0.4963330030441284,0.45135360956192017,20460000
2010-09-28,0.5023329854011536,0.522333025932312,0.48183301091194153,0.5195000171661377,0.4724211096763611,25440000
2010-09-29,0.5099999904632568,0.5426669716835022,0.5099999904632568,0.531000018119812,0.48287901282310486,31692000
2010-09-30,0.5393329858779907,0.550000011920929,0.5048329830169678,0.5195000171661377,0.4724211096763611,36396000
2010-10-01,0.5321670174598694,0.5354999899864197,0.5021669864654541,0.5139999985694885,0.46741950511932373,24258000
2010-10-04,0.5109999775886536,0.5113329887390137,0.475832998752594,0.49300000071525574,0.4483226239681244,25332000
2010-10-05,0.5033329725265503,0.5285000205039978,0.5033329725265503,0.5238329768180847,0.47636139392852783,24222000
2010-10-06,0.5233330130577087,0.524167001247406,0.48750001192092896,0.5058330297470093,0.45999273657798767,22194000
2010-10-07,0.5046669840812683,0.5131670236587524,0.48833298683166504,0.5059999823570251,0.460144579410553,20838000
2010-10-08,0.5024999976158142,0.5248330235481262,0.48583298921585083,0.5224999785423279,0.47514933347702026,29346000
2010-10-11,0.5224999785423279,0.5473330020904541,0.5224999785423279,0.5320000052452087,0.48378825187683105,20370000
2010-10-12,0.5253329873085022,0.550000011920929,0.515999972820282,0.5433329939842224,0.49409428238868713,18330000
2010-10-13,0.5485000014305115,0.5541669726371765,0.5306670069694519,0.5458329916000366,0.4963677227497101,27384000
2010-10-14,0.5468329787254333,0.556833028793335,0.5318329930305481,0.541333019733429,0.4922756254673004,19338000
2010-10-15,0.5526670217514038,0.5583329796791077,0.5288329720497131,0.5536670088768005,0.5034917593002319,22374000
2010-10-18,0.550832986831665,0.550832986831665,0.5273330211639404,0.5408329963684082,0.4918208420276642,21282000
2010-10-19,0.5238329768180847,0.5463330149650574,0.5011669993400574,0.5181670188903809,0.47120898962020874,37842000
2010-10-20,0.5186669826507568,0.5348330140113831,0.5083330273628235,0.5268329977989197,0.47908949851989746,24378000
2010-10-21,0.5295000076293945,0.5321670174598694,0.5043330192565918,0.5189999938011169,0.4719662666320801,22062000
2010-10-22,0.5189999938011169,0.5523329973220825,0.5189999938011169,0.5498329997062683,0.5000053644180298,29832000
2010-10-25,0.5583329796791077,0.5773329734802246,0.5583329796791077,0.5678330063819885,0.5163739323616028,12414000
2010-10-26,0.5598329901695251,0.5691670179367065,0.5418329834938049,0.5606669783592224,0.5098572969436646,10962000
2010-10-27,0.5626670122146606,0.6129999756813049,0.5625,0.6121670007705688,0.5566901564598083,19632000
2010-10-28,0.6138330101966858,0.6175000071525574,0.5910000205039978,0.6136670112609863,0.5580542683601379,13932000
2010-10-29,0.6086670160293579,0.6299999952316284,0.6076670289039612,0.6251670122146606,0.5685122013092041,10818000
2010-11-01,0.6296669840812683,0.6378329992294312,0.6039999723434448,0.6188330054283142,0.5627521276473999,19554000
2010-11-02,0.6301670074462891,0.6403329968452454,0.6216670274734497,0.6308330297470093,0.5736649036407471,11472000
2010-11-03,0.6371669769287109,0.6516669988632202,0.621999979019165,0.6516669988632202,0.5926106572151184,18366000
2010-11-04,0.6694999933242798,0.7138329744338989,0.6694999933242798,0.7114999890327454,0.6470215916633606,18684000
2010-11-05,0.7186669707298279,0.7366669774055481,0.7093330025672913,0.7263330221176147,0.6605101227760315,18162000
2010-11-08,0.7223330140113831,0.7415000200271606,0.7143329977989197,0.7273330092430115,0.6614196300506592,17436000
2010-11-09,0.7273330092430115,0.7294999957084656,0.6919999718666077,0.6996669769287109,0.6362606287002563,14748000
2010-11-10,0.6990000009536743,0.7023329734802246,0.6729999780654907,0.7005000114440918,0.6370183229446411,14172000
2010-11-11,0.6470000147819519,0.6833329796791077,0.6215000152587891,0.6759999990463257,0.6147386431694031,24570000
2010-11-12,0.6708329916000366,0.7073330283164978,0.6546670198440552,0.6743329763412476,0.6132227778434753,16152000
2010-11-15,0.6893330216407776,0.694832980632782,0.6593329906463623,0.6593329906463623,0.5995820760726929,14220000
2010-11-16,0.6431670188903809,0.6639999747276306,0.6213330030441284,0.6313329935073853,0.574119508266449,16314000
2010-11-17,0.6290000081062317,0.6514999866485596,0.6218330264091492,0.6294999718666077,0.5724523663520813,7788000
2010-11-18,0.6486669778823853,0.6728330254554749,0.6486669778823853,0.664667010307312,0.6044325232505798,10518000
2010-11-19,0.660332977771759,0.7020000219345093,0.660332977771759,0.6970000267028809,0.6338354349136353,9654000
2010-11-22,0.6990000009536743,0.7243329882621765,0.6928330063819885,0.722832977771759,0.6573272347450256,32064000
2010-11-23,0.7001670002937317,0.718999981880188,0.695667028427124,0.703499972820282,0.6397463083267212,22074000
2010-11-24,0.7188330292701721,0.7638329863548279,0.7188330292701721,0.7598329782485962,0.690974235534668,24210000
2010-11-26,0.7484999895095825,0.7583330273628235,0.738332986831665,0.7471669912338257,0.6794561147689819,6378000
2010-11-29,0.7346670031547546,0.746167004108429,0.7138329744338989,0.7419999837875366,0.6747573614120483,12354000
2010-11-30,0.7193329930305481,0.725832998752594,0.7073330283164978,0.7145000100135803,0.6497494578361511,14658000
2010-12-01,0.7498329877853394,0.785332977771759,0.7498329877853394,0.7829999923706055,0.7120419144630432,16272000
2010-12-02,0.7875000238418579,0.828499972820282,0.7848330140113831,0.8270000219345093,0.7520543336868286,13560000
2010-12-03,0.8148329854011536,0.8431670069694519,0.8083329796791077,0.8389999866485596,0.7629668712615967,10824000
2010-12-06,0.8418329954147339,0.8418329954147339,0.8133329749107361,0.8346670269966125,0.7590266466140747,11808000
2010-12-07,0.8610000014305115,0.871167004108429,0.8320000171661377,0.8330000042915344,0.757510781288147,22344000
2010-12-08,0.8420000076293945,0.8586670160293579,0.8266670107841492,0.8558329939842224,0.7782742977142334,8406000
2010-12-09,0.8706669807434082,0.8763329982757568,0.853833019733429,0.8619999885559082,0.7838826775550842,7170000
2010-12-10,0.8651670217514038,0.8728330135345459,0.8528329730033875,0.8643329739570618,0.7860041260719299,7374000
2010-12-13,0.881833016872406,0.881833016872406,0.8416669964790344,0.8481670022010803,0.7713031768798828,8994000
2010-12-14,0.8479999899864197,0.8519999980926514,0.8183330297470093,0.8264999985694885,0.751599907875061,11034000
2010-12-15,0.8201670050621033,0.8341670036315918,0.7966669797897339,0.800832986831665,0.7282587885856628,13974000
2010-12-16,0.8076670169830322,0.8218330144882202,0.7921670079231262,0.8149999976158142,0.7411419749259949,5910000
2010-12-17,0.8190000057220459,0.836667001247406,0.816332995891571,0.8316670060157776,0.7562983632087708,5250000
2010-12-20,0.828000009059906,0.8373330235481262,0.8115000128746033,0.8221669793128967,0.7476593255996704,24018000
2010-12-21,0.8326669931411743,0.8476669788360596,0.828499972820282,0.8395000100135803,0.7634215950965881,7824000
2010-12-22,0.8266670107841492,0.8416669964790344,0.8130000233650208,0.8403329849243164,0.7641792297363281,10470000
2010-12-23,0.8258330225944519,0.8406670093536377,0.8258330225944519,0.8333330154418945,0.7578134536743164,4158000
2010-12-27,0.8178330063819885,0.8403329849243164,0.8025000095367432,0.8358330130577087,0.7600869536399841,7362000
2010-12-28,0.8333330154418945,0.8414999842643738,0.8153330087661743,0.8251670002937317,0.7503875494003296,6186000
2010-12-29,0.828499972820282,0.8324999809265137,0.8178330063819885,0.828499972820282,0.7534183859825134,3360000
2010-12-30,0.828499972820282,0.8395000100135803,0.824167013168335,0.8358330130577087,0.7600869536399841,3732000
2010-12-31,0.8293330073356628,0.8376669883728027,0.8199999928474426,0.8331670165061951,0.7576624751091003,6024000
2011-01-03,0.8495000004768372,0.8791670203208923,0.8420000076293945,0.8518329858779907,0.7746369242668152,11646000
2011-01-04,0.8596670031547546,0.8721669912338257,0.828000009059906,0.8546670079231262,0.7772141695022583,10098000
2011-01-05,0.8424999713897705,0.8694999814033508,0.8341670036315918,0.8629999756813049,0.7847918272018433,4482000
2011-01-06,0.8705000281333923,0.9129999876022339,0.8705000281333923,0.9108330011367798,0.8282901644706726,9810000
2011-01-07,0.9166669845581055,0.929332971572876,0.8748329877853394,0.9168329834938049,0.8337464332580566,21936000
2011-01-10,0.911666989326477,0.9508330225944519,0.8999999761581421,0.945667028427124,0.8599674701690674,9960000
2011-01-11,0.961667001247406,0.961667001247406,0.9353330135345459,0.9561669826507568,0.8695158362388611,9942000
2011-01-12,0.9748330116271973,1.0099999904632568,0.9571670293807983,1.0098329782485962,0.9183183312416077,9696000
2011-01-13,1.0108330249786377,1.025833010673523,0.9898329973220825,1.0095000267028809,0.918015718460083,8448000
2011-01-14,1.0240000486373901,1.0920000076293945,1.0199999809265137,1.0920000076293945,0.9930391907691956,18042000
2011-01-18,1.0800000429153442,1.0920000076293945,1.0626670122146606,1.0791670083999634,0.981369137763977,13842000
2011-01-19,1.0525000095367432,1.057332992553711,0.9966670274734497,1.003999948501587,0.9130141139030457,14754000
2011-01-20,0.984499990940094,0.984499990940094,0.9304999709129333,0.9674999713897705,0.8798217177391052,18720000
2011-01-21,1.0,1.002500057220459,0.9474999904632568,0.9508330225944519,0.8646653294563293,12576000
2011-01-24,0.9613329768180847,1.0216670036315918,0.9599999785423279,1.0195000171661377,0.9271097779273987,12990000
2011-01-25,1.0063329935073853,1.0178329944610596,0.9743329882621765,0.9981669783592224,0.9077096581459045,13026000
2011-01-26,1.0183329582214355,1.031499981880188,0.9898329973220825,1.025833010673523,0.9328687787055969,16392000
2011-01-27,1.0464999675750732,1.088333010673523,1.0464999675750732,1.0824999809265137,0.9844000935554504,19854000
2011-01-28,1.1039999723434448,1.1039999723434448,0.9701669812202454,0.9948329925537109,0.90467768907547,36168000
2011-01-31,1.0033329725265503,1.0204999446868896,0.9666669964790344,1.0061670541763306,0.9149847030639648,12234000
2011-02-01,1.0360000133514404,1.0933330059051514,1.0343329906463623,1.0789999961853027,0.9812172651290894,22254000
2011-02-02,1.067167043685913,1.1119999885559082,1.0570000410079956,1.0973329544067383,0.9978886842727661,18420000
2011-02-03,1.0978330373764038,1.1048330068588257,1.064666986465454,1.0985000133514404,0.9989501237869263,10446000
2011-02-04,1.108667016029358,1.1660000085830688,1.1030000448226929,1.1634999513626099,1.0580596923828125,16854000
2011-02-07,1.1759999990463257,1.1916669607162476,1.140166997909546,1.1514999866485596,1.0471470355987549,21102000
2011-02-08,1.1518330574035645,1.1583329439163208,1.1221669912338257,1.1488330364227295,1.0447217226028442,8292000
2011-02-09,1.1339999437332153,1.1506669521331787,1.1124999523162842,1.1269999742507935,1.024867296218872,12252000
2011-02-10,1.090000033378601,1.1393330097198486,1.0786670446395874,1.136667013168335,1.0336582660675049,12342000
2011-02-11,1.128999948501587,1.1741670370101929,1.1104999780654907,1.1626670360565186,1.0573021173477173,8436000
2011-02-14,1.176332950592041,1.2161669731140137,1.1714999675750732,1.1891670227050781,1.081400752067566,15360000
2011-02-15,1.187000036239624,1.1883330345153809,1.1398329734802246,1.1551669836044312,1.0504816770553589,14406000
2011-02-16,1.1798330545425415,1.2023329734802246,1.1653330326080322,1.1916669607162476,1.0836740732192993,10158000
2011-02-17,1.1846669912338257,1.25,1.1749999523162842,1.2441669702529907,1.1314162015914917,15246000
2011-02-18,1.2558330297470093,1.25600004196167,1.2165000438690186,1.2298330068588257,1.118381142616272,13470000
2011-02-22,1.1663329601287842,1.1743329763412476,1.0750000476837158,1.0833330154418945,0.9851571321487427,40812000
2011-02-23,1.0943330526351929,1.0943330526351929,0.9816669821739197,1.0251669883728027,0.932262659072876,35844000
2011-02-24,1.0390000343322754,1.0826669931411743,1.015166997909546,1.0758329629898071,0.9783370494842529,41208000
2011-02-25,1.1109999418258667,1.1593329906463623,1.1071670055389404,1.1571669578552246,1.0523006916046143,38130000
2011-02-28,1.1816669702529907,1.1816669702529907,1.0851670503616333,1.1221669912338257,1.0204722881317139,38628000
2011-03-01,1.137166976928711,1.1446670293807983,1.0528329610824585,1.0551669597625732,0.9595438838005066,37800000
2011-03-02,1.0535000562667847,1.1386669874191284,1.0531669855117798,1.1001670360565186,1.0004664659500122,51600000
2011-03-03,1.1398329734802246,1.1741670370101929,1.1373330354690552,1.1640000343322754,1.0585144758224487,33474000
2011-03-04,1.155500054359436,1.164667010307312,1.1045000553131104,1.1273330450057983,1.0251703262329102,31500000
2011-03-07,1.1291669607162476,1.1441669464111328,1.0011670589447021,1.034000039100647,0.9402951002120972,50460000
2011-03-08,1.042667031288147,1.0709999799728394,1.0076669454574585,1.0394999980926514,0.9452970623970032,26598000
2011-03-09,1.0211670398712158,1.0211670398712158,0.9411669969558716,0.9468330144882202,0.8610279560089111,66846000
2011-03-10,0.8996670246124268,0.9166669845581055,0.8703330159187317,0.8751670122146606,0.7958563566207886,60888000
2011-03-11,0.8585000038146973,0.9075000286102295,0.8568329811096191,0.8985000252723694,0.8170749545097351,37662000
2011-03-14,0.8945000171661377,0.9296669960021973,0.8774999976158142,0.8948330283164978,0.8137401342391968,37458000
2011-03-15,0.8048329949378967,0.8803330063819885,0.7823330163955688,0.8623329997062683,0.7841856479644775,39852000
2011-03-16,0.8651670217514038,0.8920000195503235,0.7885000109672546,0.8066669702529907,0.7335640788078308,35268000
2011-03-17,0.8423330187797546,0.8661670088768005,0.8270000219345093,0.8361669778823853,0.7603906989097595,37530000
2011-03-18,0.878000020980835,0.878000020980835,0.8341670036315918,0.8445000052452087,0.7679684162139893,32274000
2011-03-21,0.8746669888496399,0.9068329930305481,0.8706669807434082,0.8881670236587524,0.8076782822608948,39534000
2011-03-22,0.894333004951477,0.894333004951477,0.8626670241355896,0.8673329949378967,0.7887323498725891,24156000
2011-03-23,0.8613330125808716,0.8958330154418945,0.8399999737739563,0.8908330202102661,0.810102641582489,25218000
2011-03-24,0.9221670031547546,0.9626669883728027,0.9088330268859863,0.9564999938011169,0.8698188662528992,44664000
2011-03-25,0.9653329849243164,0.9801669716835022,0.9468330144882202,0.9484999775886536,0.8625436425209045,31548000
2011-03-28,0.963333010673523,0.9769999980926514,0.9484999775886536,0.953000009059906,0.8666356801986694,22812000
2011-03-29,0.9493330121040344,0.9793329834938049,0.9235000014305115,0.9791669845581055,0.8904315233230591,29970000
2011-03-30,1.002166986465454,1.008167028427124,0.9595000147819519,0.9823330044746399,0.8933104276657104,29814000
2011-03-31,0.9748330116271973,0.9871670007705688,0.9458330273628235,0.9573330283164978,0.8705762624740601,20958000
2011-04-01,0.9785000085830688,0.9785000085830688,0.9136670231819153,0.9238330125808716,0.8401119709014893,33942000
2011-04-04,0.9288330078125,0.9373329877853394,0.883167028427124,0.8999999761581421,0.8184388279914856,27054000
2011-04-05,0.9416670203208923,0.9811670184135437,0.9406669735908508,0.958666980266571,0.8717892169952393,44274000
2011-04-06,0.987500011920929,1.0069999694824219,0.9760000109672546,1.005666971206665,0.9145301580429077,30012000
2011-04-07,1.0058330297470093,1.0058330297470093,0.9599999785423279,0.9909999966621399,0.9011922478675842,20022000
2011-04-08,1.0080000162124634,1.0166670083999634,0.9521669745445251,0.9666669964790344,0.8790644407272339,20496000
2011-04-11,0.9736670255661011,0.9736670255661011,0.9328330159187317,0.9406669735908508,0.8554205894470215,18594000
2011-04-12,0.9166669845581055,0.9166669845581055,0.8684999942779541,0.8830000162124634,0.802979588508606,31302000
2011-04-13,0.900833010673523,0.9079999923706055,0.8736670017242432,0.890500009059906,0.8097997903823853,33960000
2011-04-14,0.8716670274734497,0.8936669826507568,0.8529999852180481,0.8923329710960388,0.8114666938781738,18072000
2011-04-15,0.8863329887390137,0.9171670079231262,0.8725000023841858,0.9100000262260437,0.8275327086448669,17262000
2011-04-18,0.8773329854011536,0.8824999928474426,0.839667022228241,0.8613330125808716,0.7832759618759155,29268000
2011-04-19,0.8560000061988831,0.8733329772949219,0.8500000238418579,0.8716670274734497,0.7926734685897827,22242000
2011-04-20,0.9498329758644104,0.9833329916000366,0.9433330297470093,0.9833329916000366,0.8942198753356934,52812000
2011-04-21,1.0041669607162476,1.0041669607162476,0.9679999947547913,0.980666995048523,0.8917955160140991,22464000
2011-04-25,0.9778329730033875,0.9981669783592224,0.9711670279502869,0.9835000038146973,0.8943718671798706,13536000
2011-04-26,0.9853330254554749,1.0333329439163208,0.984499990940094,1.0308330059051514,0.9374151229858398,30864000
2011-04-27,1.0199999809265137,1.0341670513153076,0.992667019367218,1.0306669473648071,0.9372641444206238,26574000
2011-04-28,1.0201669931411743,1.030500054359436,0.9894999861717224,1.0101670026779175,0.9186221957206726,25950000
2011-04-29,1.004667043685913,1.0295000076293945,1.0043330192565918,1.024999976158142,0.932111382484436,12540000
2011-05-02,1.034999966621399,1.034999966621399,0.9866669774055481,0.9929999709129333,0.9030108451843262,21006000
2011-05-03,0.9833329916000366,0.9876670241355896,0.9368330240249634,0.9563329815864563,0.8696668744087219,33096000
2011-05-04,0.9804999828338623,0.9811670184135437,0.9231669902801514,0.9580000042915344,0.8711826205253601,20118000
2011-05-05,0.9416670203208923,0.9925000071525574,0.9358329772949219,0.9638329744338989,0.8764871954917908,41994000
2011-05-06,1.0,1.0178329944610596,0.9729999899864197,0.9850000143051147,0.895736038684845,40860000
2011-05-09,0.9850000143051147,0.9853330254554749,0.956833004951477,0.9764999747276306,0.8880062699317932,18708000
2011-05-10,0.9903330206871033,0.9983329772949219,0.9725000262260437,0.9891669750213623,0.8995254039764404,19446000
2011-05-11,0.993166983127594,1.004667043685913,0.9476670026779175,0.9664999842643738,0.8789124488830566,18096000
2011-05-12,0.9526669979095459,1.0153330564498901,0.9495000243186951,1.0061670541763306,0.9149847030639648,25260000
2011-05-13,1.0008330345153809,1.0084999799728394,0.9641669988632202,0.9671670198440552,0.8795191049575806,16488000
2011-05-16,0.9645000100135803,0.988332986831665,0.9226670265197754,0.9261670112609863,0.8422345519065857,23142000
2011-05-17,0.9160000085830688,0.9168329834938049,0.866832971572876,0.8926669955253601,0.811770498752594,35832000
2011-05-18,0.9028329849243164,0.9516670107841492,0.9020000100135803,0.9430000185966492,0.8575419783592224,17988000
2011-05-19,0.9315000176429749,0.9319999814033508,0.894333004951477,0.9194999933242798,0.8361717462539673,20982000
2011-05-20,0.921500027179718,0.9276670217514038,0.8968330025672913,0.9110000133514404,0.8284421563148499,10974000
2011-05-23,0.8801670074462891,0.8801670074462891,0.853833019733429,0.8550000190734863,0.7775170207023621,23688000
2011-05-24,0.8701670169830322,0.8713330030441284,0.8335000276565552,0.8356670141220093,0.7599359154701233,23982000
2011-05-25,0.8293330073356628,0.8663330078125,0.8199999928474426,0.8576670289039612,0.7799423933029175,19098000
2011-05-26,0.8548330068588257,0.8873329758644104,0.8456670045852661,0.881833016872406,0.8019182682037354,14706000
2011-05-27,0.8993330001831055,0.9211670160293579,0.8993330001831055,0.9131669998168945,0.8304125070571899,19008000
2011-05-31,0.9416670203208923,0.9541670083999634,0.9269999861717224,0.9541670083999634,0.86769700050354,15954000
2011-06-01,0.9468330144882202,0.9468330144882202,0.8666669726371765,0.867667019367218,0.7890360355377197,17838000
2011-06-02,0.8690000176429749,0.8934999704360962,0.8541669845581055,0.8679999709129333,0.7893388867378235,16122000
2011-06-03,0.840499997138977,0.8600000143051147,0.818166971206665,0.8218330144882202,0.747355580329895,38124000
2011-06-06,0.8176670074462891,0.8281670212745667,0.8001670241355896,0.8018329739570618,0.7291680574417114,18660000
2011-06-07,0.8264999985694885,0.8385000228881836,0.8133329749107361,0.8136669993400574,0.7399297952651978,14688000
2011-06-08,0.8028330206871033,0.8029999732971191,0.7571669816970825,0.7648329734802246,0.6955211758613586,36198000
2011-06-09,0.7674999833106995,0.7816669940948486,0.7544999718666077,0.7673329710960388,0.6977945566177368,25770000
2011-06-10,0.7583330273628235,0.7620000243186951,0.7145000100135803,0.7301669716835022,0.663996696472168,22752000
2011-06-13,0.7304999828338623,0.7423329949378967,0.7016670107841492,0.7088329792022705,0.6445960402488708,18828000
2011-06-14,0.7336670160293579,0.7620000243186951,0.7336670160293579,0.7484999895095825,0.6806684136390686,15768000
2011-06-15,0.7319999933242798,0.741832971572876,0.703000009059906,0.7045000195503235,0.6406558156013489,13464000
2011-06-16,0.7101669907569885,0.710332989692688,0.6625000238418579,0.680666983127594,0.6189823150634766,17418000
2011-06-17,0.7046669721603394,0.7046669721603394,0.6441670060157776,0.6510000228881836,0.5920042395591736,23820000
2011-06-20,0.6470000147819519,0.661666989326477,0.6438329815864563,0.652999997138977,0.5938228964805603,18750000
2011-06-21,0.6650000214576721,0.7055000066757202,0.6541669964790344,0.7021669745445251,0.6385341882705688,30174000
2011-06-22,0.6921669840812683,0.7118330001831055,0.6856669783592224,0.6918330192565918,0.6291367411613464,20856000
2011-06-23,0.6666669845581055,0.7245000004768372,0.6536669731140137,0.7229999899864197,0.6574793457984924,41520000
2011-06-24,0.7161669731140137,0.7161669731140137,0.6664999723434448,0.6713330149650574,0.6104944348335266,21660000
2011-06-27,0.6713330149650574,0.6926670074462891,0.6516669988632202,0.6828330159187317,0.6209523677825928,15390000
2011-06-28,0.6909999847412109,0.7095000147819519,0.6865000128746033,0.7088329792022705,0.6445960402488708,24696000
2011-06-29,0.7151669859886169,0.7236670255661011,0.6955000162124634,0.7118330001831055,0.64732426404953,16728000
2011-06-30,0.7166669964790344,0.7699999809265137,0.7166669964790344,0.7633330225944519,0.6941573023796082,30492000
2011-07-01,0.7691670060157776,0.8166670203208923,0.757332980632782,0.8131669759750366,0.7394749522209167,25212000
2011-07-05,0.8088330030441284,0.8176670074462891,0.7791669964790344,0.7910000085830688,0.7193169593811035,15444000
2011-07-06,0.7828329801559448,0.7831670045852661,0.7534999847412109,0.7726669907569885,0.7026452422142029,10506000
2011-07-07,0.7943329811096191,0.8316670060157776,0.788332998752594,0.8183330297470093,0.7441729307174683,18822000
2011-07-08,0.7868329882621765,0.7900000214576721,0.7561669945716858,0.7816669940948486,0.7108296751976013,16896000
2011-07-11,0.7663329839706421,0.7870000004768372,0.7350000143051147,0.7415000200271606,0.6743026375770569,22608000
2011-07-12,0.7191669940948486,0.7225000262260437,0.6675000190734863,0.6781669855117798,0.6167091131210327,46284000
2011-07-13,0.6945000290870667,0.7033330202102661,0.6635000109672546,0.6710000038146973,0.6101916432380676,27108000
2011-07-14,0.6736670136451721,0.6978330016136169,0.636667013168335,0.6408330202102661,0.5827586054801941,41184000
2011-07-15,0.6538329720497131,0.6543329954147339,0.6274999976158142,0.6510000228881836,0.5920042395591736,24444000
2011-07-18,0.6428329944610596,0.6504999995231628,0.6091669797897339,0.6230000257492065,0.5665417313575745,25644000
2011-07-19,0.6426669955253601,0.6890000104904175,0.6426669955253601,0.6846669912338257,0.6226200461387634,31746000
2011-07-20,0.7014999985694885,0.7081670165061951,0.663332998752594,0.675832986831665,0.614586591720581,21420000
2011-07-21,0.6708329916000366,0.6983330249786377,0.644333004951477,0.694333016872406,0.6314101815223694,32058000
2011-07-22,0.6978330016136169,0.7483329772949219,0.6978330016136169,0.7413330078125,0.6741509437561035,40338000
2011-07-25,0.7193329930305481,0.7286670207977295,0.6978330016136169,0.7129999995231628,0.6483854651451111,17520000
2011-07-26,0.7260000109672546,0.7558330297470093,0.7260000109672546,0.7308329939842224,0.6646024584770203,30282000
2011-07-27,0.7070000171661377,0.7070000171661377,0.6463329792022705,0.650833010673523,0.5918521881103516,54816000
2011-07-28,0.6499999761581421,0.6800000071525574,0.6269999742507935,0.6460000276565552,0.5874572396278381,23532000
2011-07-29,0.6119999885559082,0.6480000019073486,0.602666974067688,0.6305000185966492,0.5733618140220642,33750000
2011-08-01,0.6568329930305481,0.666333019733429,0.6036670207977295,0.6290000081062317,0.571997880935669,41922000
2011-08-02,0.6148329973220825,0.6269999742507935,0.5708330273628235,0.5731670260429382,0.5212246775627136,44364000
2011-08-03,0.5766670107841492,0.5960000157356262,0.5388330221176147,0.5913329720497131,0.537744402885437,48840000
2011-08-04,0.5720000267028809,0.5733330249786377,0.4894999861717224,0.4943329989910126,0.4495348036289215,70020000
2011-08-05,0.5091670155525208,0.5256670117378235,0.4186669886112213,0.45833298563957214,0.4167972505092621,60150000
2011-08-08,0.4081670045852661,0.4406670033931732,0.3815000057220459,0.38666701316833496,0.351625919342041,42156000
2011-08-09,0.40916699171066284,0.4399999976158142,0.3700000047683716,0.4386669993400574,0.39891353249549866,49818000
2011-08-10,0.4244999885559082,0.4541670083999634,0.3930000066757202,0.41233301162719727,0.37496596574783325,35904000
2011-08-11,0.42983299493789673,0.49116700887680054,0.4269999861717224,0.4736669957637787,0.43074172735214233,29616000
2011-08-12,0.4855000078678131,0.49983298778533936,0.45899999141693115,0.4690000116825104,0.42649760842323303,27114000
2011-08-15,0.47749999165534973,0.49766701459884644,0.47266700863838196,0.4966669976711273,0.4516572654247284,22326000
2011-08-16,0.4793330132961273,0.4938330054283142,0.44999998807907104,0.46866700053215027,0.42619484663009644,25092000
2011-08-17,0.4643329977989197,0.49000000953674316,0.44600000977516174,0.4584999978542328,0.41694915294647217,17232000
2011-08-18,0.42033299803733826,0.42033299803733826,0.3700000047683716,0.37916699051856995,0.34480559825897217,38010000
2011-08-19,0.3703329861164093,0.40366700291633606,0.35499998927116394,0.3569999933242798,0.32464733719825745,28344000
2011-08-22,0.3869999945163727,0.38783299922943115,0.35966700315475464,0.367000013589859,0.3337412476539612,21594000
2011-08-23,0.3799999952316284,0.42433300614356995,0.3700000047683716,0.42316699028015137,0.3848181366920471,51924000
2011-08-24,0.42316699028015137,0.4343329966068268,0.3973329961299896,0.42250001430511475,0.38421159982681274,51954000
2011-08-25,0.4158329963684082,0.43116700649261475,0.38666701316833496,0.3889999985694885,0.35374748706817627,33522000
2011-08-26,0.39033299684524536,0.42683300375938416,0.3716669976711273,0.4198330044746399,0.3817863166332245,38676000
2011-08-29,0.4408330023288727,0.4675000011920929,0.4375,0.4666669964790344,0.4243760406970978,29448000
2011-08-30,0.45566698908805847,0.4749999940395355,0.44633299112319946,0.4666669964790344,0.4243760406970978,25152000
2011-08-31,0.48066699504852295,0.4884999990463257,0.4468330144882202,0.4566670060157776,0.415282279253006,29664000
2011-09-01,0.4573329985141754,0.47483301162719727,0.43333300948143005,0.4338330030441284,0.39451754093170166,26106000
2011-09-02,0.41416698694229126,0.41666701436042786,0.3963330090045929,0.40400001406669617,0.3673880696296692,22992000
2011-09-06,0.36649999022483826,0.39683300256729126,0.36466699838638306,0.3959999978542328,0.36011308431625366,29136000
2011-09-07,0.41916701197624207,0.4483329951763153,0.41916701197624207,0.44699999690055847,0.40649130940437317,43224000
2011-09-08,0.4359999895095825,0.4740000069141388,0.43299999833106995,0.4403330087661743,0.4004284739494324,32784000
2011-09-09,0.4251669943332672,0.46116700768470764,0.4173330068588257,0.4259999990463257,0.3873944580554962,39306000
2011-09-12,0.4148330092430115,0.46483299136161804,0.4148330092430115,0.46483299136161804,0.4227081835269928,34446000
2011-09-13,0.4731670022010803,0.4966669976711273,0.46183300018310547,0.49300000071525574,0.4483226239681244,43494000
2011-09-14,0.5006669759750366,0.5475000143051147,0.4941670000553131,0.5299999713897705,0.4819696247577667,86268000
2011-09-15,0.5466669797897339,0.5590000152587891,0.5329999923706055,0.5540000200271606,0.5037947297096252,61032000
2011-09-16,0.5533329844474792,0.5733330249786377,0.5485000014305115,0.5558329820632935,0.5054615139961243,62544000
2011-09-19,0.5303329825401306,0.5485000014305115,0.5098329782485962,0.5371670126914978,0.4884870946407318,54882000
2011-09-20,0.5458329916000366,0.5504999756813049,0.5161669850349426,0.5195000171661377,0.4724211096763611,72882000
2011-09-21,0.5298330187797546,0.541333019733429,0.4866670072078705,0.4869999885559082,0.44286635518074036,117186000
2011-09-22,0.44999998807907104,0.45249998569488525,0.413332998752594,0.438167005777359,0.3984587490558624,61854000
2011-09-23,0.42800000309944153,0.46916699409484863,0.4216670095920563,0.46216699481010437,0.42028379440307617,52566000
2011-09-26,0.47883298993110657,0.47883298993110657,0.42966699600219727,0.4613330066204071,0.4195253252983093,98616000
2011-09-27,0.4861670136451721,0.5163329839706421,0.47816699743270874,0.48649999499320984,0.4424116909503937,75846000
2011-09-28,0.4950000047683716,0.4950000047683716,0.44350001215934753,0.44449999928474426,0.4042178690433502,57690000
2011-09-29,0.461667001247406,0.4659999907016754,0.4016669988632202,0.4263330101966858,0.3876972794532776,82098000
2011-09-30,0.405333012342453,0.41850000619888306,0.3833329975605011,0.38350000977516174,0.34874585270881653,47844000
2011-10-03,0.37583300471305847,0.38783299922943115,0.3400000035762787,0.34083300828933716,0.30994558334350586,52956000
2011-10-04,0.33000001311302185,0.38449999690055847,0.32600000500679016,0.38383299112319946,0.3490487337112427,89970000
2011-10-05,0.3848330080509186,0.4230000078678131,0.36899998784065247,0.41999998688697815,0.381938099861145,78738000
2011-10-06,0.4173330068588257,0.43516701459884644,0.4025000035762787,0.4345000088214874,0.3951241075992584,78432000
2011-10-07,0.4458329975605011,0.45649999380111694,0.4266670048236847,0.44133299589157104,0.4013378620147705,53652000
2011-10-10,0.460332989692688,0.4841670095920563,0.460332989692688,0.476500004529953,0.4333178400993347,30468000
2011-10-11,0.46883299946784973,0.48100000619888306,0.46366700530052185,0.4733330011367798,0.43043792247772217,30294000
2011-10-12,0.4913330078125,0.5016670227050781,0.48583298921585083,0.48583298921585083,0.4418050944805145,41778000
2011-10-13,0.4776670038700104,0.5203329920768738,0.4761669933795929,0.5163329839706421,0.46954119205474854,45486000
2011-10-14,0.5364999771118164,0.5373330116271973,0.5070000290870667,0.5346670150756836,0.48621371388435364,47322000
2011-10-17,0.5220000147819519,0.5239999890327454,0.4848330020904541,0.4906669855117798,0.44620105624198914,36648000
2011-10-18,0.49149999022483826,0.5266669988632202,0.47383299469947815,0.522333025932312,0.47499746084213257,52332000
2011-10-19,0.521166980266571,0.521166980266571,0.484499990940094,0.4881669878959656,0.4439275860786438,44826000
2011-10-20,0.4746670126914978,0.4811669886112213,0.4363330006599426,0.4646669924259186,0.42255720496177673,53466000
2011-10-21,0.4833329916000366,0.5120000243186951,0.4830000102519989,0.49300000071525574,0.4483226239681244,28434000
2011-10-24,0.5041670203208923,0.5463330149650574,0.5015000104904175,0.5441669821739197,0.49485260248184204,81846000
2011-10-25,0.5323330163955688,0.5443329811096191,0.511667013168335,0.5148329734802246,0.46817708015441895,63798000
2011-10-26,0.5283330082893372,0.5389999747276306,0.48966699838638306,0.5220000147819519,0.4746944308280945,38490000
2011-10-27,0.5636669993400574,0.5985000133514404,0.5558329820632935,0.5885000228881836,0.535167932510376,55464000
2011-10-28,0.5796669721603394,0.5931670069694519,0.5755000114440918,0.5931670069694519,0.5394121408462524,25170000
2011-10-31,0.5751670002937317,0.5751670002937317,0.5475000143051147,0.5479999780654907,0.49833834171295166,29562000
2011-11-01,0.5031669735908508,0.5151669979095459,0.485166996717453,0.49549999833106995,0.4505961239337921,40368000
2011-11-02,0.5133330225944519,0.5166670083999634,0.4906669855117798,0.503000020980835,0.45741644501686096,15834000
2011-11-03,0.5166670083999634,0.5509999990463257,0.48750001192092896,0.5481669902801514,0.4984900653362274,44694000
2011-11-04,0.5354999899864197,0.5731670260429382,0.5336670279502869,0.5673329830169678,0.5159192681312561,40914000
2011-11-07,0.5591670274734497,0.5695000290870667,0.5333330035209656,0.5648329854011536,0.5136458277702332,44898000
2011-11-08,0.5771669745445251,0.5824999809265137,0.5468329787254333,0.5738329887390137,0.5218302011489868,42258000
2011-11-09,0.5364999771118164,0.5364999771118164,0.4946669936180115,0.4959999918937683,0.45105060935020447,41424000
2011-11-10,0.5205000042915344,0.5214999914169312,0.4866670072078705,0.5091670155525208,0.46302470564842224,21204000
2011-11-11,0.5233330130577087,0.5673329830169678,0.5233330130577087,0.5611670017242432,0.5103122591972351,34920000
2011-11-14,0.5529999732971191,0.5695000290870667,0.5311669707298279,0.5418329834938049,0.4927303194999695,29382000
2011-11-15,0.538332998752594,0.5733330249786377,0.5351669788360596,0.5638329982757568,0.5127362012863159,45540000
2011-11-16,0.550000011920929,0.5808330178260803,0.5429999828338623,0.5546669960021973,0.5044010877609253,36810000
2011-11-17,0.550000011920929,0.5533329844474792,0.4721669852733612,0.4916670024394989,0.4471104145050049,73242000
2011-11-18,0.5018330216407776,0.5018330216407776,0.46950000524520874,0.47699999809265137,0.4337726831436157,32286000
2011-11-21,0.45683300495147705,0.4591670036315918,0.4300000071525574,0.4496670067310333,0.40891656279563904,39312000
2011-11-22,0.4446670114994049,0.45833298563957214,0.4251669943332672,0.4334999918937683,0.3942146897315979,28380000
2011-11-23,0.41966700553894043,0.42033299803733826,0.3923330008983612,0.3926669955253601,0.35708218812942505,31662000
2011-11-25,0.3886669874191284,0.40366700291633606,0.37633299827575684,0.37633299827575684,0.34222835302352905,22728000
2011-11-28,0.4198330044746399,0.42283299565315247,0.40266698598861694,0.4148330092430115,0.3772394061088562,23802000
2011-11-29,0.4186669886112213,0.4266670048236847,0.40233299136161804,0.40549999475479126,0.36875221133232117,23424000
2011-11-30,0.43849998712539673,0.47633299231529236,0.43849998712539673,0.47483301162719727,0.4318019449710846,51342000
2011-12-01,0.475832998752594,0.4873329997062683,0.4588330090045929,0.4830000102519989,0.4392288625240326,24264000
2011-12-02,0.49766701459884644,0.5061669945716858,0.47850000858306885,0.4798330068588257,0.43634888529777527,28338000
2011-12-05,0.503000020980835,0.5091670155525208,0.485166996717453,0.4946669936180115,0.44983863830566406,29232000
2011-12-06,0.4925000071525574,0.4996669888496399,0.47916701436042786,0.4916670024394989,0.4471104145050049,16620000
2011-12-07,0.485166996717453,0.5131670236587524,0.4733330011367798,0.5090000033378601,0.46287277340888977,20436000
2011-12-08,0.4943329989910126,0.5130000114440918,0.4620000123977661,0.4656670093536377,0.42346665263175964,26226000
2011-12-09,0.45583298802375793,0.48833298683166504,0.44133299589157104,0.48249998688697815,0.43877407908439636,35904000
2011-12-12,0.45283299684524536,0.45283299684524536,0.42716699838638306,0.44383299350738525,0.40361133217811584,28650000
2011-12-13,0.45066699385643005,0.45866701006889343,0.40583300590515137,0.41200000047683716,0.3746631443500519,41736000
2011-12-14,0.4099999964237213,0.4188329875469208,0.3855000138282776,0.39216700196266174,0.3566274344921112,31500000
2011-12-15,0.41383299231529236,0.4169999957084656,0.3855000138282776,0.391167014837265,0.3557179868221283,20004000
2011-12-16,0.40400001406669617,0.4161669909954071,0.39500001072883606,0.4003329873085022,0.364053338766098,18036000
2011-12-19,0.40450000762939453,0.40549999475479126,0.36500000953674316,0.3666670024394989,0.3334384262561798,36264000
2011-12-20,0.38850000500679016,0.4186669886112213,0.38850000500679016,0.41499999165534973,0.37739133834838867,36492000
2011-12-21,0.41449999809265137,0.41666701436042786,0.3858329951763153,0.4028330147266388,0.36632683873176575,24912000
2011-12-22,0.4090000092983246,0.44600000977516174,0.40766701102256775,0.4424999952316284,0.40239912271499634,28410000
2011-12-23,0.44383299350738525,0.4498330056667328,0.4334999918937683,0.44883298873901367,0.4081582725048065,15252000
2011-12-27,0.4424999952316284,0.4576669931411743,0.44166699051856995,0.4476670026779175,0.40709784626960754,19536000
2011-12-28,0.4429999887943268,0.44783300161361694,0.42500001192092896,0.42583298683166504,0.38724252581596375,23736000
2011-12-29,0.4341669976711273,0.43983298540115356,0.4241670072078705,0.438167005777359,0.3984587490558624,13962000
2011-12-30,0.43833300471305847,0.4433329999446869,0.4320000112056732,0.43266698718070984,0.39345720410346985,15528000
2012-01-03,0.46000000834465027,0.4699999988079071,0.4449999928474426,0.44850000739097595,0.40785545110702515,20838000
2012-01-04,0.4461669921875,0.4513329863548279,0.4313330054283142,0.44816699624061584,0.4075525104999542,19632000
2012-01-05,0.4465000033378601,0.46916699409484863,0.4440000057220459,0.4675000011920929,0.4251335859298706,25092000
2012-01-06,0.46733298897743225,0.4733330011367798,0.45649999380111694,0.47166699171066284,0.4289228916168213,19224000
2012-01-09,0.4796670079231262,0.5016670227050781,0.47666698694229126,0.4978330135345459,0.452717661857605,27516000
2012-01-10,0.5163329839706421,0.5226669907569885,0.507332980632782,0.5131670236587524,0.46666204929351807,20658000
2012-01-11,0.5034999847412109,0.5239999890327454,0.5024999976158142,0.5195000171661377,0.4724211096763611,16698000
2012-01-12,0.5288329720497131,0.5386670231819153,0.5133330225944519,0.5370000004768372,0.4883352816104889,20850000
2012-01-13,0.522333025932312,0.5226669907569885,0.4988330006599426,0.5019999742507935,0.4565070569515228,24198000
2012-01-17,0.5220000147819519,0.5248330235481262,0.5061669945716858,0.5084999799728394,0.46241796016693115,17028000
2012-01-18,0.5264999866485596,0.5878329873085022,0.5264999866485596,0.5833330154418945,0.5304693579673767,50442000
2012-01-19,0.6003329753875732,0.6216670274734497,0.5971670150756836,0.6191669702529907,0.5630561113357544,41148000
2012-01-20,0.6166669726371765,0.6313329935073853,0.6098330020904541,0.6281669735908508,0.5712404251098633,17694000
2012-01-23,0.6320000290870667,0.636667013168335,0.6078330278396606,0.6233329772949219,0.5668444633483887,22410000
2012-01-24,0.6131669878959656,0.6351670026779175,0.6098330020904541,0.6276670098304749,0.570785641670227,11994000
2012-01-25,0.6338329911231995,0.6416670083999634,0.6081669926643372,0.6358330249786377,0.5782117247581482,29904000
2012-01-26,0.6441670060157776,0.6543329954147339,0.6073330044746399,0.6161670088768005,0.56032794713974,22794000
2012-01-27,0.6085000038146973,0.6294999718666077,0.6051669716835022,0.6246669888496399,0.5680574178695679,9660000
2012-01-30,0.6103330254554749,0.6103330254554749,0.5833330154418945,0.6028329730033875,0.5482021570205688,15960000
2012-01-31,0.6188330054283142,0.6215000152587891,0.5931670069694519,0.6053329706192017,0.5504756569862366,17148000
2012-02-01,0.6256669759750366,0.6600000262260437,0.6226670145988464,0.6451669931411743,0.5866997241973877,39444000
2012-02-02,0.6549999713897705,0.6710000038146973,0.6463329792022705,0.6576669812202454,0.5980669856071472,22602000
2012-02-03,0.680167019367218,0.6951670050621033,0.6721670031547546,0.6855000257492065,0.6233776211738586,26310000
2012-02-06,0.6790000200271606,0.6796669960021973,0.652999997138977,0.6636670231819153,0.6035232543945312,16218000
2012-02-07,0.6533330082893372,0.6708329916000366,0.6433330178260803,0.6643329858779907,0.6041288375854492,18906000
2012-02-08,0.6685000061988831,0.7038329839706421,0.6685000061988831,0.6894999742507935,0.6270151138305664,28428000
2012-02-09,0.7008330225944519,0.7008330225944519,0.6788330078125,0.6955000162124634,0.6324714422225952,20448000
2012-02-10,0.6735000014305115,0.6775000095367432,0.6451669931411743,0.6524999737739563,0.5933682322502136,28206000
2012-02-13,0.6725000143051147,0.675000011920929,0.6343330144882202,0.6593329906463623,0.5995820760726929,18954000
2012-02-14,0.6526669859886169,0.6688330173492432,0.6499999761581421,0.6688330173492432,0.608221173286438,20418000
2012-02-15,0.6830000281333923,0.7024999856948853,0.675000011920929,0.6778330206871033,0.6164054870605469,32016000
2012-02-16,0.6733329892158508,0.7316669821739197,0.6733329892158508,0.7279999852180481,0.6620261073112488,32184000
2012-02-17,0.7458329796791077,0.7459999918937683,0.7045000195503235,0.7110000252723694,0.64656662940979,18594000
2012-02-21,0.7163329720497131,0.7166669964790344,0.6733329892158508,0.6825000047683716,0.6206493973731995,19566000
2012-02-22,0.6738330125808716,0.6911669969558716,0.6650000214576721,0.6721670031547546,0.6112528443336487,12120000
2012-02-23,0.6733329892158508,0.6794999837875366,0.6466670036315918,0.6761670112609863,0.6148903965950012,14346000
2012-02-24,0.6800000071525574,0.6909999847412109,0.6673330068588257,0.6711670160293579,0.6103436946868896,8700000
2012-02-27,0.6579999923706055,0.6863330006599426,0.6448330283164978,0.6718329787254333,0.6109492778778076,16248000
2012-02-28,0.6763330101966858,0.714667022228241,0.6763330101966858,0.7058330178260803,0.6418678760528564,25620000
2012-02-29,0.7083330154418945,0.7095000147819519,0.6690000295639038,0.6731669902801514,0.6121622323989868,17994000
2012-03-01,0.6851670145988464,0.6930000185966492,0.6653329730033875,0.6738330125808716,0.6127678155899048,11220000
2012-03-02,0.6686670184135437,0.6843330264091492,0.6499999761581421,0.6531670093536377,0.5939747095108032,15672000
2012-03-05,0.6464999914169312,0.6468330025672913,0.5979999899864197,0.6043329834938049,0.5495662689208984,37602000
2012-03-06,0.5771669745445251,0.590499997138977,0.5665000081062317,0.5860000252723694,0.532894492149353,25242000
2012-03-07,0.5961670279502869,0.6209999918937683,0.5914999842643738,0.6141669750213623,0.5585089921951294,33216000
2012-03-08,0.6333330273628235,0.6456670165061951,0.621999979019165,0.6403329968452454,0.5823038220405579,18336000
2012-03-09,0.6396669745445251,0.6626669764518738,0.6391670107841492,0.6610000133514404,0.6010979413986206,25692000
2012-03-12,0.661666989326477,0.661666989326477,0.6355000138282776,0.6430000066757202,0.5847292542457581,16902000
2012-03-13,0.6546670198440552,0.6846669912338257,0.6546670198440552,0.6846669912338257,0.6226200461387634,29352000
2012-03-14,0.6916670203208923,0.7113329768180847,0.6741669774055481,0.6784999966621399,0.6170119047164917,32916000
2012-03-15,0.6903330087661743,0.7203329801559448,0.6863330006599426,0.7168329954147339,0.6518711447715759,32976000
2012-03-16,0.7174999713897705,0.7256669998168945,0.7093330025672913,0.7183330059051514,0.6532352566719055,17574000
2012-03-19,0.7149999737739563,0.7444999814033508,0.711667001247406,0.7356669902801514,0.6689984202384949,17856000
2012-03-20,0.7188330292701721,0.7273330092430115,0.7024999856948853,0.7213330268859863,0.6559634804725647,16914000
2012-03-21,0.727167010307312,0.7378330230712891,0.7149999737739563,0.7283329963684082,0.6623291373252869,10542000
2012-03-22,0.713333010673523,0.722000002861023,0.6983330249786377,0.7158330082893372,0.6509617567062378,12330000
2012-03-23,0.7196670174598694,0.7216669917106628,0.6938329935073853,0.7213330268859863,0.6559634804725647,17070000
2012-03-26,0.7398329973220825,0.7518330216407776,0.725832998752594,0.7518330216407776,0.683699369430542,19938000
2012-03-27,0.7466670274734497,0.7674999833106995,0.7466670274734497,0.75,0.6820324659347534,11262000
2012-03-28,0.7491670250892639,0.7548329830169678,0.7076669931411743,0.7229999899864197,0.6574793457984924,20256000
2012-03-29,0.7096670269966125,0.728833019733429,0.6958330273628235,0.7253329753875732,0.6596007943153381,13368000
2012-03-30,0.7484999895095825,0.7484999895095825,0.7166669964790344,0.7336670160293579,0.6671794652938843,17772000
2012-04-02,0.7283329963684082,0.7403330206871033,0.7018330097198486,0.7329999804496765,0.6665729880332947,16848000
2012-04-03,0.7300000190734863,0.7300000190734863,0.6903330087661743,0.699167013168335,0.6358062624931335,24684000
2012-04-04,0.6723330020904541,0.6743329763412476,0.6341670155525208,0.6514999866485596,0.5924587249755859,43110000
2012-04-05,0.6489999890327454,0.663332998752594,0.6445000171661377,0.6576669812202454,0.5980669856071472,13242000
2012-04-09,0.6276670098304749,0.6355000138282776,0.6175000071525574,0.6303330063819885,0.5732100605964661,20418000
2012-04-10,0.6269999742507935,0.6424999833106995,0.5914999842643738,0.5973330140113831,0.5432005524635315,19278000
2012-04-11,0.6166669726371765,0.6383330225944519,0.6158329844474792,0.6251670122146606,0.5685122013092041,15714000
2012-04-12,0.6294999718666077,0.6675000190734863,0.6276670098304749,0.659500002861023,0.5997340083122253,29892000
2012-04-13,0.6513329744338989,0.6589999794960022,0.6238330006599426,0.6241670250892639,0.567602813243866,13854000
2012-04-16,0.640500009059906,0.6436669826507568,0.6085000038146973,0.6251670122146606,0.5685122013092041,26910000
2012-04-17,0.6380000114440918,0.6625000238418579,0.6380000114440918,0.6541669964790344,0.5948840379714966,25710000
2012-04-18,0.6328330039978027,0.646166980266571,0.6184999942779541,0.6378329992294312,0.5800303220748901,18018000
2012-04-19,0.6301670074462891,0.661666989326477,0.6050000190734863,0.6169999837875366,0.5610854029655457,19344000
2012-04-20,0.6175000071525574,0.617667019367218,0.5721669793128967,0.574167013168335,0.5221341848373413,40272000
2012-04-23,0.5534999966621399,0.554332971572876,0.5356670022010803,0.5531669855117798,0.5030369758605957,27534000
2012-04-24,0.5603330135345459,0.5608329772949219,0.5336670279502869,0.5398330092430115,0.49091148376464844,19170000
2012-04-25,0.566332995891571,0.5796669721603394,0.5575000047683716,0.5758330225944519,0.5236489176750183,29502000
2012-04-26,0.5803329944610596,0.618166983127594,0.5803329944610596,0.6146669983863831,0.5589638352394104,28902000
2012-04-27,0.6136670112609863,0.6209999918937683,0.5964999794960022,0.6151670217514038,0.5594184398651123,29844000
2012-04-30,0.6136670112609863,0.6151670217514038,0.6050000190734863,0.6051669716835022,0.5503246784210205,15000000
2012-05-01,0.6050000190734863,0.6273329854011536,0.5998330116271973,0.6123329997062683,0.5568413734436035,19788000
2012-05-02,0.6000000238418579,0.625,0.5958330035209656,0.6208329796791077,0.5645709037780762,15480000
2012-05-03,0.6234999895095825,0.6248329877853394,0.5740000009536743,0.5763329863548279,0.5241036415100098,26280000
2012-05-04,0.5674999952316284,0.5766670107841492,0.5375000238418579,0.5391669869422913,0.4903058409690857,31662000
2012-05-07,0.5311669707298279,0.5475000143051147,0.5311669707298279,0.5358330011367798,0.48727402091026306,21600000
2012-05-08,0.5256670117378235,0.5301669836044312,0.4931670129299164,0.5264999866485596,0.4787866473197937,33234000
2012-05-09,0.5023329854011536,0.5285000205039978,0.48833298683166504,0.5220000147819519,0.4746944308280945,33318000
2012-05-10,0.5325000286102295,0.5325000286102295,0.5028330087661743,0.5153329968452454,0.4686316251754761,21144000
2012-05-11,0.512499988079071,0.5450000166893005,0.5106670260429382,0.5263329744338989,0.47863492369651794,23736000
2012-05-14,0.5105000138282776,0.5203329920768738,0.5033329725265503,0.5108330249786377,0.46453970670700073,18600000
2012-05-15,0.5088329911231995,0.5231670141220093,0.49149999022483826,0.4946669936180115,0.44983863830566406,18522000
2012-05-16,0.49916699528694153,0.5044999718666077,0.4699999988079071,0.4718329906463623,0.4290738105773926,32856000
2012-05-17,0.4746670126914978,0.476500004529953,0.43766701221466064,0.43766701221466064,0.3980041742324829,27282000
2012-05-18,0.44633299112319946,0.44783300161361694,0.4108330011367798,0.41350001096725464,0.3760271668434143,48906000
2012-05-21,0.41533300280570984,0.44666698575019836,0.413332998752594,0.44483301043510437,0.4045206308364868,43740000
2012-05-22,0.44566699862480164,0.44566699862480164,0.4269999861717224,0.43616700172424316,0.39664003252983093,29538000
2012-05-23,0.42066699266433716,0.4424999952316284,0.4099999964237213,0.44133299589157104,0.4013378620147705,27300000
2012-05-24,0.44200000166893005,0.4440000057220459,0.41499999165534973,0.42399999499320984,0.3855757415294647,28086000
2012-05-25,0.4235000014305115,0.4440000057220459,0.42316699028015137,0.4393329918384552,0.3995191156864166,21594000
2012-05-29,0.4526669979095459,0.47133299708366394,0.4513329863548279,0.46516698598861694,0.4230118691921234,18396000
2012-05-30,0.452333003282547,0.4526669979095459,0.4353330135345459,0.4399999976158142,0.4001256823539734,22146000
2012-05-31,0.43733298778533936,0.44016700983047485,0.41233301162719727,0.4253329932689667,0.38678786158561707,21192000
2012-06-01,0.40400001406669617,0.40516701340675354,0.375,0.37549999356269836,0.341470867395401,45294000
2012-06-04,0.3768329918384552,0.38850000500679016,0.36033299565315247,0.3703329861164093,0.33677220344543457,27960000
2012-06-05,0.3716669976711273,0.39899998903274536,0.3716669976711273,0.3953329920768738,0.3595065474510193,36054000
2012-06-06,0.4068329930305481,0.4371669888496399,0.4056670069694519,0.4353330135345459,0.39588168263435364,41736000
2012-06-07,0.4505000114440918,0.45583298802375793,0.4158329963684082,0.4176670014858246,0.37981659173965454,32898000
2012-06-08,0.40983301401138306,0.4375,0.4083330035209656,0.4359999895095825,0.3964883089065552,22326000
2012-06-11,0.4538330137729645,0.45583298802375793,0.4096669852733612,0.4111669957637787,0.3739056885242462,29760000
2012-06-12,0.4171670079231262,0.43950000405311584,0.4158329963684082,0.43916699290275574,0.39936819672584534,36006000
2012-06-13,0.43299999833106995,0.4433329999446869,0.41933301091194153,0.4241670072078705,0.38572752475738525,21486000
2012-06-14,0.4256669878959656,0.429500013589859,0.40733298659324646,0.42283299565315247,0.3845144510269165,21318000
2012-06-15,0.42399999499320984,0.44350001215934753,0.42316699028015137,0.4418329894542694,0.40179261565208435,16392000
2012-06-18,0.43366700410842896,0.46866700053215027,0.43366700410842896,0.4625000059604645,0.42058658599853516,31980000
2012-06-19,0.4736669957637787,0.48399999737739563,0.46483299136161804,0.47666698694229126,0.43346983194351196,23340000
2012-06-20,0.48033300042152405,0.4981670081615448,0.47749999165534973,0.4928329885005951,0.4481707513332367,39066000
2012-06-21,0.4876669943332672,0.48833298683166504,0.4300000071525574,0.43116700649261475,0.3920932412147522,48192000
2012-06-22,0.43833300471305847,0.45399999618530273,0.43666699528694153,0.4490000009536743,0.40831005573272705,21888000
2012-06-25,0.43766701221466064,0.43799999356269836,0.40366700291633606,0.4056670069694519,0.36890408396720886,41736000
2012-06-26,0.4111669957637787,0.4169999957084656,0.3963330090045929,0.4093329906463623,0.37223783135414124,24744000
2012-06-27,0.4158329963684082,0.4300000071525574,0.41166698932647705,0.42616701126098633,0.38754621148109436,23748000
2012-06-28,0.41233301162719727,0.42216700315475464,0.40083301067352295,0.4176670014858246,0.37981659173965454,30120000
2012-06-29,0.4490000009536743,0.4708330035209656,0.44633299112319946,0.4699999988079071,0.4274069666862488,48804000
2012-07-02,0.47916701436042786,0.4823330044746399,0.4598329961299896,0.4681670069694519,0.42574000358581543,17688000
2012-07-03,0.4733330011367798,0.4894999861717224,0.4690000116825104,0.4894999861717224,0.4451398551464081,18162000
2012-07-05,0.47883298993110657,0.4830000102519989,0.4620000123977661,0.4761669933795929,0.4330151379108429,17106000
2012-07-06,0.4631670117378235,0.46483299136161804,0.4291670024394989,0.44133299589157104,0.4013378620147705,30462000
2012-07-09,0.4363330006599426,0.4428330063819885,0.41933301091194153,0.4259999990463257,0.3873944580554962,25698000
2012-07-10,0.41633298993110657,0.4309999942779541,0.3883329927921295,0.39616701006889343,0.36026501655578613,48462000
2012-07-11,0.39966699481010437,0.40299999713897705,0.3783330023288727,0.38383299112319946,0.3490487337112427,34476000
2012-07-12,0.375667005777359,0.3761669993400574,0.3561669886112213,0.36649999022483826,0.33328649401664734,49020000
2012-07-13,0.3691670000553131,0.37950000166893005,0.367000013589859,0.37583300471305847,0.34177377820014954,30048000
2012-07-16,0.3706670105457306,0.3706670105457306,0.3551670014858246,0.36333298683166504,0.33040651679039,27762000
2012-07-17,0.3700000047683716,0.37083300948143005,0.3403330147266388,0.3583329916000366,0.3258596360683441,49782000
2012-07-18,0.35383298993110657,0.4021669924259186,0.3526670038700104,0.39466699957847595,0.35890093445777893,82602000
2012-07-19,0.41166698932647705,0.4288330078125,0.41166698932647705,0.4198330044746399,0.3817863166332245,54054000
2012-07-20,0.4183329939842224,0.42066699266433716,0.39833301305770874,0.3988330066204071,0.36268940567970276,30600000
2012-07-23,0.37333300709724426,0.3935000002384186,0.35933300852775574,0.3869999945163727,0.3519287109375,36108000
2012-07-24,0.38999998569488525,0.3930000066757202,0.3716669976711273,0.3833329975605011,0.348594069480896,30174000
2012-07-25,0.39149999618530273,0.41916701197624207,0.3913330137729645,0.40366700291633606,0.3670852780342102,43992000
2012-07-26,0.4288330078125,0.4408330023288727,0.41999998688697815,0.4320000112056732,0.39285072684288025,42372000
2012-07-27,0.43833300471305847,0.46583300828933716,0.4318329989910126,0.4620000123977661,0.42013198137283325,44328000
2012-07-30,0.4625000059604645,0.4728330075740814,0.44200000166893005,0.4498330056667328,0.40906763076782227,21042000
2012-07-31,0.4643329977989197,0.476500004529953,0.45833298563957214,0.46050000190734863,0.41876792907714844,64002000
2012-08-01,0.4681670069694519,0.47350001335144043,0.44999998807907104,0.45966699719429016,0.4180103540420532,20508000
2012-08-02,0.44600000977516174,0.47666698694229126,0.4406670033931732,0.45533299446105957,0.41406914591789246,21774000
2012-08-03,0.47666698694229126,0.4916670024394989,0.4666669964790344,0.4833329916000366,0.43953174352645874,25608000
2012-08-06,0.4925000071525574,0.49950000643730164,0.4881669878959656,0.49183300137519836,0.44726136326789856,15390000
2012-08-07,0.5013329982757568,0.5333330035209656,0.5013329982757568,0.5214999914169312,0.4742397367954254,31686000
2012-08-08,0.5166670083999634,0.5295000076293945,0.5139999985694885,0.5285000205039978,0.48060548305511475,15552000
2012-08-09,0.5256670117378235,0.5411670207977295,0.5249999761581421,0.5381669998168945,0.4893963634967804,14832000
2012-08-10,0.536666989326477,0.546999990940094,0.5329999923706055,0.5451670289039612,0.4957619607448578,13224000
2012-08-13,0.5451670289039612,0.5451670289039612,0.5148329734802246,0.5346670150756836,0.48621371388435364,17268000
2012-08-14,0.5441669821739197,0.5453330278396606,0.5133330225944519,0.5199999809265137,0.4728758633136749,21054000
2012-08-15,0.5078330039978027,0.5361670255661011,0.5078330039978027,0.5288329720497131,0.48090824484825134,13752000
2012-08-16,0.5286669731140137,0.5566669702529907,0.5273330211639404,0.5563330054283142,0.5059161186218262,14346000
2012-08-17,0.5529999732971191,0.5529999732971191,0.5371670126914978,0.5451670289039612,0.4957619607448578,16194000
2012-08-20,0.5411670207977295,0.5418329834938049,0.5198330283164978,0.5308330059051514,0.4827269911766052,60024000
2012-08-21,0.5368329882621765,0.5531669855117798,0.5263329744338989,0.5320000052452087,0.48378825187683105,14460000
2012-08-22,0.5238329768180847,0.5283330082893372,0.5105000138282776,0.5208330154418945,0.47363346815109253,16560000
2012-08-23,0.5163329839706421,0.5181670188903809,0.5009999871253967,0.5103330016136169,0.4640848934650421,12726000
2012-08-24,0.5049999952316284,0.522333025932312,0.5,0.5186669826507568,0.4716637432575226,11352000
2012-08-27,0.5239999890327454,0.5245000123977661,0.5058330297470093,0.5139999985694885,0.46741950511932373,7974000
2012-08-28,0.5076670050621033,0.5189999938011169,0.5049999952316284,0.5126670002937317,0.4662073850631714,10518000
2012-08-29,0.5108330249786377,0.5198330283164978,0.5016670227050781,0.5136669874191284,0.46711674332618713,8772000
2012-08-30,0.5049999952316284,0.5049999952316284,0.48533299565315247,0.4881669878959656,0.4439275860786438,13566000
2012-08-31,0.4984999895095825,0.5134999752044678,0.48583298921585083,0.507332980632782,0.4613567590713501,18720000
2012-09-04,0.5059999823570251,0.5071669816970825,0.47749999165534973,0.4956670105457306,0.45074793696403503,33096000
2012-09-05,0.49300000071525574,0.5026670098304749,0.4790000021457672,0.48466700315475464,0.4407447576522827,15120000
2012-09-06,0.4970000088214874,0.5386670231819153,0.4970000088214874,0.5363330245018005,0.4877285659313202,33888000
2012-09-07,0.5288329720497131,0.5323330163955688,0.5151669979095459,0.5263329744338989,0.47863492369651794,13488000
2012-09-10,0.5180000066757202,0.5198330283164978,0.4956670105457306,0.4988330006599426,0.45362699031829834,19014000
2012-09-11,0.5040000081062317,0.5139999985694885,0.49549999833106995,0.507332980632782,0.4613567590713501,15582000
2012-09-12,0.511667013168335,0.5221670269966125,0.5028330087661743,0.5105000138282776,0.4642367959022522,18390000
2012-09-13,0.5076670050621033,0.5296670198440552,0.4970000088214874,0.5246670246124268,0.4771198034286499,30066000
2012-09-14,0.5336670279502869,0.5619999766349792,0.5323330163955688,0.5448330044746399,0.49545833468437195,22680000
2012-09-17,0.5523329973220825,0.5523329973220825,0.522832989692688,0.5298330187797546,0.48181769251823425,13680000
2012-09-18,0.525833010673523,0.5283330082893372,0.5170000195503235,0.5224999785423279,0.47514933347702026,8472000
2012-09-19,0.5231670141220093,0.5235000252723694,0.5099999904632568,0.512499988079071,0.466055691242218,11808000
2012-09-20,0.5059999823570251,0.5084999799728394,0.49000000953674316,0.49916699528694153,0.45393073558807373,18546000
2012-09-21,0.507332980632782,0.5163329839706421,0.499332994222641,0.4996669888496399,0.4543854296207428,10662000
2012-09-24,0.4866670072078705,0.48933300375938416,0.47166699171066284,0.477167010307312,0.4339245557785034,20208000
2012-09-25,0.4830000102519989,0.4880000054836273,0.4406670033931732,0.4406670033931732,0.4007321894168854,29880000
2012-09-26,0.4316670000553131,0.4359999895095825,0.4148330092430115,0.43299999833106995,0.3937600553035736,29124000
2012-09-27,0.4428330063819885,0.46549999713897705,0.43516701459884644,0.4620000123977661,0.42013198137283325,22788000
2012-09-28,0.45649999380111694,0.46000000834465027,0.44783300161361694,0.4493330121040344,0.4086128771305084,18846000
2012-10-01,0.4569999873638153,0.46516698598861694,0.44233301281929016,0.445499986410141,0.4051271975040436,17454000
2012-10-02,0.4561670124530792,0.4566670060157776,0.4424999952316284,0.45350000262260437,0.41240227222442627,12186000
2012-10-03,0.45866701006889343,0.45866701006889343,0.4429999887943268,0.44600000977516174,0.40558192133903503,11076000
2012-10-04,0.4501670002937317,0.45750001072883606,0.4403330087661743,0.4563330113887787,0.4149784743785858,13104000
2012-10-05,0.4631670117378235,0.47633299231529236,0.45100000500679016,0.4544999897480011,0.41331157088279724,21108000
2012-10-08,0.44666698575019836,0.44783300161361694,0.4343329966068268,0.4393329918384552,0.3995191156864166,13800000
2012-10-09,0.43583300709724426,0.43583300709724426,0.414667010307312,0.4186669886112213,0.3807259798049927,26988000
2012-10-10,0.4154999852180481,0.41850000619888306,0.4006670117378235,0.4013330042362213,0.36496278643608093,33456000
2012-10-11,0.41566699743270874,0.41666701436042786,0.40333300828933716,0.4038330018520355,0.36723625659942627,24282000
2012-10-12,0.40233299136161804,0.4083330035209656,0.3966670036315918,0.3970000147819519,0.3610224425792694,20214000
2012-10-15,0.40266698598861694,0.41666701436042786,0.40266698598861694,0.4143329858779907,0.37678465247154236,23754000
2012-10-16,0.41749998927116394,0.4424999952316284,0.41749998927116394,0.4410000145435333,0.4010350704193115,25398000
2012-10-17,0.42966699600219727,0.4461669921875,0.4273329973220825,0.43799999356269836,0.3983069360256195,19134000
2012-10-18,0.43266698718070984,0.43799999356269836,0.41999998688697815,0.4269999861717224,0.3883037567138672,17580000
2012-10-19,0.4238330125808716,0.4241670072078705,0.38966700434684753,0.39033299684524536,0.354959636926651,56556000
2012-10-22,0.39583298563957214,0.4006670117378235,0.38416698575019836,0.38966700434684753,0.3543540835380554,23040000
2012-10-23,0.37766700983047485,0.39616701006889343,0.37333300709724426,0.39333298802375793,0.3576878309249878,41184000
2012-10-24,0.4059999883174896,0.4059999883174896,0.37483298778533936,0.37516701221466064,0.341168075799942,38772000
2012-10-25,0.3941670060157776,0.3941670060157776,0.37883299589157104,0.39033299684524536,0.354959636926651,27804000
2012-10-26,0.38999998569488525,0.4038330018520355,0.38666701316833496,0.39583298563957214,0.35996124148368835,28536000
2012-10-31,0.4000000059604645,0.4046669900417328,0.3916670083999634,0.3953329920768738,0.3595065474510193,17892000
2012-11-01,0.4000000059604645,0.43666699528694153,0.39649999141693115,0.4356670081615448,0.39618533849716187,59682000
2012-11-02,0.4371669888496399,0.44016700983047485,0.4111669957637787,0.41133299469947815,0.37405651807785034,29826000
2012-11-05,0.4108330011367798,0.4353330135345459,0.4074999988079071,0.4318329989910126,0.3926987648010254,21156000
2012-11-06,0.4359999895095825,0.4538330137729645,0.4318329989910126,0.4490000009536743,0.40831005573272705,36810000
2012-11-07,0.43016698956489563,0.4356670081615448,0.4059999883174896,0.4151670038700104,0.3775430917739868,49578000
2012-11-08,0.4216670095920563,0.4230000078678131,0.4000000059604645,0.4000000059604645,0.3637506365776062,29484000
2012-11-09,0.398499995470047,0.41783300042152405,0.397832989692688,0.4028330147266388,0.36632683873176575,39966000
2012-11-12,0.41233301162719727,0.41316699981689453,0.39466699957847595,0.4031670093536377,0.3666306734085083,20754000
2012-11-13,0.39583298563957214,0.4043329954147339,0.39183300733566284,0.3944999873638153,0.35874903202056885,25692000
2012-11-14,0.40233299136161804,0.40583300590515137,0.3725000023841858,0.37516701221466064,0.341168075799942,41352000
2012-11-15,0.37700000405311584,0.38016700744628906,0.3580000102519989,0.3598330020904541,0.3272237181663513,44232000
2012-11-16,0.36649999022483826,0.36649999022483826,0.34116700291633606,0.36033299565315247,0.3276783525943756,43050000
2012-11-19,0.37599998712539673,0.38199999928474426,0.3693329989910126,0.3808329999446869,0.34632065892219543,43926000
2012-11-20,0.37599998712539673,0.37916699051856995,0.3659999966621399,0.3783330023288727,0.3440471589565277,28992000
2012-11-21,0.3799999952316284,0.3840000033378601,0.3753330111503601,0.38016700744628906,0.3457149565219879,13506000
2012-11-23,0.38749998807907104,0.405333012342453,0.38666701316833496,0.39966699481010437,0.36344778537750244,39354000
2012-11-26,0.39899998903274536,0.4083330035209656,0.3959999978542328,0.40633299946784973,0.3695097863674164,27870000
2012-11-27,0.4083330035209656,0.414000004529953,0.4003329873085022,0.40149998664855957,0.36511465907096863,26604000
2012-11-28,0.3959999978542328,0.41666701436042786,0.3846670091152191,0.4154999852180481,0.37784600257873535,30288000
2012-11-29,0.42149999737739563,0.42649999260902405,0.41100001335144043,0.4189999997615814,0.38102880120277405,28662000
2012-11-30,0.4186669886112213,0.4241670072078705,0.4129999876022339,0.4173330068588257,0.37951284646987915,17814000
2012-12-03,0.4251669943332672,0.42866700887680054,0.4099999964237213,0.4118329882621765,0.3745112121105194,20892000
2012-12-04,0.4136669933795929,0.42250001430511475,0.40549999475479126,0.4188329875469208,0.3808768689632416,11244000
2012-12-05,0.41533300280570984,0.4235000014305115,0.4090000092983246,0.4161669909954071,0.37845247983932495,11466000
2012-12-06,0.41816699504852295,0.4320000112056732,0.41666701436042786,0.4309999942779541,0.3919413387775421,22764000
2012-12-07,0.4356670081615448,0.43766701221466064,0.4251669943332672,0.4338330030441284,0.39451754093170166,12366000
2012-12-10,0.4320000112056732,0.44566699862480164,0.4320000112056732,0.4418329894542694,0.40179261565208435,10578000
2012-12-11,0.44816699624061584,0.4715000092983246,0.44783300161361694,0.4684999883174896,0.42604291439056396,43932000
2012-12-12,0.4776670038700104,0.4776670038700104,0.45966699719429016,0.46299999952316284,0.4210413694381714,21654000
2012-12-13,0.4601669907569885,0.4740000069141388,0.44449999928474426,0.44999998807907104,0.4092194139957428,27486000
2012-12-14,0.44383299350738525,0.4505000114440918,0.43366700410842896,0.4406670033931732,0.4007321894168854,18882000
2012-12-17,0.44266700744628906,0.45183300971984863,0.4346669912338257,0.4458329975605011,0.4054301083087921,17166000
2012-12-18,0.4569999873638153,0.4703330099582672,0.44566699862480164,0.46650001406669617,0.42422419786453247,29934000
2012-12-19,0.4684999883174896,0.48283299803733826,0.4684999883174896,0.47016701102256775,0.4275588393211365,24540000
2012-12-20,0.46950000524520874,0.47200000286102295,0.4569999873638153,0.4693329930305481,0.4268004298210144,15660000
2012-12-21,0.44666698575019836,0.4563330113887787,0.4300000071525574,0.4544999897480011,0.41331157088279724,23190000
2012-12-24,0.4620000123977661,0.4715000092983246,0.4449999928474426,0.4505000114440918,0.40967416763305664,9054000
2012-12-26,0.4519999921321869,0.461667001247406,0.43883299827575684,0.4403330087661743,0.4004284739494324,11136000
2012-12-27,0.4390000104904175,0.4396669864654541,0.4183329939842224,0.43333300948143005,0.394062876701355,24114000
2012-12-28,0.42333298921585083,0.4386669993400574,0.42149999737739563,0.42583298683166504,0.38724252581596375,12612000
2012-12-31,0.42983299493789673,0.4511669874191284,0.42250001430511475,0.44816699624061584,0.4075525104999542,29208000
2013-01-02,0.47533300518989563,0.5055000185966492,0.4749999940395355,0.5051670074462891,0.45938706398010254,59640000
2013-01-03,0.5033329725265503,0.5078330039978027,0.4903329908847809,0.49616700410842896,0.4512026607990265,23976000
2013-01-04,0.4975000023841858,0.4996669888496399,0.48566699028015137,0.4945000112056732,0.4496867060661316,14664000
2013-01-07,0.4913330078125,0.4959999918937683,0.4793330132961273,0.4894999861717224,0.4451398551464081,14658000
2013-01-08,0.48566699028015137,0.49216699600219727,0.47166699171066284,0.4733330011367798,0.43043792247772217,20568000
2013-01-09,0.47633299231529236,0.4878329932689667,0.47633299231529236,0.4873329997062683,0.44316914677619934,15072000
2013-01-10,0.5033329725265503,0.5098329782485962,0.49516698718070984,0.5070000290870667,0.46105384826660156,31482000
2013-01-11,0.5013329982757568,0.5166670083999634,0.5013329982757568,0.5158330202102661,0.4690866470336914,11706000
2013-01-14,0.5008329749107361,0.515999972820282,0.4984999895095825,0.5115000009536743,0.46514609456062317,11772000
2013-01-15,0.5053330063819885,0.505666971206665,0.4966669976711273,0.503832995891571,0.4581739902496338,11472000
2013-01-16,0.5061669945716858,0.5249999761581421,0.5021669864654541,0.5201669931411743,0.47302770614624023,16008000
2013-01-17,0.5323330163955688,0.5541669726371765,0.5286669731140137,0.5531669855117798,0.5030369758605957,35070000
2013-01-18,0.5408329963684082,0.5498329997062683,0.5350000262260437,0.5443329811096191,0.49500375986099243,25674000
2013-01-22,0.5441669821739197,0.5441669821739197,0.5295000076293945,0.5394999980926514,0.4906086325645447,14790000
2013-01-23,0.5458329916000366,0.5584999918937683,0.541333019733429,0.5571669936180115,0.506674587726593,19140000
2013-01-24,0.5343329906463623,0.5566669702529907,0.5299999713897705,0.5423330068588257,0.4931848645210266,15810000
2013-01-25,0.5478330254554749,0.570667028427124,0.5478330254554749,0.5625,0.5115242600440979,17778000
2013-01-28,0.5683330297470093,0.5720000267028809,0.5608329772949219,0.566332995891571,0.5150100588798523,9876000
2013-01-29,0.5608329772949219,0.5618330240249634,0.5491669774055481,0.5558329820632935,0.5054615139961243,12882000
2013-01-30,0.5533329844474792,0.5674999952316284,0.5533329844474792,0.558667004108429,0.5080386996269226,14028000
2013-01-31,0.5576670169830322,0.5668330192565918,0.5491669774055481,0.5536670088768005,0.5034917593002319,17040000
2013-02-01,0.5673329830169678,0.5855000019073486,0.5634999871253967,0.5831670165061951,0.5303184390068054,23550000
2013-02-04,0.5699999928474426,0.5879999995231628,0.5565000176429749,0.5578330159187317,0.5072802305221558,17340000
2013-02-05,0.5683330297470093,0.588333010673523,0.5649999976158142,0.5841670036315918,0.5312277674674988,13062000
2013-02-06,0.5751670002937317,0.5899999737739563,0.5728330016136169,0.5873330235481262,0.5341067910194397,8304000
2013-02-07,0.5926669836044312,0.5926669836044312,0.5633329749107361,0.5796669721603394,0.5271356105804443,14106000
2013-02-08,0.5833330154418945,0.6035000085830688,0.5833330154418945,0.602167010307312,0.5475964546203613,20130000
2013-02-11,0.6031669974327087,0.6088330149650574,0.5943329930305481,0.6048330068588257,0.5500208139419556,7806000
2013-02-12,0.6048330068588257,0.6118329763412476,0.5983330011367798,0.6086670160293579,0.5535074472427368,12744000
2013-02-13,0.6154999732971191,0.6216670274734497,0.602167010307312,0.6134999990463257,0.5579025149345398,9024000
2013-02-14,0.6043329834938049,0.631833016872406,0.6033329963684082,0.6309999823570251,0.5738164782524109,8382000
2013-02-15,0.6341670155525208,0.6368330121040344,0.6121670007705688,0.6188330054283142,0.5627521276473999,15144000
2013-02-19,0.621167004108429,0.6424999833106995,0.6194999814033508,0.6411669850349426,0.5830622911453247,14514000
2013-02-20,0.6416670083999634,0.6449999809265137,0.5981670022010803,0.5981670022010803,0.5439590215682983,25884000
2013-02-21,0.5816670060157776,0.5901669859886169,0.5538330078125,0.565500020980835,0.5142523050308228,27420000
2013-02-22,0.5814999938011169,0.6031669974327087,0.5770000219345093,0.600832998752594,0.5463835000991821,29910000
2013-02-25,0.6150000095367432,0.6188330054283142,0.5665000081062317,0.5665000081062317,0.5151616930961609,27048000
2013-02-26,0.5691670179367065,0.584833025932312,0.5648329854011536,0.5806670188903809,0.5280449986457825,17646000
2013-02-27,0.5835000276565552,0.6158329844474792,0.5803329944610596,0.6066669821739197,0.5516888499259949,12156000
2013-02-28,0.6019999980926514,0.6225000023841858,0.6019999980926514,0.6221669912338257,0.5657840371131897,18894000
2013-03-01,0.5926669836044312,0.6083329916000366,0.5761669874191284,0.6001669764518738,0.5457776784896851,21294000
2013-03-04,0.6031669974327087,0.6053329706192017,0.5835000276565552,0.5976669788360596,0.5435044169425964,10890000
2013-03-05,0.6136670112609863,0.6359999775886536,0.6134999990463257,0.6316670179367065,0.57442307472229,24552000
2013-03-06,0.6449999809265137,0.6453329920768738,0.6286669969558716,0.6345000267028809,0.5769995450973511,22008000
2013-03-07,0.6411669850349426,0.6524999737739563,0.636667013168335,0.6426669955253601,0.58442622423172,15654000
2013-03-08,0.6583330035209656,0.6583330035209656,0.6274999976158142,0.6441670060157776,0.5857903957366943,29580000
2013-03-11,0.6408330202102661,0.6493330001831055,0.6291670203208923,0.6471670269966125,0.588518500328064,9966000
2013-03-12,0.6381670236587524,0.6575000286102295,0.6381670236587524,0.6568329930305481,0.5973085165023804,10350000
2013-03-13,0.6549999713897705,0.6664999723434448,0.6441670060157776,0.6626669764518738,0.6026138067245483,12882000
2013-03-14,0.6698330044746399,0.6813330054283142,0.6668329834938049,0.6718329787254333,0.6109492778778076,10014000
2013-03-15,0.6718329787254333,0.6718329787254333,0.6330000162124634,0.6391670107841492,0.5812435150146484,22080000
2013-03-18,0.6126670241355896,0.6305000185966492,0.6046670079231262,0.613332986831665,0.5577505826950073,22266000
2013-03-19,0.6231669783592224,0.6255000233650208,0.590499997138977,0.6061670184135437,0.5512340068817139,18228000
2013-03-20,0.6200000047683716,0.6333330273628235,0.6179999709129333,0.6299999952316284,0.5729072093963623,21108000
2013-03-21,0.6281669735908508,0.6281669735908508,0.5981670022010803,0.6001669764518738,0.5457776784896851,20580000
2013-03-22,0.6100000143051147,0.6291670203208923,0.6081669926643372,0.6190000176429749,0.5629040002822876,14652000
2013-03-25,0.6320000290870667,0.6414999961853027,0.6060000061988831,0.6158329844474792,0.560024082660675,13764000
2013-03-26,0.6208329796791077,0.6338329911231995,0.6208329796791077,0.6328330039978027,0.5754835605621338,9618000
2013-03-27,0.6225000023841858,0.637499988079071,0.6103330254554749,0.6355000138282776,0.5779086351394653,9366000
2013-03-28,0.6456670165061951,0.6499999761581421,0.6274999976158142,0.6470000147819519,0.5883666276931763,11640000
2013-04-01,0.637499988079071,0.6433330178260803,0.6046670079231262,0.6104999780654907,0.5551744103431702,14892000
2013-04-02,0.628000020980835,0.628000020980835,0.5863329768180847,0.5929999947547913,0.5392602682113647,23736000
2013-04-03,0.6166669726371765,0.6166669726371765,0.5511670112609863,0.5573329925537109,0.5068257451057434,25308000
2013-04-04,0.5580000281333923,0.5799999833106995,0.5461670160293579,0.5786669850349426,0.5262262225151062,17364000
2013-04-05,0.550832986831665,0.5731670260429382,0.5391669869422913,0.5703330039978027,0.5186475515365601,27174000
2013-04-08,0.5641670227050781,0.5913329720497131,0.5569999814033508,0.5913329720497131,0.537744402885437,14004000
2013-04-09,0.5858330130577087,0.6200000047683716,0.5808330178260803,0.6075000166893005,0.5524462461471558,19890000
2013-04-10,0.613332986831665,0.6488329768180847,0.6129999756813049,0.6464999914169312,0.5879120230674744,29310000
2013-04-11,0.6396669745445251,0.6520000100135803,0.6278330087661743,0.6401669979095459,0.5821529626846313,13578000
2013-04-12,0.6248329877853394,0.6365000009536743,0.6091669797897339,0.630666971206665,0.5735138654708862,11412000
2013-04-15,0.6140000224113464,0.6255000233650208,0.5823330283164978,0.5856670141220093,0.5325919985771179,22998000
2013-04-16,0.6001669764518738,0.6225000023841858,0.5943329930305481,0.6208329796791077,0.5645709037780762,15036000
2013-04-17,0.5966669917106628,0.5966669917106628,0.5521669983863831,0.5596669912338257,0.5089480876922607,26514000
2013-04-18,0.5743330121040344,0.5881670117378235,0.5416669845581055,0.5444999933242798,0.4951556324958801,19272000
2013-04-19,0.5503330230712891,0.5613330006599426,0.5326669812202454,0.5575000047683716,0.506977379322052,22866000
2013-04-22,0.5616670250892639,0.5808330178260803,0.539667010307312,0.5745000243186951,0.5224366784095764,22254000
2013-04-23,0.5833330154418945,0.6143329739570618,0.5833330154418945,0.6115000247955322,0.5560837984085083,29820000
2013-04-24,0.6004999876022339,0.6393330097198486,0.6004999876022339,0.6334999799728394,0.5760901570320129,17994000
2013-04-25,0.6401669979095459,0.6639999747276306,0.6383330225944519,0.6520000100135803,0.5929135680198669,18084000
2013-04-26,0.6340000033378601,0.6411669850349426,0.6269999742507935,0.6341670155525208,0.576696515083313,9282000
2013-04-29,0.6333330273628235,0.6608330011367798,0.6333330273628235,0.6558330059051514,0.5963990688323975,10020000
2013-04-30,0.6623330116271973,0.6753330230712891,0.6466670036315918,0.6753330230712891,0.6141319870948792,9654000
2013-05-01,0.6786670088768005,0.6786670088768005,0.6541669964790344,0.6563330292701721,0.5968539714813232,9882000
2013-05-02,0.6716669797897339,0.6865000128746033,0.6585000157356262,0.6834999918937683,0.621558666229248,12612000
2013-05-03,0.7074999809265137,0.7166669964790344,0.7008330225944519,0.7033330202102661,0.639594554901123,21360000
2013-05-06,0.7170000076293945,0.7260000109672546,0.7081670165061951,0.7174999713897705,0.6524778008460999,17496000
2013-05-07,0.7279999852180481,0.7279999852180481,0.7048329710960388,0.7164999842643738,0.6515683531761169,10182000
2013-05-08,0.7166669964790344,0.7458329796791077,0.7160000205039978,0.7446669936180115,0.6771827936172485,10608000
2013-05-09,0.7448329925537109,0.7664999961853027,0.7419999837875366,0.7565000057220459,0.6879434585571289,15090000
2013-05-10,0.7636669874191284,0.7773330211639404,0.7618330121040344,0.777167022228241,0.7067375183105469,12012000
2013-05-13,0.7791669964790344,0.7791669964790344,0.7505000233650208,0.753832995891571,0.6855180859565735,14652000
2013-05-14,0.7599999904632568,0.7699999809265137,0.7515000104904175,0.7653329968452454,0.6959758400917053,11418000
2013-05-15,0.7653329968452454,0.7954999804496765,0.7583330273628235,0.7856670022010803,0.7144671678543091,8250000
2013-05-16,0.7921670079231262,0.7983329892158508,0.7678329944610596,0.7706670165061951,0.7008263468742371,8520000
2013-05-17,0.788332998752594,0.800832986831665,0.7776669859886169,0.7996670007705688,0.7271984219551086,9216000
2013-05-20,0.8041669726371765,0.8091670274734497,0.7904999852180481,0.7951670289039612,0.7231061458587646,16860000
2013-05-21,0.8036670088768005,0.8036670088768005,0.7860000133514404,0.7935000061988831,0.7215902209281921,9300000
2013-05-22,0.8003330230712891,0.8188329935073853,0.7455000281333923,0.7571669816970825,0.6885499954223633,25668000
2013-05-23,0.734499990940094,0.7603330016136169,0.7141669988632202,0.7563329935073853,0.6877914071083069,18678000
2013-05-24,0.7416669726371765,0.7561669945716858,0.7333329916000366,0.7561669945716858,0.6876406073570251,6270000
2013-05-28,0.7961670160293579,0.7961670160293579,0.7708330154418945,0.7763329744338989,0.70597904920578,11004000
2013-05-29,0.7548329830169678,0.793166995048523,0.7548329830169678,0.7858330011367798,0.7146179676055908,5958000
2013-05-30,0.7908329963684082,0.8309999704360962,0.7908329963684082,0.8220000267028809,0.747507631778717,11388000
2013-05-31,0.8026670217514038,0.8268330097198486,0.7919999957084656,0.7979999780654907,0.7256824970245361,9222000
2013-06-03,0.7948330044746399,0.8184999823570251,0.7713329792022705,0.800000011920929,0.7275012731552124,14388000
2013-06-04,0.8066669702529907,0.8358330130577087,0.7990000247955322,0.8106669783592224,0.7372015118598938,24846000
2013-06-05,0.805666983127594,0.805666983127594,0.7701669931411743,0.7730000019073486,0.7029479742050171,13428000
2013-06-06,0.7718330025672913,0.7886670231819153,0.7465000152587891,0.7670000195503235,0.6974917054176331,11610000
2013-06-07,0.781499981880188,0.8050000071525574,0.765500009059906,0.8036670088768005,0.7308360934257507,11730000
2013-06-10,0.8165000081062317,0.8209999799728394,0.7973330020904541,0.816332995891571,0.7423542141914368,10980000
2013-06-11,0.7991669774055481,0.7994999885559082,0.7613329887390137,0.7641670107841492,0.6949155330657959,16632000
2013-06-12,0.7829999923706055,0.7878329753875732,0.7335000038146973,0.7361670136451721,0.6694530248641968,17346000
2013-06-13,0.7319999933242798,0.7838330268859863,0.7285000085830688,0.7806670069694519,0.7099201679229736,14190000
2013-06-14,0.7973330020904541,0.7998329997062683,0.7676669955253601,0.7721670269966125,0.7021905779838562,8658000
2013-06-17,0.7928329706192017,0.8201670050621033,0.7928329706192017,0.8053330183029175,0.7323510050773621,12372000
2013-06-18,0.8228330016136169,0.8476669788360596,0.8084999918937683,0.8445000052452087,0.7679684162139893,15378000
2013-06-19,0.8458330035209656,0.8560000061988831,0.8144999742507935,0.8169999718666077,0.7429605722427368,16416000
2013-06-20,0.7864999771118164,0.7864999771118164,0.7329999804496765,0.7408329844474792,0.6736961007118225,19248000
2013-06-21,0.742667019367218,0.7633330225944519,0.7193329930305481,0.7465000152587891,0.6788497567176819,19020000
2013-06-24,0.7174999713897705,0.7311670184135437,0.6833329796791077,0.7001670002937317,0.636715292930603,22710000
2013-06-25,0.718999981880188,0.7558330297470093,0.7171670198440552,0.7519999742507935,0.6838510632514954,13842000
2013-06-26,0.7738329768180847,0.7761669754981995,0.7483329772949219,0.761667013168335,0.6926422119140625,11466000
2013-06-27,0.7833330035209656,0.791333019733429,0.7701669931411743,0.7716670036315918,0.7017358541488647,11340000
2013-06-28,0.7736669778823853,0.7923330068588257,0.7524999976158142,0.7820000052452087,0.7111326456069946,11352000
2013-07-01,0.7878329753875732,0.8013330101966858,0.7738329768180847,0.7761669754981995,0.705828070640564,8286000
2013-07-02,0.7761669754981995,0.8016669750213623,0.7626670002937317,0.7781670093536377,0.707646906375885,12954000
2013-07-03,0.7549999952316284,0.800000011920929,0.7549999952316284,0.7904999852180481,0.7188621163368225,6444000
2013-07-05,0.8050000071525574,0.8246669769287109,0.7941669821739197,0.8213329911231995,0.7469010353088379,11562000
2013-07-08,0.8418329954147339,0.8418329954147339,0.7645000219345093,0.7724999785423279,0.7024933099746704,29700000
2013-07-09,0.7933329939842224,0.8031669855117798,0.7876669764518738,0.7963330149650574,0.7241663932800293,10788000
2013-07-10,0.7943329811096191,0.8278329968452454,0.7938330173492432,0.8236669898033142,0.7490233778953552,14016000
2013-07-11,0.8585000038146973,0.8769999742507935,0.8489999771118164,0.8761669993400574,0.7967656850814819,13638000
2013-07-12,0.8833330273628235,0.8948330283164978,0.8761669993400574,0.8911669850349426,0.8104064464569092,8298000
2013-07-15,0.8983330130577087,0.8983330130577087,0.8846669793128967,0.890999972820282,0.8102543950080872,8160000
2013-07-16,0.8856670260429382,0.9113330245018005,0.8843330144882202,0.8983330130577087,0.8169229030609131,11532000
2013-07-17,0.9110000133514404,0.9113330245018005,0.8933330178260803,0.9006670117378235,0.8190455436706543,13026000
2013-07-18,0.9076669812202454,0.9076669812202454,0.8688330054283142,0.8783329725265503,0.7987354397773743,14046000
2013-07-19,0.8640000224113464,0.8730000257492065,0.8476669788360596,0.8730000257492065,0.7938857674598694,12150000
2013-07-22,0.8791670203208923,0.8791670203208923,0.8554999828338623,0.8666669726371765,0.7881266474723816,6804000
2013-07-23,0.8669999837875366,0.8934999704360962,0.8531669974327087,0.8571670055389404,0.7794876098632812,13200000
2013-07-24,0.8666669726371765,0.8666669726371765,0.8069999814033508,0.8101670145988464,0.7367468476295471,20934000
2013-07-25,0.7998329997062683,0.8251670002937317,0.7944999933242798,0.8246669769287109,0.7499327659606934,9228000
2013-07-26,0.8230000138282776,0.8230000138282776,0.7891669869422913,0.8023329973220825,0.7296227216720581,10296000
2013-07-29,0.8013330101966858,0.8071669936180115,0.7825000286102295,0.7891669869422913,0.7176498770713806,7278000
2013-07-30,0.7971670031547546,0.8208330273628235,0.7966669797897339,0.815500020980835,0.741596519947052,7872000
2013-07-31,0.8233330249786377,0.8428329825401306,0.8176670074462891,0.8271669745445251,0.7522063255310059,7854000
2013-08-01,0.8546670079231262,0.8736670017242432,0.8488330245018005,0.871999979019165,0.7929766178131104,11010000
2013-08-02,0.8636670112609863,0.8636670112609863,0.8391669988632202,0.8554999828338623,0.7779717445373535,5070000
2013-08-05,0.8456670045852661,0.8553329706192017,0.843500018119812,0.8514999747276306,0.774334192276001,3534000
2013-08-06,0.852666974067688,0.852666974067688,0.8245000243186951,0.8341670036315918,0.7585719227790833,4620000
2013-08-07,0.820667028427124,0.8240000009536743,0.7985000014305115,0.8081669807434082,0.7349280118942261,6234000
2013-08-08,0.8211669921875,0.8220000267028809,0.7961670160293579,0.8106669783592224,0.7372015118598938,4242000
2013-08-09,0.8083329796791077,0.8123329877853394,0.7926669716835022,0.7986670136451721,0.7262891530990601,4308000
2013-08-12,0.7868329882621765,0.8144999742507935,0.786666989326477,0.8075000047683716,0.734321653842926,3732000
2013-08-13,0.8149999976158142,0.8378329873085022,0.7985000014305115,0.8345000147819519,0.758874773979187,8910000
2013-08-14,0.8165000081062317,0.8183330297470093,0.7928329706192017,0.7973330020904541,0.7250759601593018,12360000
2013-08-15,0.7716670036315918,0.7716670036315918,0.7416669726371765,0.742667019367218,0.6753638982772827,10518000
2013-08-16,0.7425000071525574,0.7714999914169312,0.7381669878959656,0.75,0.6820324659347534,7278000
2013-08-19,0.7398329973220825,0.7590000033378601,0.7341669797897339,0.7348330020904541,0.6682398915290833,6270000
2013-08-20,0.7365000247955322,0.7570000290870667,0.7360000014305115,0.7494999766349792,0.6815776824951172,6636000
2013-08-21,0.7423329949378967,0.7519999742507935,0.7250000238418579,0.7329999804496765,0.6665729880332947,8808000
2013-08-22,0.7409999966621399,0.762499988079071,0.7409999966621399,0.7578330039978027,0.689155638217926,8454000
2013-08-23,0.765999972820282,0.7684999704360962,0.7455000281333923,0.7583330273628235,0.6896103024482727,9096000
2013-08-26,0.7551670074462891,0.7681670188903809,0.7494999766349792,0.7531669735908508,0.6849124431610107,4092000
2013-08-27,0.7250000238418579,0.7278329730033875,0.6938329935073853,0.6970000267028809,0.6338354349136353,16050000
2013-08-28,0.7026669979095459,0.7310000061988831,0.7026669979095459,0.7200000286102295,0.6547510623931885,6834000
2013-08-29,0.7245000004768372,0.7524999976158142,0.7201669812202454,0.7475000023841858,0.6797589659690857,5964000
2013-08-30,0.7459999918937683,0.7490000128746033,0.7195000052452087,0.7269999980926514,0.6611167192459106,7362000
2013-09-03,0.7605000138282776,0.7733330130577087,0.7341669797897339,0.7448329925537109,0.677333652973175,7626000
2013-09-04,0.7590000033378601,0.8069999814033508,0.7524999976158142,0.8019999861717224,0.7293200492858887,17016000
2013-09-05,0.8084999918937683,0.8253329992294312,0.8063330054283142,0.8208330273628235,0.7464461326599121,5136000
2013-09-06,0.8289999961853027,0.8305000066757202,0.7900000214576721,0.8108329772949219,0.7373523712158203,10566000
2013-09-09,0.8141670227050781,0.8468329906463623,0.8123329877853394,0.8433330059051514,0.7669073343276978,5964000
2013-09-10,0.8623329997062683,0.8916670083999634,0.8619999885559082,0.8901669979095459,0.809497058391571,10008000
2013-09-11,0.8790000081062317,0.8891670107841492,0.8591669797897339,0.8824999928474426,0.8025248646736145,4254000
2013-09-12,0.8873329758644104,0.8889999985694885,0.863332986831665,0.8671669960021973,0.7885815501213074,3576000
2013-09-13,0.8646669983863831,0.8790000081062317,0.8536670207977295,0.8786669969558716,0.7990391254425049,2934000
2013-09-16,0.9101669788360596,0.9114999771118164,0.8863329887390137,0.8891670107841492,0.8085874915122986,6642000
2013-09-17,0.8941670060157776,0.911666989326477,0.8941670060157776,0.9071670174598694,0.8249564170837402,5118000
2013-09-18,0.9058330059051514,0.9328330159187317,0.8945000171661377,0.9304999709129333,0.8461748957633972,6474000
2013-09-19,0.9350000023841858,0.9458330273628235,0.9125000238418579,0.9208329916000366,0.8373838067054749,5850000
2013-09-20,0.9191669821739197,0.9366670250892639,0.9020000100135803,0.906000018119812,0.8238952159881592,4320000
2013-09-23,0.9091669917106628,0.921999990940094,0.883167028427124,0.894333004951477,0.8132854700088501,12870000
2013-09-24,0.9049999713897705,0.9229999780654907,0.8941670060157776,0.9123330116271973,0.8296543955802917,5820000
2013-09-25,0.9176669716835022,0.9291669726371765,0.8970000147819519,0.914667010307312,0.8317767381668091,4452000
2013-09-26,0.9268329739570618,0.930167019367218,0.9023330211639404,0.913332998752594,0.8305636048316956,6276000
2013-09-27,0.8998330235481262,0.9043329954147339,0.8849999904632568,0.8923329710960388,0.8114666938781738,3846000
2013-09-30,0.867667019367218,0.900833010673523,0.8535000085830688,0.8939999938011169,0.8129826188087463,8412000
2013-10-01,0.8998330235481262,0.9241669774055481,0.8934999704360962,0.9171670079231262,0.8340502381324768,5850000
2013-10-02,0.8955000042915344,0.9154999852180481,0.8955000042915344,0.9154999852180481,0.83253413438797,2394000
2013-10-03,0.9096670150756836,0.9296669960021973,0.8796669840812683,0.9081670045852661,0.8258657455444336,4836000
2013-10-04,0.9081670045852661,0.9358329772949219,0.9081670045852661,0.9284999966621399,0.8443560004234314,4698000
2013-10-07,0.9068329930305481,0.9333329796791077,0.8966670036315918,0.914667010307312,0.8317767381668091,3126000
2013-10-08,0.9164999723434448,0.9221670031547546,0.8606669902801514,0.871167004108429,0.7922186851501465,6852000
2013-10-09,0.8716670274734497,0.8790000081062317,0.831833004951477,0.8600000143051147,0.7820638418197632,7686000
2013-10-10,0.8856670260429382,0.9226670265197754,0.8830000162124634,0.9185000061988831,0.8352622985839844,10824000
2013-10-11,0.9083330035209656,0.9333329796791077,0.899167001247406,0.9269999861717224,0.8429920673370361,6798000
2013-10-14,0.9014999866485596,0.9484999775886536,0.8999999761581421,0.9451670050621033,0.8595126271247864,5442000
2013-10-15,0.9463329911231995,0.9509999752044678,0.9166669845581055,0.9210000038146973,0.8375358581542969,6456000
2013-10-16,0.9269999861717224,0.9495000243186951,0.9225000143051147,0.9471669793128967,0.8613313436508179,4344000
2013-10-17,0.9325000047683716,0.9691669940948486,0.918166995048523,0.9671670198440552,0.8795191049575806,5004000
2013-10-18,0.9778329730033875,0.9778329730033875,0.9508330225944519,0.9736670255661011,0.885430097579956,6288000
2013-10-21,0.9816669821739197,0.9866669774055481,0.9716669917106628,0.9851670265197754,0.8958879113197327,4620000
2013-10-22,0.9911670088768005,0.9911670088768005,0.9618330001831055,0.9786670207977295,0.8899767994880676,6168000
2013-10-23,0.9350000023841858,0.9350000023841858,0.8686670064926147,0.8820000290870667,0.802070140838623,13896000
2013-10-24,0.897333025932312,0.9129999876022339,0.897333025932312,0.9035000205039978,0.8216217756271362,5088000
2013-10-25,0.9118329882621765,0.9166669845581055,0.9035000205039978,0.9135000109672546,0.830715537071228,7236000
2013-10-28,0.913332998752594,0.9358329772949219,0.9073330163955688,0.9323329925537109,0.847841739654541,3276000
2013-10-29,0.9416670203208923,0.9746670126914978,0.9416670203208923,0.9733330011367798,0.8851261138916016,6594000
2013-10-30,0.9785000085830688,0.9848330020904541,0.9473329782485962,0.9589999914169312,0.872092068195343,4176000
2013-10-31,0.9614999890327454,0.992667019367218,0.9601669907569885,0.9753329753875732,0.8869449496269226,6642000
2013-11-01,0.9831669926643372,0.987500011920929,0.9549999833106995,0.964667022228241,0.8772455453872681,4572000
2013-11-04,0.9768329858779907,0.9768329858779907,0.9571670293807983,0.9628329873085022,0.8755776882171631,2082000
2013-11-05,0.941332995891571,0.9656670093536377,0.9304999709129333,0.9541670083999634,0.86769700050354,3276000
2013-11-06,0.9681670069694519,0.9701669812202454,0.9478330016136169,0.9648330211639404,0.8773965835571289,2826000
2013-11-07,0.9620000123977661,0.9620000123977661,0.9051669836044312,0.9093329906463623,0.8269261717796326,7236000
2013-11-08,0.9053329825401306,0.940500020980835,0.8999999761581421,0.9394999742507935,0.8543592095375061,5514000
2013-11-11,0.9304999709129333,0.9416670203208923,0.921999990940094,0.9388329982757568,0.8537527322769165,2082000
2013-11-12,0.9300000071525574,0.9571670293807983,0.9300000071525574,0.9545000195503235,0.8680000305175781,4428000
2013-11-13,0.9433330297470093,0.9823330044746399,0.9369999766349792,0.9815000295639038,0.8925533294677734,2928000
2013-11-14,0.9808329939842224,0.9808329939842224,0.961667001247406,0.9678329825401306,0.8801246881484985,2946000
2013-11-15,0.9726669788360596,0.9900000095367432,0.9558330178260803,0.9861670136451721,0.8967972993850708,3630000
2013-11-18,0.9900000095367432,0.9906669855117798,0.9536669850349426,0.9595000147819519,0.872546911239624,7848000
2013-11-19,0.9648330211639404,0.9661669731140137,0.9235000014305115,0.9259999990463257,0.8420827388763428,6336000
2013-11-20,0.9294999837875366,0.9365000128746033,0.9051669836044312,0.9121670126914978,0.8295034170150757,5040000
2013-11-21,0.9218329787254333,0.9626669883728027,0.9213330149650574,0.9608330130577087,0.8737589716911316,4164000
2013-11-22,0.9573330283164978,0.9661669731140137,0.9481670260429382,0.9624999761581421,0.8752748966217041,2322000
2013-11-25,0.9676669836044312,0.9676669836044312,0.941332995891571,0.9591670036315918,0.8722439408302307,3900000
2013-11-26,0.9743329882621765,0.9900000095367432,0.9618330001831055,0.9838330149650574,0.8946747779846191,5604000
2013-11-27,0.9738330245018005,0.996999979019165,0.9670000076293945,0.9966670274734497,0.9063456654548645,4746000
2013-11-29,1.0,1.0093330144882202,0.9936670064926147,0.9965000152587891,0.9061936736106873,2976000
2013-12-02,1.0053329467773438,1.0069999694824219,0.9871670007705688,0.9911670088768005,0.9013441801071167,5214000
2013-12-03,0.984499990940094,1.0110000371932983,0.9825000166893005,1.0013329982757568,0.910588800907135,5022000
2013-12-04,0.9971669912338257,1.0083329677581787,0.9683330059051514,0.9886670112609863,0.8990706205368042,2712000
2013-12-05,0.9900000095367432,1.0069999694824219,0.9879999756813049,0.9951670169830322,0.9049816131591797,3810000
2013-12-06,1.040166974067688,1.040166974067688,1.0183329582214355,1.0295000076293945,0.9362030625343323,4728000
2013-12-09,1.0463329553604126,1.0490000247955322,1.0321669578552246,1.037500023841858,0.9434783458709717,3150000
2013-12-10,1.034000039100647,1.0421669483184814,1.0178329944610596,1.0286669731140137,0.9354457259178162,1938000
2013-12-11,1.0325000286102295,1.0360000133514404,0.9941669702529907,0.9983329772949219,0.9078605771064758,3504000
2013-12-12,0.9953330159187317,1.0016670227050781,0.9695000052452087,0.9731670022010803,0.8849750757217407,4140000
2013-12-13,0.9833329916000366,0.9890000224113464,0.961667001247406,0.9679999947547913,0.8802763223648071,4620000
2013-12-16,0.9890000224113464,1.0246670246124268,0.9890000224113464,1.0069999694824219,0.9157422184944153,3594000
2013-12-17,1.0069999694824219,1.0455000400543213,1.0069999694824219,1.0383330583572388,0.9442359805107117,5094000
2013-12-18,1.0405000448226929,1.0618330240249634,0.9923329949378967,1.059000015258789,0.9630295634269714,6684000
2013-12-19,1.057332992553711,1.057332992553711,1.0261670351028442,1.0399999618530273,0.9457517266273499,3366000
2013-12-20,1.0399999618530273,1.075166940689087,1.0399999618530273,1.066499948501587,0.9698500037193298,7314000
2013-12-23,1.0859999656677246,1.0971670150756836,1.0773329734802246,1.093000054359436,0.9939483404159546,4920000
2013-12-24,1.1013330221176147,1.1130000352859497,1.0950000286102295,1.1059999465942383,1.0057704448699951,2052000
2013-12-26,1.1116670370101929,1.121000051498413,1.1053329706192017,1.1161669492721558,1.0150161981582642,4362000
2013-12-27,1.1195000410079956,1.1265000104904175,1.1108330488204956,1.1131670475006104,1.012288212776184,2088000
2013-12-30,1.1078330278396606,1.1286669969558716,1.1078330278396606,1.1216670274734497,1.0200176239013672,2718000
2013-12-31,1.1291669607162476,1.151332974433899,1.1291669607162476,1.150333046913147,1.0460854768753052,4722000
2014-01-02,1.1286669969558716,1.1286669969558716,1.0873329639434814,1.098667025566101,0.9991020560264587,7344000
2014-01-03,1.1035000085830688,1.1035000085830688,1.0785000324249268,1.0946669578552246,0.9954646229743958,4176000
2014-01-06,1.1004999876022339,1.1004999876022339,1.0691670179367065,1.0740000009536743,0.9766705632209778,3546000
2014-01-07,1.0836670398712158,1.1028330326080322,1.0798330307006836,1.0989999771118164,0.9994047284126282,2796000
2014-01-08,1.1239999532699585,1.149999976158142,1.1166670322418213,1.1475000381469727,1.043509602546692,4404000
2014-01-09,1.159000039100647,1.159000039100647,1.1101670265197754,1.1231670379638672,1.0213817358016968,2556000
2014-01-10,1.1233329772949219,1.1416670083999634,1.1211669445037842,1.1368329524993896,1.0338093042373657,2616000
2014-01-13,1.13100004196167,1.1419999599456787,1.087499976158142,1.0963330268859863,0.996979296207428,5268000
2014-01-14,1.1013330221176147,1.1741670370101929,1.0971670150756836,1.1716669797897339,1.0654863119125366,8208000
2014-01-15,1.18483304977417,1.2113330364227295,1.1816669702529907,1.2013330459594727,1.0924639701843262,5568000
2014-01-16,1.1983330249786377,1.2016669511795044,1.1749999523162842,1.1813329458236694,1.0742764472961426,6768000
2014-01-17,1.1670000553131104,1.185333013534546,1.153499960899353,1.1610000133514404,1.0557860136032104,4092000
2014-01-21,1.1759999990463257,1.1841670274734497,1.1543329954147339,1.1838330030441284,1.0765503644943237,5472000
2014-01-22,1.1838330030441284,1.225000023841858,1.1755000352859497,1.2243330478668213,1.1133794784545898,3648000
2014-01-23,1.189666986465454,1.2018330097198486,1.1619999408721924,1.1826670169830322,1.07548987865448,6252000
2014-01-24,1.1613329648971558,1.1668330430984497,1.0980000495910645,1.099666953086853,1.0000115633010864,8844000
2014-01-27,1.113332986831665,1.113832950592041,1.058500051498413,1.0786670446395874,0.9809142351150513,8034000
2014-01-28,1.070667028427124,1.0973329544067383,1.057332992553711,1.0918329954147339,0.992887020111084,4476000
2014-01-29,1.0709999799728394,1.1073329448699951,1.0709999799728394,1.0765000581741333,0.9789440035820007,6654000
2014-01-30,1.1023329496383667,1.1278330087661743,1.0958329439163208,1.1183329820632935,1.016985535621643,5076000
2014-01-31,1.084833025932312,1.1169999837875366,1.0720000267028809,1.1009999513626099,1.0012234449386597,3480000
2014-02-03,1.0985000133514404,1.0985000133514404,1.0221669673919678,1.031499981880188,0.9380220770835876,7428000
2014-02-04,1.0323330163955688,1.0403330326080322,1.0161670446395874,1.0331670045852661,0.939537525177002,6804000
2014-02-05,1.027500033378601,1.0511670112609863,1.0023330450057983,1.0373330116271973,0.9433265328407288,4200000
2014-02-06,1.0544999837875366,1.0933330059051514,1.0536669492721558,1.0866669416427612,0.9881893992424011,7758000
2014-02-07,1.1015000343322754,1.1423330307006836,1.0893330574035645,1.1391669511795044,1.0359318256378174,7098000
2014-02-10,1.1323330402374268,1.1614999771118164,1.1318329572677612,1.1566669940948486,1.051845908164978,4908000
2014-02-11,1.1623330116271973,1.2096669673919678,1.159000039100647,1.2008329629898071,1.09200918674469,6120000
2014-02-12,1.2200000286102295,1.2403329610824585,1.2136670351028442,1.2346669435501099,1.1227772235870361,8586000
2014-02-13,1.2130000591278076,1.2790000438690186,1.2093329429626465,1.2790000438690186,1.1630927324295044,5844000
2014-02-14,1.278833031654358,1.3049999475479126,1.2625000476837158,1.3001669645309448,1.1823413372039795,7818000
2014-02-18,1.317667007446289,1.317667007446289,1.2833329439163208,1.3106670379638672,1.191889762878418,5424000
2014-02-19,1.3051669597625732,1.3265000581741333,1.2968330383300781,1.3076670169830322,1.1891615390777588,4584000
2014-02-20,1.310333013534546,1.3416670560836792,1.3035000562667847,1.3385000228881836,1.2172006368637085,5178000
2014-02-21,1.3438329696655273,1.351667046546936,1.3061670064926147,1.318166971206665,1.1987099647521973,5064000
2014-02-24,1.337499976158142,1.3583329916000366,1.3285000324249268,1.3333330154418945,1.2125016450881958,4512000
2014-02-25,1.3281669616699219,1.3386670351028442,1.2918330430984497,1.3138329982757568,1.194769024848938,6354000
2014-02-26,1.3226670026779175,1.3678330183029175,1.3226670026779175,1.3393330574035645,1.2179583311080933,5082000
2014-02-27,1.3333330154418945,1.346500039100647,1.310333013534546,1.337499976158142,1.2162913084030151,3162000
2014-02-28,1.3481669425964355,1.3508330583572388,1.3070000410079956,1.3333330154418945,1.2125016450881958,4836000
2014-03-03,1.2934999465942383,1.3200000524520874,1.2725000381469727,1.3114999532699585,1.192647099494934,8346000
2014-03-04,1.3518329858779907,1.3848329782485962,1.3513330221176147,1.3795000314712524,1.254485011100769,7014000
2014-03-05,1.3795000314712524,1.399999976158142,1.3718329668045044,1.3881670236587524,1.2623666524887085,3366000
2014-03-06,1.399999976158142,1.4213329553604126,1.3851670026779175,1.4198329448699951,1.2911628484725952,3126000
2014-03-07,1.4331669807434082,1.4368330240249634,1.3996670246124268,1.4131669998168945,1.2851009368896484,3978000
2014-03-10,1.4016669988632202,1.422333002090454,1.3849999904632568,1.4041670560836792,1.2769166231155396,1980000
2014-03-11,1.418166995048523,1.4275000095367432,1.3701670169830322,1.3818329572677612,1.2566066980361938,2088000
2014-03-12,1.3601670265197754,1.4166669845581055,1.3535000085830688,1.4166669845581055,1.2882838249206543,2508000
2014-03-13,1.4316669702529907,1.4381669759750366,1.3229999542236328,1.3458329439163208,1.2238689661026,5796000
2014-03-14,1.3333330154418945,1.3583329916000366,1.3218330144882202,1.3244999647140503,1.204469084739685,3678000
2014-03-17,1.3523329496383667,1.3851670026779175,1.3493330478668213,1.371999979019165,1.2476645708084106,4002000
2014-03-18,1.3878329992294312,1.4326670169830322,1.3713330030441284,1.4305000305175781,1.300863265991211,8142000
2014-03-19,1.432832956314087,1.4570000171661377,1.400333046913147,1.4273329973220825,1.297983169555664,6624000
2014-03-20,1.4046670198440552,1.5084999799728394,1.4046670198440552,1.5076669454574585,1.3710368871688843,6588000
2014-03-21,1.5255000591278076,1.5271669626235962,1.4559999704360962,1.468000054359436,1.3349649906158447,7470000
2014-03-24,1.4896670579910278,1.4896670579910278,1.4136669635772705,1.4498330354690552,1.3184442520141602,9888000
2014-03-25,1.4609999656677246,1.505167007446289,1.456833004951477,1.4798330068588257,1.3457255363464355,6858000
2014-03-26,1.5099999904632568,1.5333329439163208,1.4326670169830322,1.434999942779541,1.3049556016921997,8124000
2014-03-27,1.42283296585083,1.4478329420089722,1.3893330097198486,1.3995000123977661,1.2726722955703735,5778000
2014-03-28,1.4149999618530273,1.4616669416427612,1.4083329439163208,1.4296669960021973,1.3001055717468262,4116000
2014-03-31,1.4631669521331787,1.5095000267028809,1.4550000429153442,1.4984999895095825,1.3627008199691772,9546000
2014-04-01,1.5308330059051514,1.56850004196167,1.5148329734802246,1.56850004196167,1.4263570308685303,8106000
2014-04-02,1.5833330154418945,1.5833330154418945,1.536167025566101,1.5586669445037842,1.4174152612686157,7266000
2014-04-03,1.5666669607162476,1.6118329763412476,1.5446670055389404,1.5679999589920044,1.425902247428894,6804000
2014-04-04,1.6108330488204956,1.6108330488204956,1.4303330183029175,1.4361670017242432,1.306016445159912,15960000
2014-04-07,1.411666989326477,1.4591670036315918,1.370332956314087,1.3964999914169312,1.2699445486068726,9858000
2014-04-08,1.4083329439163208,1.453832983970642,1.4006669521331787,1.4488329887390137,1.3175350427627563,5208000
2014-04-09,1.4786670207977295,1.5001670122146606,1.4500000476837158,1.4954999685287476,1.3599724769592285,7512000
2014-04-10,1.5006669759750366,1.5019999742507935,1.3533329963684082,1.3576669692993164,1.2346303462982178,11070000
2014-04-11,1.3166669607162476,1.3686670064926147,1.2823330163955688,1.2928329706192017,1.1756718158721924,9384000
2014-04-14,1.3228329420089722,1.3454999923706055,1.2884999513626099,1.3231669664382935,1.2032568454742432,5760000
2014-04-15,1.337499976158142,1.3619999885559082,1.2799999713897705,1.3504999876022339,1.2281129360198975,6870000
2014-04-16,1.37766695022583,1.37766695022583,1.286666989326477,1.3426669836044312,1.22098970413208,5334000
2014-04-17,1.3396669626235962,1.4376670122146606,1.3396669626235962,1.4201669692993164,1.2914667129516602,10782000
2014-04-21,1.4256670475006104,1.4586670398712158,1.4018330574035645,1.4576669931411743,1.3255681991577148,6312000
2014-04-22,1.4666670560836792,1.5099999904632568,1.4579999446868896,1.4993330240249634,1.3634583950042725,5940000
2014-04-23,1.503999948501587,1.5141669511795044,1.4804999828338623,1.4931670427322388,1.3578511476516724,2610000
2014-04-24,1.5323330163955688,1.5323330163955688,1.459833025932312,1.516332983970642,1.3789174556732178,6888000
2014-04-25,1.4780000448226929,1.4780000448226929,1.36033296585083,1.3696670532226562,1.2455430030822754,12810000
2014-04-28,1.3791669607162476,1.4043329954147339,1.2918330430984497,1.3446669578552246,1.222808599472046,7662000
2014-04-29,1.3636670112609863,1.3854999542236328,1.338832974433899,1.3691669702529907,1.2450885772705078,3888000
2014-04-30,1.3545000553131104,1.3968329429626465,1.3538329601287842,1.3968329429626465,1.2702473402023315,4680000
2014-05-01,1.3990000486373901,1.435333013534546,1.3758330345153809,1.3830000162124634,1.257667899131775,4398000
2014-05-02,1.369832992553711,1.4123330116271973,1.369832992553711,1.391332983970642,1.2652455568313599,4212000
2014-05-05,1.3763329982757568,1.4088330268859863,1.3571670055389404,1.3980000019073486,1.2713083028793335,2844000
2014-05-06,1.4041670560836792,1.4216669797897339,1.3808330297470093,1.3813329935073853,1.2561516761779785,2064000
2014-05-07,1.394333004951477,1.3993330001831055,1.3488329648971558,1.3839999437332153,1.2585769891738892,3090000
2014-05-08,1.371500015258789,1.4706670045852661,1.3711669445037842,1.4123330116271973,1.284342646598816,7788000
2014-05-09,1.4079999923706055,1.411167025566101,1.3701670169830322,1.400833010673523,1.2738847732543945,2988000
2014-05-12,1.4093329906463623,1.481166958808899,1.4093329906463623,1.476667046546936,1.3428465127944946,9942000
2014-05-13,1.4880000352859497,1.4893330335617065,1.442167043685913,1.444000005722046,1.3131399154663086,4584000
2014-05-14,1.4329999685287476,1.4428329467773438,1.4049999713897705,1.4071669578552246,1.2796449661254883,3846000
2014-05-15,1.3949999809265137,1.406499981880188,1.3255000114440918,1.3578330278396606,1.2347815036773682,8310000
2014-05-16,1.3554999828338623,1.4045000076293945,1.3515000343322754,1.3980000019073486,1.2713083028793335,3402000
2014-05-19,1.3928329944610596,1.454332947731018,1.3928329944610596,1.4428329467773438,1.3120784759521484,4440000
2014-05-20,1.4441670179367065,1.456833004951477,1.399999976158142,1.4225000143051147,1.2935880422592163,3666000
2014-05-21,1.4366669654846191,1.4553329944610596,1.4220000505447388,1.4429999589920044,1.3122304677963257,4350000
2014-05-22,1.4528330564498901,1.4800000190734863,1.4473329782485962,1.4641669988632202,1.3314791917800903,4740000
2014-05-23,1.462833046913147,1.5061670541763306,1.4578330516815186,1.503499984741211,1.3672475814819336,7674000
2014-05-27,1.545667052268982,1.5609999895095825,1.5219999551773071,1.5609999895095825,1.4195367097854614,6498000
2014-05-28,1.5748330354690552,1.5798330307006836,1.5429999828338623,1.565999984741211,1.4240838289260864,4740000
2014-05-29,1.5696669816970825,1.593999981880188,1.5668330192565918,1.5756670236587524,1.4328746795654297,3030000
2014-05-30,1.574167013168335,1.5881669521331787,1.5638329982757568,1.5821670293807983,1.4387859106063843,2382000
2014-06-02,1.6096669435501099,1.6208330392837524,1.5674999952316284,1.6078330278396606,1.4621256589889526,3918000
2014-06-03,1.6091669797897339,1.6588330268859863,1.6008330583572388,1.6531670093536377,1.503351092338562,6246000
2014-06-04,1.653499960899353,1.6825000047683716,1.6365000009536743,1.6756670475006104,1.5238124132156372,4044000
2014-06-05,1.6858329772949219,1.7141669988632202,1.6558330059051514,1.6988329887390137,1.5448791980743408,6264000
2014-06-06,1.710832953453064,1.7354999780654907,1.7046669721603394,1.724166989326477,1.5679172277450562,6654000
2014-06-09,1.7330000400543213,1.7654999494552612,1.7283329963684082,1.7365000247955322,1.5791324377059937,6924000
2014-06-10,1.7398329973220825,1.7553329467773438,1.7141669988632202,1.7538330554962158,1.5948944091796875,4128000
2014-06-11,1.737833023071289,1.7976670265197754,1.737833023071289,1.7793329954147339,1.6180834770202637,4884000
2014-06-12,1.778833031654358,1.7948329448699951,1.7403329610824585,1.7608330249786377,1.6012601852416992,6840000
2014-06-13,1.8109999895095825,1.8291670083999634,1.7813329696655273,1.8108329772949219,1.6467286348342896,6210000
2014-06-16,1.8161669969558716,1.8546669483184814,1.8023329973220825,1.8446669578552246,1.6774970293045044,7470000
2014-06-17,1.8508330583572388,1.8933329582214355,1.8386670351028442,1.886167049407959,1.715235948562622,6432000
2014-06-18,1.8911670446395874,1.8928329944610596,1.8163330554962158,1.8634999990463257,1.6946229934692383,9090000
2014-06-19,1.8803329467773438,1.883167028427124,1.8316669464111328,1.8686670064926147,1.6993218660354614,7944000
2014-06-20,1.8721669912338257,1.8849999904632568,1.8578330278396606,1.8849999904632568,1.714174509048462,4170000
2014-06-23,1.8926670551300049,1.8926670551300049,1.8585000038146973,1.8641669750213623,1.6952300071716309,6738000
2014-06-24,1.8536670207977295,1.9041670560836792,1.8075000047683716,1.8226670026779175,1.6574904918670654,9162000
2014-06-25,1.8083330392837524,1.8488329648971558,1.7843329906463623,1.8423329591751099,1.6753748655319214,6300000
2014-06-26,1.8308329582214355,1.8453329801559448,1.7764999866485596,1.8188329935073853,1.6540040969848633,5352000
2014-06-27,1.8051669597625732,1.8274999856948853,1.796167016029358,1.8274999856948853,1.6618856191635132,2694000
2014-06-30,1.8291670083999634,1.8899999856948853,1.8291670083999634,1.8846670389175415,1.7138720750808716,4662000
2014-07-01,1.898332953453064,1.9881670475006104,1.898332953453064,1.9623329639434814,1.7844995260238647,9978000
2014-07-02,1.9788329601287842,1.9858330488204956,1.9585000276565552,1.977167010307312,1.7979892492294312,5664000
2014-07-03,1.9816670417785645,2.0246670246124268,1.9816670417785645,2.0169999599456787,1.8342124223709106,3942000
2014-07-07,2.0169999599456787,2.0226669311523438,1.9643330574035645,1.9748330116271973,1.79586660861969,8154000
2014-07-08,1.9635000228881836,1.9761669635772705,1.887166976928711,1.9450000524520874,1.7687379121780396,10506000
2014-07-09,1.9605000019073486,1.9850000143051147,1.9149999618530273,1.9788329601287842,1.799504280090332,6528000
2014-07-10,1.8923330307006836,1.9744999408721924,1.871999979019165,1.9503329992294312,1.7735871076583862,6774000
2014-07-11,1.9606670141220093,1.968999981880188,1.9268330335617065,1.9541670083999634,1.7770735025405884,3882000
2014-07-14,1.9904999732971191,2.002000093460083,1.965000033378601,1.9804999828338623,1.8010201454162598,7164000
2014-07-15,1.9986670017242432,1.9988329410552979,1.9096670150756836,1.9648330211639404,1.7867730855941772,6828000
2014-07-16,2.010499954223633,2.0358328819274902,1.995332956314087,2.0328330993652344,1.848610758781433,5760000
2014-07-17,1.9845000505447388,1.9845000505447388,1.8651670217514038,1.8758330345153809,1.7058385610580444,12642000
2014-07-18,1.899999976158142,1.9546669721603394,1.8869999647140503,1.9493329524993896,1.7726775407791138,5280000
2014-07-21,1.949167013168335,1.9761669635772705,1.9316669702529907,1.9653329849243164,1.7872276306152344,3408000
2014-07-22,2.000166893005371,2.015166997909546,1.975000023841858,2.0028328895568848,1.8213292360305786,4308000
2014-07-23,1.9824999570846558,1.9824999570846558,1.8619999885559082,1.8645000457763672,1.6955327987670898,12192000
2014-07-24,1.8645000457763672,1.8666670322418213,1.8111670017242432,1.8173329830169678,1.6526403427124023,9876000
2014-07-25,1.7816669940948486,1.7816669940948486,1.6913330554962158,1.7079999446868896,1.5532150268554688,10626000
2014-07-28,1.713333010673523,1.7136670351028442,1.63966703414917,1.7024999856948853,1.5482137203216553,8148000
2014-07-29,1.7135000228881836,1.7426669597625732,1.692167043685913,1.6946669816970825,1.5410908460617065,5832000
2014-07-30,1.7238329648971558,1.7583329677581787,1.7115000486373901,1.7446670532226562,1.5865591764450073,5922000
2014-07-31,1.6911669969558716,1.6993329524993896,1.6143330335617065,1.6263329982757568,1.4789490699768066,9606000
2014-08-01,1.6166670322418213,1.6816669702529907,1.6100000143051147,1.6506669521331787,1.5010778903961182,9360000
2014-08-04,1.6644999980926514,1.6866669654846191,1.625,1.6713329553604126,1.5198709964752197,4602000
2014-08-05,1.6468329429626465,1.6746670007705688,1.600000023841858,1.621500015258789,1.474554181098938,6888000
2014-08-06,1.597000002861023,1.668166995048523,1.5936670303344727,1.6360000371932983,1.4877398014068604,8052000
2014-08-07,1.670667052268982,1.6766669750213623,1.5583330392837524,1.5718330144882202,1.4293879270553589,7098000
2014-08-08,1.587499976158142,1.628999948501587,1.5779999494552612,1.624500036239624,1.4772820472717285,6456000
2014-08-11,1.6481670141220093,1.6998330354690552,1.6481670141220093,1.6734999418258667,1.5218415260314941,7698000
2014-08-12,1.6638330221176147,1.6871670484542847,1.6241669654846191,1.6671669483184814,1.5160822868347168,5640000
2014-08-13,1.6821670532226562,1.7151670455932617,1.6773329973220825,1.7151670455932617,1.5597325563430786,5910000
2014-08-14,1.7166670560836792,1.7345000505447388,1.7089999914169312,1.7243330478668213,1.5680677890777588,4776000
2014-08-15,1.7595000267028809,1.7976670265197754,1.718999981880188,1.776332974433899,1.6153557300567627,7260000
2014-08-18,1.7984999418258667,1.8025000095367432,1.7623330354690552,1.799833059310913,1.6367261409759521,6054000
2014-08-19,1.8058329820632935,1.847499966621399,1.8058329820632935,1.838333010673523,1.6717370748519897,4548000
2014-08-20,1.838333010673523,1.8930000066757202,1.831833004951477,1.8834999799728394,1.71281099319458,4878000
2014-08-21,1.8898329734802246,1.9108330011367798,1.8731670379638672,1.9084999561309814,1.735545039176941,4374000
2014-08-22,1.9161670207977295,1.93483304977417,1.887666940689087,1.9126670360565186,1.7393348217010498,6348000
2014-08-25,1.9505000114440918,1.9505000114440918,1.8803329467773438,1.8895000219345093,1.7182670831680298,6822000
2014-08-26,1.8851670026779175,1.9114999771118164,1.8851670026779175,1.8911670446395874,1.7197829484939575,3456000
2014-08-27,1.890166997909546,1.9071669578552246,1.8654999732971191,1.9014999866485596,1.7291795015335083,3738000
2014-08-28,1.8834999799728394,1.942167043685913,1.8643330335617065,1.942167043685913,1.7661610841751099,3102000
2014-08-29,1.9524999856948853,1.9816670417785645,1.9391670227050781,1.9636670351028442,1.7857128381729126,5214000
2014-09-02,1.9765000343322754,1.9765000343322754,1.9118330478668213,1.9371670484542847,1.7616145610809326,4158000
2014-09-03,1.9718329906463623,1.9781670570373535,1.9391670227050781,1.9541670083999634,1.7770735025405884,3906000
2014-09-04,1.9651670455932617,2.0148329734802246,1.9555000066757202,1.9691669940948486,1.7907145023345947,6786000
2014-09-05,1.9665000438690186,2.018666982650757,1.9643330574035645,2.018666982650757,1.8357285261154175,8496000
2014-09-08,2.018666982650757,2.064832925796509,2.009999990463257,2.0311670303344727,1.8470956087112427,5826000
2014-09-09,2.0313329696655273,2.0374999046325684,1.9691669940948486,1.9773329496383667,1.7981401681900024,4278000
2014-09-10,1.976667046546936,1.9876669645309448,1.9368330240249634,1.9753329753875732,1.7963215112686157,7584000
2014-09-11,1.9574999809265137,1.9913330078125,1.9291670322418213,1.9903329610824585,1.809962272644043,4134000
2014-09-12,1.9756669998168945,1.9756669998168945,1.899999976158142,1.9133330583572388,1.7399400472640991,5574000
2014-09-15,1.9216669797897339,1.928333044052124,1.8415000438690186,1.843500018119812,1.6764357089996338,7626000
2014-09-16,1.8365000486373901,1.9470000267028809,1.8320000171661377,1.9391670227050781,1.7634329795837402,6174000
2014-09-17,1.9464999437332153,2.016666889190674,1.9464999437332153,1.9850000143051147,1.8051124811172485,8154000
2014-09-18,2.0134999752044678,2.0703330039978027,1.9928330183029175,2.0703330039978027,1.8827123641967773,6774000
2014-09-19,2.0875000953674316,2.0931670665740967,1.9850000143051147,1.9963330030441284,1.8154183626174927,6696000
2014-09-22,1.9783329963684082,1.9866670370101929,1.9123330116271973,1.9233330488204956,1.7490341663360596,8310000
2014-09-23,1.8928329944610596,1.953832983970642,1.8791669607162476,1.9083329439163208,1.7353930473327637,5520000
2014-09-24,1.9221669435501099,1.980167031288147,1.9171669483184814,1.9768329858779907,1.7976853847503662,4500000
2014-09-25,1.9723329544067383,1.9723329544067383,1.8511669635772705,1.869832992553711,1.7003822326660156,8892000
2014-09-26,1.8980000019073486,1.9511669874191284,1.8960000276565552,1.93483304977417,1.7594916820526123,5322000
2014-09-29,1.8748329877853394,1.9615000486373901,1.8656669855117798,1.9429999589920044,1.766918659210205,4182000
2014-09-30,1.9461669921875,1.9483330249786377,1.875,1.8945000171661377,1.7228142023086548,5490000
2014-10-01,1.8858330249786377,1.8858330249786377,1.7424999475479126,1.7563329935073853,1.59716796875,13020000
2014-10-02,1.7483329772949219,1.7483329772949219,1.6318329572677612,1.727167010307312,1.5706449747085571,17538000
2014-10-03,1.7790000438690186,1.7916669845581055,1.7300000190734863,1.7533329725265503,1.5944401025772095,10464000
2014-10-06,1.7745000123977661,1.7755000591278076,1.6773329973220825,1.7109999656677246,1.555943489074707,7080000
2014-10-07,1.6941670179367065,1.7044999599456787,1.6148329973220825,1.6148329973220825,1.4684911966323853,6960000
2014-10-08,1.619832992553711,1.7300000190734863,1.5708329677581787,1.7213330268859863,1.5653401613235474,11916000
2014-10-09,1.7166670560836792,1.7166670560836792,1.5789999961853027,1.5835000276565552,1.439997911453247,11388000
2014-10-10,1.454332947731018,1.454332947731018,1.2136670351028442,1.2553329467773438,1.1415703296661377,57942000
2014-10-13,1.2601670026779175,1.3026670217514038,1.1741670370101929,1.1741670370101929,1.0677604675292969,18840000
2014-10-14,1.2366670370101929,1.3049999475479126,1.2071670293807983,1.2404999732971191,1.1280814409255981,30090000
2014-10-15,1.1740000247955322,1.2833329439163208,1.1446670293807983,1.2568329572677612,1.1429346799850464,41124000
2014-10-16,1.2024999856948853,1.3421670198440552,1.1916669607162476,1.3113329410552979,1.1924952268600464,31764000
2014-10-17,1.3875000476837158,1.4093329906463623,1.335832953453064,1.3433330059051514,1.221595287322998,43908000
2014-10-20,1.3359999656677246,1.4101669788360596,1.317167043685913,1.4068330526351929,1.2793409824371338,16344000
2014-10-21,1.4596669673919678,1.565000057220459,1.4423329830169678,1.55983304977417,1.418475866317749,22548000
2014-10-22,1.5896669626235962,1.6066670417785645,1.4919999837875366,1.4950000047683716,1.3595179319381714,32538000
2014-10-23,1.54783296585083,1.5839999914169312,1.5384999513626099,1.5596669912338257,1.4183248281478882,17814000
2014-10-24,1.5583330392837524,1.616832971572876,1.5583330392837524,1.6100000143051147,1.4640963077545166,15600000
2014-10-27,1.5835000276565552,1.6365000009536743,1.5628329515457153,1.6265000104904175,1.4791010618209839,24660000
2014-10-28,1.6460000276565552,1.6990000009536743,1.6353329420089722,1.6973329782485962,1.5435149669647217,18132000
2014-10-29,1.690000057220459,1.7200000286102295,1.6490000486373901,1.7074999809265137,1.5527602434158325,24510000
2014-10-30,1.6936670541763306,1.6936670541763306,1.5806670188903809,1.6498329639434814,1.500319480895996,17796000
2014-10-31,1.7791670560836792,1.863832950592041,1.7791670560836792,1.8416670560836792,1.6747686862945557,30552000
2014-11-03,1.8731670379638672,1.9043329954147339,1.8415000438690186,1.8758330345153809,1.7058385610580444,12402000
2014-11-04,1.8589999675750732,1.890166997909546,1.8135000467300415,1.8601670265197754,1.6915922164916992,8046000
2014-11-05,1.899999976158142,1.9191670417785645,1.8485000133514404,1.9149999618530273,1.7414562702178955,13212000
2014-11-06,1.8853329420089722,1.8961670398712158,1.8274999856948853,1.8661669492721558,1.697048306465149,11454000
2014-11-07,1.8661669492721558,1.878000020980835,1.7661670446395874,1.8113329410552979,1.647183895111084,16014000
2014-11-10,1.8278330564498901,1.8606669902801514,1.8021670579910278,1.8523329496383667,1.684468150138855,3756000
2014-11-11,1.8656669855117798,1.8656669855117798,1.8213330507278442,1.8361669778823853,1.6697670221328735,4548000
2014-11-12,1.8116669654846191,1.840000033378601,1.803333044052124,1.8328330516815186,1.666735291481018,3774000
2014-11-13,1.8471670150756836,1.8910000324249268,1.8166669607162476,1.8359999656677246,1.6696151494979858,7716000
2014-11-14,1.8191670179367065,1.8860000371932983,1.7948329448699951,1.8811670541763306,1.7106891870498657,9924000
2014-11-17,1.8583329916000366,1.8704999685287476,1.8093329668045044,1.8568329811096191,1.6885604858398438,10320000
2014-11-18,1.8650000095367432,1.9796669483184814,1.8650000095367432,1.9641669988632202,1.7861675024032593,10830000
2014-11-19,1.9686670303344727,1.9748330116271973,1.8971669673919678,1.926332950592041,1.75176203250885,8220000
2014-11-20,1.8839999437332153,1.9833329916000366,1.8739999532699585,1.9800000190734863,1.8005657196044922,8310000
2014-11-21,2.0456669330596924,2.059999942779541,1.997833013534546,2.0394999980926514,1.8546735048294067,12906000
2014-11-24,2.053999900817871,2.106333017349243,2.0416669845581055,2.1024999618530273,1.9119640588760376,9054000
2014-11-25,2.1166670322418213,2.124833106994629,2.0889999866485596,2.1016669273376465,1.911206603050232,6144000
2014-11-26,2.112499952316284,2.238832950592041,2.112499952316284,2.2371668815612793,2.0344274044036865,10092000
2014-11-28,2.256166934967041,2.2771670818328857,2.2130000591278076,2.25,2.0460970401763916,6168000
2014-12-01,2.232332944869995,2.26200008392334,2.142667055130005,2.1714999675750732,1.9747108221054077,13002000
2014-12-02,2.189832925796509,2.2133328914642334,2.127332925796509,2.2128329277038574,2.012298345565796,8928000
2014-12-03,2.2331669330596924,2.3591670989990234,2.2331669330596924,2.3503329753875732,2.1373379230499268,10110000
2014-12-04,2.382167100906372,2.4033329486846924,2.316667079925537,2.3605000972747803,2.146583318710327,11634000
2014-12-05,2.378000020980835,2.433000087738037,2.3646669387817383,2.433000087738037,2.212512493133545,6846000
2014-12-08,2.4288330078125,2.444667100906372,2.2825000286102295,2.328166961669922,2.117180347442627,15150000
2014-12-09,2.2114999294281006,2.3420000076293945,2.2063329219818115,2.3218328952789307,2.1114203929901123,12642000
2014-12-10,2.3239998817443848,2.33316707611084,2.179332971572876,2.191833019256592,1.993201732635498,11838000
2014-12-11,2.22933292388916,2.304832935333252,2.2074999809265137,2.2230000495910645,2.0215439796447754,9138000
2014-12-12,2.1666669845581055,2.2084999084472656,2.1070001125335693,2.11299991607666,1.921512246131897,10422000
2014-12-15,2.1508328914642334,2.204667091369629,2.0333330631256104,2.052999973297119,1.8669496774673462,16956000
2014-12-16,2.0276670455932617,2.1445000171661377,2.002166986465454,2.0179998874664307,1.8351218700408936,16812000
2014-12-17,2.023667097091675,2.1578330993652344,1.9733330011367798,2.1481668949127197,1.9534927606582642,15510000
2014-12-18,2.249332904815674,2.266666889190674,2.201667070388794,2.266666889190674,2.061253786087036,21252000
2014-12-19,2.2903330326080322,2.2964999675750732,2.2136669158935547,2.249000072479248,2.045186996459961,15420000
2014-12-22,2.2806670665740967,2.355833053588867,2.2715001106262207,2.3488330841064453,2.1359734535217285,10992000
2014-12-23,2.4000000953674316,2.4046669006347656,2.3289999961853027,2.3355000019073486,2.1239240169525146,16380000
2014-12-24,2.3440001010894775,2.37166690826416,2.3333330154418945,2.3436670303344727,2.1313509941101074,3030000
2014-12-26,2.36899995803833,2.378000020980835,2.3411669731140137,2.3528330326080322,2.1396870613098145,3072000
2014-12-29,2.3396670818328857,2.3473329544067383,2.302333116531372,2.3318328857421875,2.1205894947052,5970000
2014-12-30,2.2841670513153076,2.319999933242798,2.2841670513153076,2.2916669845581055,2.084062099456787,5286000
2014-12-31,2.2981669902801514,2.3473329544067383,2.245666980743408,2.246999979019165,2.0434417724609375,8412000
2015-01-02,2.2871670722961426,2.322000026702881,2.182332992553711,2.2471671104431152,2.043593406677246,15978000
2015-01-05,2.185499906539917,2.2249999046325684,2.114833116531372,2.119999885559082,1.9279465675354004,12648000
2015-01-06,2.117500066757202,2.125,1.9571670293807983,1.9756669998168945,1.7966886758804321,13386000
2015-01-07,2.0103330612182617,2.063667058944702,1.9769999980926514,2.0355000495910645,1.8511015176773071,8574000
2015-01-08,2.1166670322418213,2.2618329524993896,2.0999999046325684,2.2186670303344727,2.0176751613616943,13884000
2015-01-09,2.245832920074463,2.252500057220459,2.137500047683716,2.2241671085357666,2.022676944732666,11070000
2015-01-12,2.193666934967041,2.193666934967041,2.055666923522949,2.0905001163482666,1.9011191129684448,10962000
2015-01-13,2.13700008392334,2.2135000228881836,1.9963330030441284,2.0281670093536377,1.844433069229126,12708000
2015-01-14,1.9620000123977661,2.056166887283325,1.933500051498413,1.9956669807434082,1.8148771524429321,9324000
2015-01-15,2.0343329906463623,2.0748329162597656,1.9416669607162476,1.9470000267028809,1.7706187963485718,6774000
2015-01-16,1.9290000200271606,2.0209999084472656,1.9033329486846924,2.0134999752044678,1.8310941457748413,8616000
2015-01-20,2.0299999713897705,2.0989999771118164,1.9971669912338257,2.07716703414917,1.888993740081787,9438000
2015-01-21,2.060167074203491,2.1714999675750732,2.0356669425964355,2.1453330516815186,1.9509841203689575,9642000
2015-01-22,2.1516671180725098,2.19083309173584,2.0183329582214355,2.185667037963867,1.9876646995544434,12336000
2015-01-23,2.1611669063568115,2.200000047683716,2.129333019256592,2.1665000915527344,1.9702340364456177,9594000
2015-01-26,2.1641669273376465,2.192667007446289,2.1034998893737793,2.189167022705078,1.990847110748291,6576000
2015-01-27,2.0999999046325684,2.125,2.0203330516815186,2.063333034515381,1.8764135837554932,15486000
2015-01-28,2.1333329677581787,2.198167085647583,2.0298330783843994,2.0325000286102295,1.8483737707138062,13218000
2015-01-29,2.002000093460083,2.060667037963867,1.9241670370101929,2.038332939147949,1.8536776304244995,15474000
2015-01-30,1.9843330383300781,2.048332929611206,1.9083329439163208,1.9129999876022339,1.7396990060806274,10230000
2015-02-02,1.9320000410079956,1.9433330297470093,1.805999994277954,1.9305000305175781,1.7556135654449463,14562000
2015-02-03,1.9594999551773071,2.0378329753875732,1.9453330039978027,2.0346670150756836,1.8503438234329224,10800000
2015-02-04,2.0203330516815186,2.1010000705718994,2.003833055496216,2.059000015258789,1.8724724054336548,8946000
2015-02-05,2.069166898727417,2.117500066757202,2.052333116531372,2.115333080291748,1.9237021207809448,6324000
2015-02-06,2.128499984741211,2.178499937057495,2.06516695022583,2.0833330154418945,1.8946017026901245,11220000
2015-02-09,2.04783296585083,2.0738329887390137,2.0,2.015166997909546,1.8326104879379272,6336000
2015-02-10,2.0889999866485596,2.2208330631256104,2.075500011444092,2.2193329334259033,2.018280267715454,10446000
2015-02-11,2.2163329124450684,2.266666889190674,2.1538329124450684,2.2416670322418213,2.0385918617248535,9228000
2015-02-12,2.2831668853759766,2.3499999046325684,2.266166925430298,2.3498330116271973,2.136958599090576,8820000
2015-02-13,2.3889999389648438,2.4189999103546143,2.3359999656677246,2.3998329639434814,2.1824288368225098,8976000
2015-02-17,2.4006669521331787,2.429500102996826,2.373667001724243,2.423832893371582,2.2042548656463623,5856000
2015-02-18,2.4166669845581055,2.4216670989990234,2.373332977294922,2.4000000953674316,2.1825802326202393,5652000
2015-02-19,2.3838329315185547,2.443000078201294,2.376832962036133,2.421999931335449,2.202587842941284,5124000
2015-02-20,2.4038329124450684,2.4679999351501465,2.3823330402374268,2.4651670455932617,2.2418441772460938,6198000
2015-02-23,2.4631669521331787,2.4648330211639404,2.390500068664551,2.4161670207977295,2.1972837448120117,5010000
2015-02-24,2.4075000286102295,2.5173330307006836,2.368666887283325,2.5139999389648438,2.2862532138824463,8376000
2015-02-25,2.5133330821990967,2.518167018890381,2.4523329734802246,2.4718329906463623,2.2479066848754883,5766000
2015-02-26,2.505167007446289,2.545833110809326,2.483333110809326,2.5220000743865967,2.2935280799865723,6090000
2015-02-27,2.5274999141693115,2.5446670055389404,2.4806671142578125,2.503833055496216,2.277007818222046,4236000
2015-03-02,2.558666944503784,2.7131669521331787,2.558666944503784,2.7118330001831055,2.4661643505096436,10602000
2015-03-03,2.686167001724243,2.686167001724243,2.549999952316284,2.5551669597625732,2.3236911296844482,11424000
2015-03-04,2.5346670150756836,2.554332971572876,2.4593329429626465,2.5510001182556152,2.31990122795105,7704000
2015-03-05,2.5886669158935547,2.5971670150756836,2.5208330154418945,2.553333044052124,2.3220231533050537,5172000
2015-03-06,2.5218329429626465,2.5426669120788574,2.4528329372406006,2.476332902908325,2.2519989013671875,6402000
2015-03-09,2.4700000286102295,2.5139999389648438,2.4626669883728027,2.497999906539917,2.271702766418457,3822000
2015-03-10,2.4428329467773438,2.4623329639434814,2.3480000495910645,2.3570001125335693,2.143476724624634,10950000
2015-03-11,2.387666940689087,2.448499917984009,2.373167037963867,2.376832962036133,2.161512613296509,5814000
2015-03-12,2.305500030517578,2.374166965484619,2.2950000762939453,2.373832941055298,2.1587841510772705,5214000
2015-03-13,2.389167070388794,2.434000015258789,2.3421669006347656,2.42283296585083,2.203345537185669,5982000
2015-03-16,2.44016695022583,2.5336670875549316,2.44016695022583,2.5295000076293945,2.300349235534668,6324000
2015-03-17,2.481832981109619,2.489500045776367,2.429500102996826,2.4756669998168945,2.2513930797576904,6150000
2015-03-18,2.475832939147949,2.567500114440918,2.378499984741211,2.5299999713897705,2.300804376602173,8148000
2015-03-19,2.5299999713897705,2.5673329830169678,2.509666919708252,2.5485000610351562,2.3176279067993164,4704000
2015-03-20,2.607332944869995,2.680833101272583,2.5906670093536377,2.6603329181671143,2.419329881668091,6618000
2015-03-23,2.6601669788360596,2.6681671142578125,2.5858330726623535,2.5858330726623535,2.351578712463379,6318000
2015-03-24,2.574167013168335,2.6050000190734863,2.5168330669403076,2.519666910171509,2.2914066314697266,6552000
2015-03-25,2.5291669368743896,2.5291669368743896,2.1666669845581055,2.174499988555908,1.9775086641311646,21066000
2015-03-26,2.058332920074463,2.125,1.9424999952316284,2.0848329067230225,1.8959649801254272,24066000
2015-03-27,2.072499990463257,2.2828330993652344,2.068000078201294,2.25600004196167,2.0516254901885986,16368000
2015-03-30,2.299999952316284,2.362333059310913,2.263000011444092,2.3499999046325684,2.1371097564697266,16764000
2015-03-31,2.3071670532226562,2.3233330249786377,2.254667043685913,2.2673330307006836,2.06193208694458,6942000
2015-04-01,2.246500015258789,2.253166913986206,2.1666669845581055,2.2246670722961426,2.023132085800171,12366000
2015-04-02,2.2296669483184814,2.2708330154418945,2.199666976928711,2.2023329734802246,2.0028204917907715,10686000
2015-04-06,2.1363329887390137,2.249166965484619,2.108833074569702,2.233833074569702,2.0314667224884033,8514000
2015-04-07,2.250333070755005,2.2966670989990234,2.2251670360565186,2.239500045776367,2.036621332168579,5790000
2015-04-08,2.2265000343322754,2.299833059310913,2.2200000286102295,2.2798330783843994,2.0732998847961426,3948000
2015-04-09,2.2413330078125,2.374332904815674,2.2413330078125,2.368333101272583,2.153782367706299,7356000
2015-04-10,2.381999969482422,2.3948330879211426,2.3566670417785645,2.3948330879211426,2.1778817176818848,4248000
2015-04-13,2.3948330879211426,2.433000087738037,2.3426671028137207,2.3483328819274902,2.1355950832366943,7758000
2015-04-14,2.368000030517578,2.368000030517578,2.2548329830169678,2.2798330783843994,2.0732998847961426,8010000
2015-04-15,2.3363330364227295,2.4151670932769775,2.302833080291748,2.3949999809265137,2.1780335903167725,8970000
2015-04-16,2.3333330154418945,2.378999948501587,2.319499969482422,2.364833116531372,2.1505990028381348,3702000
2015-04-17,2.312833070755005,2.312833070755005,2.228332996368408,2.2634999752044678,2.0584468841552734,9108000
2015-04-20,2.299499988555908,2.3464999198913574,2.2915000915527344,2.318833112716675,2.108767509460449,4416000
2015-04-21,2.3963329792022705,2.4166669845581055,2.3421669006347656,2.369499921798706,2.154844045639038,6054000
2015-04-22,2.399167060852051,2.4719998836517334,2.358333110809326,2.4676671028137207,2.2441179752349854,9702000
2015-04-23,2.3324999809265137,2.3808329105377197,2.2871670722961426,2.3518331050872803,2.138777732849121,11388000
2015-04-24,2.3416669368743896,2.3459999561309814,2.194333076477051,2.236833095550537,2.0341956615448,18216000
2015-04-27,2.242500066757202,2.325000047683716,2.2346670627593994,2.260166883468628,2.055415630340576,8376000
2015-04-28,2.241832971572876,2.2751669883728027,2.1666669845581055,2.263000011444092,2.0579917430877686,4686000
2015-04-29,2.240499973297119,2.246166944503784,2.1558330059051514,2.2249999046325684,2.0234339237213135,7008000
2015-04-30,2.2058329582214355,2.2360000610351562,2.125999927520752,2.1741669178009033,1.9772063493728638,6360000
2015-05-01,2.1958329677581787,2.3606669902801514,2.1958329677581787,2.3436670303344727,2.1313509941101074,17382000
2015-05-04,2.3531670570373535,2.3803329467773438,2.309999942779541,2.3283329010009766,2.117406129837036,7014000
2015-05-05,2.3071670532226562,2.3071670532226562,2.1746668815612793,2.181166887283325,1.983572006225586,11862000
2015-05-06,2.201667070388794,2.2284998893737793,2.124666929244995,2.1730000972747803,1.9761453866958618,9012000
2015-05-07,2.193000078201294,2.25600004196167,2.193000078201294,2.246166944503784,2.0426836013793945,7686000
2015-05-08,2.3001670837402344,2.3385000228881836,2.2868330478668213,2.310499906539917,2.101188898086548,10140000
2015-05-11,2.304832935333252,2.3381669521331787,2.2820000648498535,2.311167001724243,2.1017954349517822,7164000
2015-05-12,2.2881669998168945,2.2911670207977295,2.2184998989105225,2.2558329105377197,2.051474094390869,6732000
2015-05-13,2.2780001163482666,2.3413329124450684,2.274167060852051,2.2926669120788574,2.0849711894989014,5100000
2015-05-14,2.3413329124450684,2.4028329849243164,2.314500093460083,2.377332925796509,2.1619675159454346,10308000
2015-05-15,2.4000000953674316,2.4166669845581055,2.3534998893737793,2.3889999389648438,2.172577381134033,4164000
2015-05-18,2.379667043685913,2.4608330726623535,2.379667043685913,2.453000068664551,2.2307798862457275,6348000
2015-05-19,2.4801669120788574,2.506833076477051,2.4035000801086426,2.430666923522949,2.2104692459106445,6744000
2015-05-20,2.454667091369629,2.5,2.4159998893737793,2.4433329105377197,2.2219879627227783,2923500
2015-05-21,2.436666965484619,2.493333101272583,2.4040000438690186,2.4800000190734863,2.2553329467773438,2389500
2015-05-22,2.487333059310913,2.5233330726623535,2.4806671142578125,2.497999906539917,2.271702766418457,2566500
2015-05-26,2.4733328819274902,2.4913330078125,2.4046669006347656,2.444000005722046,2.222594738006592,4063500
2015-05-27,2.4619998931884766,2.752000093460083,2.456666946411133,2.72933292388916,2.4820785522460938,13917000
2015-05-28,2.73533296585083,2.7806670665740967,2.6826670169830322,2.7366669178009033,2.488748073577881,6607500
2015-05-29,2.75333309173584,2.8006670475006104,2.7300000190734863,2.760667085647583,2.5105745792388916,5224500
2015-06-01,2.807332992553711,2.830667018890381,2.731333017349243,2.7733330726623535,2.5220932960510254,6366000
2015-06-02,2.749332904815674,2.749332904815674,2.6666669845581055,2.675333023071289,2.432971477508545,5436000
2015-06-03,2.7253329753875732,2.7273330688476562,2.619999885559082,2.621999979019165,2.3844687938690186,4191000
2015-06-04,2.5893330574035645,2.619333028793335,2.5306670665740967,2.553333044052124,2.3220231533050537,8517000
2015-06-05,2.5466670989990234,2.5733330249786377,2.4806671142578125,2.557332992553711,2.3256611824035645,6295500
2015-06-08,2.557332992553711,2.560667037963867,2.3919999599456787,2.4166669845581055,2.1977381706237793,10593000
2015-06-09,2.4073328971862793,2.4246668815612793,2.3333330154418945,2.4040000438690186,2.186218738555908,10443000
2015-06-10,2.4560000896453857,2.5213329792022705,2.433332920074463,2.49399995803833,2.2680652141571045,8491500
2015-06-11,2.5280001163482666,2.5333330631256104,2.4860000610351562,2.4926669597625732,2.266853094100952,5124000
2015-06-12,2.4606668949127197,2.4666669368743896,2.4146668910980225,2.4246668815612793,2.205012559890747,3468000
2015-06-15,2.376667022705078,2.4146668910980225,2.309999942779541,2.4066669940948486,2.18864369392395,3541500
2015-06-16,2.384000062942505,2.447999954223633,2.376667022705078,2.431999921798706,2.211682081222534,3762000
2015-06-17,2.450000047683716,2.4653329849243164,2.4079999923706055,2.437333106994629,2.2165322303771973,4078500
2015-06-18,2.458667039871216,2.5733330249786377,2.458667039871216,2.5406670570373535,2.31050443649292,7689000
2015-06-19,2.547333002090454,2.5673329830169678,2.4753329753875732,2.5179998874664307,2.289890766143799,4377000
2015-06-22,2.563333034515381,2.5853331089019775,2.5273330211639404,2.5653328895568848,2.3329362869262695,4977000
2015-06-23,2.576667070388794,2.5940001010894775,2.497999906539917,2.5213329792022705,2.2929224967956543,5640000
2015-06-24,2.512666940689087,2.5313329696655273,2.4433329105377197,2.446666955947876,2.22502064704895,4566000
2015-06-25,2.4886670112609863,2.4886670112609863,2.419332981109619,2.441333055496216,2.22016978263855,3018000
2015-06-26,2.381333112716675,2.381333112716675,2.2279999256134033,2.2633330821990967,2.058295488357544,10182000
2015-06-29,2.1666669845581055,2.2173330783843994,2.064666986465454,2.069999933242798,1.8824766874313354,11571000
2015-06-30,2.127332925796509,2.1419999599456787,2.063999891281128,2.0946669578552246,1.904908537864685,11799000
2015-07-01,2.1726670265197754,2.191333055496216,2.0926671028137207,2.109999895095825,1.918852686882019,10522500
2015-07-02,2.123332977294922,2.1559998989105225,2.107332944869995,2.135999917984009,1.9424967765808105,3387000
2015-07-06,2.0933330059051514,2.135999917984009,2.0153329372406006,2.0506670475006104,1.864894986152649,8164500
2015-07-07,2.047333002090454,2.047333002090454,1.8393330574035645,2.0233330726623535,1.8400366306304932,8449500
2015-07-08,1.9413330554962158,1.9833329916000366,1.8433330059051514,1.8753329515457153,1.7054442167282104,7170000
2015-07-09,1.9666670560836792,1.9739999771118164,1.7860000133514404,1.7860000133514404,1.6242038011550903,11626500
2015-07-10,1.8666670322418213,1.9073330163955688,1.8466670513153076,1.8873330354690552,1.7163567543029785,10768500
2015-07-13,1.9433330297470093,1.9453330039978027,1.8926670551300049,1.9326670169830322,1.7575840950012207,7369500
2015-07-14,1.9533330202102661,2.0086669921875,1.9533330202102661,1.9993330240249634,1.8182108402252197,5853000
2015-07-15,2.0113329887390137,2.0113329887390137,1.9320000410079956,1.9586670398712158,1.7812286615371704,8317500
2015-07-16,2.006666898727417,2.006666898727417,1.9160000085830688,1.9713330268859863,1.7927473783493042,9607500
2015-07-17,1.9520000219345093,1.963333010673523,1.9093329906463623,1.9546669721603394,1.7775912284851074,5380500
2015-07-20,1.9753329753875732,1.9900000095367432,1.9133330583572388,1.914667010307312,1.7412149906158447,4542000
2015-07-21,1.9019999504089355,1.9700000286102295,1.9019999504089355,1.9199999570846558,1.7460646629333496,6831000
2015-07-22,1.7940000295639038,1.7940000295639038,1.713333010673523,1.777999997138977,1.6169286966323853,14968500
2015-07-23,1.8086669445037842,1.9166669845581055,1.8086669445037842,1.8559999465942383,1.6878622770309448,8224500
2015-07-24,1.8946670293807983,1.8946670293807983,1.7366670370101929,1.74399995803833,1.586008906364441,7174500
2015-07-27,1.718000054359436,1.7393330335617065,1.6466670036315918,1.702666997909546,1.5484199523925781,9583500
2015-07-28,1.730666995048523,1.8426669836044312,1.6906670331954956,1.8086669445037842,1.6448174715042114,12343500
2015-07-29,1.8086669445037842,1.8279999494552612,1.7566670179367065,1.8179999589920044,1.653304934501648,9057000
2015-07-30,1.8026670217514038,1.8566670417785645,1.7740000486373901,1.8386670351028442,1.6720998287200928,5058000
2015-07-31,1.8420000076293945,1.8466670513153076,1.7640000581741333,1.7740000486373901,1.6132912635803223,5568000
2015-08-03,1.7619999647140503,1.7786669731140137,1.7273329496383667,1.7566670179367065,1.5975285768508911,3805500
2015-08-04,1.7400000095367432,1.7506669759750366,1.6640000343322754,1.6979999542236328,1.5441759824752808,6415500
2015-08-05,1.718000054359436,1.7979999780654907,1.718000054359436,1.7613329887390137,1.601771593093872,7600500
2015-08-06,1.7666670083999634,1.7666670083999634,1.6273330450057983,1.6693329811096191,1.5181061029434204,7930500
2015-08-07,1.6666669845581055,1.7013330459594727,1.6466670036315918,1.696666955947876,1.5429636240005493,6246000
2015-08-10,1.7333329916000366,1.8306670188903809,1.7333329916000366,1.8240000009536743,1.6587615013122559,8170500
2015-08-11,1.7879999876022339,1.7879999876022339,1.675333023071289,1.7000000476837158,1.5459946393966675,7215000
2015-08-12,1.6493330001831055,1.7533329725265503,1.598667025566101,1.7286670207977295,1.5720645189285278,9519000
2015-08-13,1.7286670207977295,1.7519999742507935,1.6759999990463257,1.6759999990463257,1.5241690874099731,7285500
2015-08-14,1.6619999408721924,1.6720000505447388,1.6153329610824585,1.6466670036315918,1.4974933862686157,5598000
2015-08-17,1.621999979019165,1.6959999799728394,1.600000023841858,1.6959999799728394,1.5423574447631836,4459500
2015-08-18,1.692667007446289,1.692667007446289,1.5833330154418945,1.591333031654358,1.447171688079834,8851500
2015-08-19,1.5959999561309814,1.6019999980926514,1.5153330564498901,1.5466669797897339,1.4065524339675903,7707000
2015-08-20,1.5066670179367065,1.5066670179367065,1.3733329772949219,1.3746670484542847,1.2501338720321655,13956000
2015-08-21,1.3226670026779175,1.3819999694824219,1.2606669664382935,1.2773330211639404,1.1616178750991821,12129000
2015-08-24,1.0213329792022705,1.340000033378601,1.003999948501587,1.179332971572876,1.072495698928833,29239500
2015-08-25,1.3066669702529907,1.3240000009536743,1.1406669616699219,1.1406669616699219,1.037332534790039,14115000
2015-08-26,1.2519999742507935,1.314666986465454,1.1779999732971191,1.309999942779541,1.1913251876831055,21187500
2015-08-27,1.3799999952316284,1.4620000123977661,1.3726669549942017,1.457332968711853,1.3253109455108643,24174000
2015-08-28,1.4259999990463257,1.4906669855117798,1.4259999990463257,1.48533296585083,1.3507745265960693,10723500
2015-08-31,1.446666955947876,1.5140000581741333,1.425333023071289,1.4673329591751099,1.3344049453735352,9834000
2015-09-01,1.3466670513153076,1.425333023071289,1.2913329601287842,1.315999984741211,1.1967817544937134,13606500
2015-09-02,1.3813329935073853,1.408666968345642,1.335332989692688,1.408666968345642,1.2810540199279785,5200500
2015-09-03,1.4359999895095825,1.4966670274734497,1.4286669492721558,1.4413330554962158,1.3107606172561646,7801500
2015-09-04,1.3713330030441284,1.4193329811096191,1.3480000495910645,1.3646670579910278,1.2410398721694946,7768500
2015-09-08,1.4600000381469727,1.5486669540405273,1.4566669464111328,1.5433330535888672,1.4035204648971558,11443500
2015-09-09,1.5886670351028442,1.6206669807434082,1.4520000219345093,1.4620000123977661,1.329555630683899,17734500
2015-09-10,1.4600000381469727,1.5219999551773071,1.4173330068588257,1.4826669692993164,1.3483502864837646,8355000
2015-09-11,1.437999963760376,1.4866670370101929,1.4213329553604126,1.4819999933242798,1.3477437496185303,6459000
2015-09-14,1.5019999742507935,1.5173330307006836,1.4773329496383667,1.4966670274734497,1.3610819578170776,5242500
2015-09-15,1.5099999904632568,1.5626670122146606,1.5099999904632568,1.5479999780654907,1.4077646732330322,5133000
2015-09-16,1.5466669797897339,1.5653330087661743,1.5113329887390137,1.5606670379638672,1.419284462928772,6328500
2015-09-17,1.5606670379638672,1.5973329544067383,1.512666940689087,1.5186669826507568,1.3810890913009644,10005000
2015-09-18,1.4559999704360962,1.5013329982757568,1.4246670007705688,1.442667007446289,1.3119739294052124,9004500
2015-09-21,1.4666670560836792,1.4846669435501099,1.4093329906463623,1.4279999732971191,1.2986356019973755,7872000
2015-09-22,1.3519999980926514,1.3706669807434082,1.3173329830169678,1.3346669673919678,1.2137576341629028,10623000
2015-09-23,1.3386670351028442,1.3580000400543213,1.3006670475006104,1.3040000200271606,1.1858689785003662,5457000
2015-09-24,1.2699999809265137,1.3240000009536743,1.1959999799728394,1.2986669540405273,1.1810190677642822,11694000
2015-09-25,1.352666974067688,1.378000020980835,1.281999945640564,1.3186670541763306,1.1992075443267822,14334000
2015-09-28,1.2906670570373535,1.3173329830169678,1.2086670398712158,1.2086670398712158,1.0991721153259277,19645500
2015-09-29,1.224666953086853,1.2686669826507568,1.1893329620361328,1.23533296585083,1.123422622680664,8577000
2015-09-30,1.2913329601287842,1.3799999952316284,1.2906670570373535,1.3733329772949219,1.2489207983016968,11164500
2015-10-01,1.3706669807434082,1.3706669807434082,1.2566670179367065,1.3279999494552612,1.2076945304870605,11292000
2015-10-02,1.2826670408248901,1.4133330583572388,1.2713329792022705,1.4133330583572388,1.2852973937988281,11044500
2015-10-05,1.4520000219345093,1.5140000581741333,1.4359999895095825,1.4919999837875366,1.356837511062622,11214000
2015-10-06,1.5073330402374268,1.5199999809265137,1.4266669750213623,1.5073330402374268,1.370781660079956,10017000
2015-10-07,1.542667031288147,1.5953329801559448,1.4900000095367432,1.5753329992294312,1.4326215982437134,13086000
2015-10-08,1.5579999685287476,1.6053329706192017,1.5213329792022705,1.6046669483184814,1.459297776222229,10491000
2015-10-09,1.5959999561309814,1.6119999885559082,1.5386669635772705,1.562000036239624,1.4204968214035034,9637500
2015-10-12,1.562000036239624,1.5766669511795044,1.5440000295639038,1.5686670541763306,1.4265592098236084,3466500
2015-10-13,1.5313329696655273,1.559999942779541,1.504667043685913,1.5053329467773438,1.3689626455307007,5832000
2015-10-14,1.5333329439163208,1.7146669626235962,1.5186669826507568,1.675333023071289,1.5235625505447388,12873000
2015-10-15,1.7126669883728027,1.7586669921875,1.6779999732971191,1.7253329753875732,1.569032907485962,7219500
2015-10-16,1.7333329916000366,1.7386670112609863,1.690000057220459,1.7319999933242798,1.575095772743225,3847500
2015-10-19,1.707332968711853,1.76466703414917,1.692667007446289,1.7313330173492432,1.574489712715149,3388500
2015-10-20,1.7213330268859863,1.7433329820632935,1.6979999542236328,1.7233330011367798,1.5672143697738647,3612000
2015-10-21,1.7799999713897705,1.8320000171661377,1.7319999933242798,1.7326669692993164,1.575702428817749,7911000
2015-10-22,1.807332992553711,1.9220000505447388,1.807332992553711,1.908666968345642,1.7357581853866577,9553500
2015-10-23,1.9686670303344727,1.9986670017242432,1.9046670198440552,1.9833329916000366,1.8036603927612305,12801000
2015-10-26,1.9566669464111328,1.9593329429626465,1.8466670513153076,1.8646670579910278,1.6957441568374634,7888500
2015-10-27,1.8266669511795044,1.8646670579910278,1.8126670122146606,1.8259999752044678,1.6605801582336426,5899500
2015-10-28,1.8606669902801514,1.9220000505447388,1.8420000076293945,1.920667052268982,1.7466713190078735,7332000
2015-10-29,1.8053330183029175,1.8113329410552979,1.7366670370101929,1.7519999742507935,1.593284010887146,7363500
2015-10-30,1.7633329629898071,1.8133330345153809,1.7633329629898071,1.7966669797897339,1.6339044570922852,4933500
2015-11-02,1.8140000104904175,1.850000023841858,1.8046669960021973,1.8420000076293945,1.675130844116211,4515000
2015-11-03,1.8366669416427612,1.8919999599456787,1.829332947731018,1.869333028793335,1.6999872922897339,3586500
2015-11-04,1.8753329515457153,1.899999976158142,1.8466670513153076,1.8893330097198486,1.7181758880615234,4272000
2015-11-05,1.8673330545425415,1.8673330545425415,1.7586669921875,1.7713329792022705,1.6108657121658325,6928500
2015-11-06,1.7993329763412476,1.909999966621399,1.7993329763412476,1.9046670198440552,1.7321209907531738,7741500
2015-11-09,1.8906669616699219,1.8906669616699219,1.8226670026779175,1.8506669998168945,1.68301260471344,4533000
2015-11-10,1.7920000553131104,1.7999999523162842,1.7333329916000366,1.75,1.5914654731750488,6873000
2015-11-11,1.7619999647140503,1.812000036239624,1.75,1.753999948501587,1.5951029062271118,6765000
2015-11-12,1.73533296585083,1.7586669921875,1.6873329877853394,1.6893329620361328,1.5362941026687622,5874000
2015-11-13,1.6846669912338257,1.7039999961853027,1.6213330030441284,1.6419999599456787,1.4932490587234497,8245500
2015-11-16,1.6393330097198486,1.7053329944610596,1.6380000114440918,1.7033330202102661,1.5490257740020752,4926000
2015-11-17,1.7053329944610596,1.7760000228881836,1.7020000219345093,1.7366670370101929,1.5793399810791016,5721000
2015-11-18,1.7386670112609863,1.792667031288147,1.7053329944610596,1.7879999876022339,1.626022458076477,7293000
2015-11-19,1.797333002090454,1.8473329544067383,1.7699999809265137,1.8006670475006104,1.6375421285629272,4227000
2015-11-20,1.8233330249786377,1.8466670513153076,1.8020000457763672,1.8193329572677612,1.6545171737670898,4059000
2015-11-23,1.8226670026779175,1.8226670026779175,1.7433329820632935,1.7466670274734497,1.5884343385696411,4002000
2015-11-24,1.7333329916000366,1.824666976928711,1.694000005722046,1.8140000104904175,1.649667501449585,6042000
2015-11-25,1.8226670026779175,1.8466670513153076,1.7960000038146973,1.8186670541763306,1.653911828994751,2290500
2015-11-27,1.835332989692688,1.8639999628067017,1.8279999494552612,1.8593330383300781,1.690893530845642,1800000
2015-11-30,1.8660000562667847,1.9193329811096191,1.8553329706192017,1.9160000085830688,1.7424266338348389,4113000
2015-12-01,1.9273329973220825,1.99399995803833,1.9273329973220825,1.9906669855117798,1.810329794883728,8346000
2015-12-02,2.001332998275757,2.0299999713897705,1.952666997909546,1.9626669883728027,1.7848663330078125,9337500
2015-12-03,2.0313329696655273,2.049999952316284,1.897333025932312,1.9259999990463257,1.7515207529067993,6945000
2015-12-04,1.9413330554962158,2.0446670055389404,1.909999966621399,2.0326669216156006,1.8485249280929565,6492000
2015-12-07,2.0213329792022705,2.0213329792022705,1.9666670560836792,1.974666953086853,1.7957793474197388,3729000
2015-12-08,1.8933329582214355,1.9459999799728394,1.8706669807434082,1.9266669750213623,1.7521275281906128,6631500
2015-12-09,1.9106669425964355,1.935333013534546,1.8253329992294312,1.850000023841858,1.682405948638916,6715500
2015-12-10,1.8513330221176147,1.925333023071289,1.850000023841858,1.8819999694824219,1.7115070819854736,5155500
2015-12-11,1.8273329734802246,1.8426669836044312,1.762666940689087,1.7713329792022705,1.6108657121658325,7531500
2015-12-14,1.7686669826507568,1.7906670570373535,1.684000015258789,1.737333059310913,1.5799458026885986,8115000
2015-12-15,1.7740000486373901,1.8386670351028442,1.7633329629898071,1.8173329830169678,1.6526986360549927,5202000
2015-12-16,1.835332989692688,1.8706669807434082,1.7719999551773071,1.8593330383300781,1.690893530845642,5487000
2015-12-17,1.8899999856948853,1.9106669425964355,1.7773330211639404,1.7773330211639404,1.6163221597671509,5890500
2015-12-18,1.7400000095367432,1.7666670083999634,1.7066669464111328,1.7146669626235962,1.5593332052230835,5401500
2015-12-21,1.7580000162124634,1.8106670379638672,1.7446670532226562,1.809999942779541,1.6460298299789429,3751500
2015-12-22,1.8320000171661377,1.835332989692688,1.773332953453064,1.8166669607162476,1.6520928144454956,2517000
2015-12-23,1.8320000171661377,1.8580000400543213,1.809999942779541,1.8559999465942383,1.6878622770309448,3277500
2015-12-24,1.8473329544067383,1.8940000534057617,1.8433330059051514,1.8753329515457153,1.7054442167282104,1558500
2015-12-28,1.8533329963684082,1.8533329963684082,1.7960000038146973,1.8533329963684082,1.6854369640350342,3654000
2015-12-29,1.8899999856948853,1.9420000314712524,1.8673330545425415,1.920667052268982,1.7466713190078735,5613000
2015-12-30,1.909999966621399,1.9286669492721558,1.8593330383300781,1.8613330125808716,1.692712426185608,3543000
2015-12-31,1.8373329639434814,1.8459999561309814,1.7846670150756836,1.7846670150756836,1.6229918003082275,2239500
2016-01-04,1.6826670169830322,1.7253329753875732,1.6486669778823853,1.7239999771118164,1.5678209066390991,6852000
2016-01-05,1.74399995803833,1.745332956314087,1.6660000085830688,1.670667052268982,1.5193191766738892,7008000
2016-01-06,1.5893330574035645,1.5920000076293945,1.4913330078125,1.5360000133514404,1.3968517780303955,8817000
2016-01-07,1.4193329811096191,1.4826669692993164,1.3680000305175781,1.3786669969558716,1.2537716627120972,8475000
2016-01-08,1.4079999923706055,1.420667052268982,1.3066669702529907,1.3106670379638672,1.191931962966919,9717000
2016-01-11,1.3333330154418945,1.3666670322418213,1.2766669988632202,1.3306670188903809,1.2101202011108398,9301500
2016-01-12,1.378000020980835,1.401332974433899,1.307332992553711,1.3639999628067017,1.2404335737228394,8331000
2016-01-13,1.3666670322418213,1.3946670293807983,1.230666995048523,1.2346669435501099,1.122816801071167,6531000
2016-01-14,1.2506669759750366,1.3306670188903809,1.1979999542236328,1.3106670379638672,1.191931962966919,8373000
2016-01-15,1.1526670455932617,1.1813329458236694,1.0806670188903809,1.1339999437332153,1.0312693119049072,12220500
2016-01-19,1.1933330297470093,1.2120000123977661,1.1073329448699951,1.1380000114440918,1.0349071025848389,9246000
2016-01-20,1.0933330059051514,1.1953330039978027,1.0640000104904175,1.159999966621399,1.0549142360687256,11091000
2016-01-21,1.1920000314712524,1.25600004196167,1.156000018119812,1.2079999446868896,1.0985660552978516,13318500
2016-01-22,1.2760000228881836,1.3040000200271606,1.254667043685913,1.2786669731140137,1.1628310680389404,12348000
2016-01-25,1.26466703414917,1.2773330211639404,1.215999960899353,1.2239999771118164,1.1131163835525513,7657500
2016-01-26,1.2433329820632935,1.2886669635772705,1.2213330268859863,1.2599999904632568,1.1458548307418823,7986000
2016-01-27,1.2380000352859497,1.2860000133514404,1.1959999799728394,1.2153329849243164,1.105234146118164,9180000
2016-01-28,1.245332956314087,1.2506669759750366,1.1779999732971191,1.2046669721603394,1.0955345630645752,6303000
2016-01-29,1.224666953086853,1.3700000047683716,1.224666953086853,1.3673330545425415,1.243464469909668,11986500
2016-02-01,1.3386670351028442,1.408666968345642,1.3266669511795044,1.3880000114440918,1.2622591257095337,8037000
2016-02-02,1.3426669836044312,1.3426669836044312,1.2366670370101929,1.2506669759750366,1.1373677253723145,8760000
2016-02-03,1.2940000295639038,1.2999999523162842,1.1826670169830322,1.2606669664382935,1.1464617252349854,9664500
2016-02-04,1.2666670083999634,1.3480000495910645,1.2573330402374268,1.3226670026779175,1.2028450965881348,13746000
2016-02-05,1.3106670379638672,1.3106670379638672,1.1713329553604126,1.1886670589447021,1.0809842348098755,16936500
2016-02-08,1.1293330192565918,1.1333329677581787,1.0433330535888672,1.0966670513153076,0.9973184466362,10143000
2016-02-09,1.055999994277954,1.1380000114440918,1.047333002090454,1.0753329992294312,0.9779173135757446,6549000
2016-02-10,1.113332986831665,1.1353329420089722,1.0506670475006104,1.0520000457763672,0.9566980600357056,13690500
2016-02-11,1.0,1.047333002090454,0.9886670112609863,1.027999997138977,0.9348720908164978,18111000
2016-02-12,1.0800000429153442,1.1006669998168945,1.019333004951477,1.0959999561309814,0.9967119097709656,14359500
2016-02-16,1.1446670293807983,1.230666995048523,1.1293330192565918,1.2120000123977661,1.102203369140625,19578000
2016-02-17,1.237333059310913,1.3066669702529907,1.2313330173492432,1.2986669540405273,1.1810190677642822,18730500
2016-02-18,1.3300000429153442,1.3306670188903809,1.275333046913147,1.277999997138977,1.1622241735458374,11878500
2016-02-19,1.2746670246124268,1.3193329572677612,1.2699999809265137,1.2953330278396606,1.1779868602752686,7744500
2016-02-22,1.3420000076293945,1.3793330192565918,1.3380000591278076,1.3566670417785645,1.233764410018921,8479500
2016-02-23,1.3266669511795044,1.3480000495910645,1.2853330373764038,1.2906670570373535,1.1737438440322876,5545500
2016-02-24,1.2466670274734497,1.3533329963684082,1.2233330011367798,1.3446669578552246,1.2228518724441528,14658000
2016-02-25,1.3639999628067017,1.3980000019073486,1.312000036239624,1.3966670036315918,1.2701411247253418,9294000
2016-02-26,1.4279999732971191,1.4359999895095825,1.4006669521331787,1.4179999828338623,1.289541482925415,11154000
2016-02-29,1.440000057220459,1.4839999675750732,1.4106669425964355,1.4106669425964355,1.2828727960586548,15354000
2016-03-01,1.463333010673523,1.5293329954147339,1.440000057220459,1.527999997138977,1.3895763158798218,12424500
2016-03-02,1.5306669473648071,1.5546669960021973,1.5113329887390137,1.5540000200271606,1.4132211208343506,8562000
2016-03-03,1.553333044052124,1.5666669607162476,1.5246670246124268,1.557332992553711,1.4162522554397583,9262500
2016-03-04,1.591333031654358,1.6453330516815186,1.5553330183029175,1.6066670417785645,1.461116909980774,17245500
2016-03-07,1.5693329572677612,1.6460000276565552,1.557332992553711,1.6246670484542847,1.4774863719940186,13198500
2016-03-08,1.585332989692688,1.590000033378601,1.5093330144882202,1.5140000581741333,1.376844882965088,13114500
2016-03-09,1.5353330373764038,1.5633330345153809,1.51466703414917,1.551332950592041,1.4107954502105713,10950000
2016-03-10,1.5759999752044678,1.6166670322418213,1.5080000162124634,1.5720000267028809,1.4295907020568848,10504500
2016-03-11,1.6180000305175781,1.6660000085830688,1.6139999628067017,1.6653330326080322,1.5144683122634888,10131000
2016-03-14,1.6540000438690186,1.6679999828338623,1.628000020980835,1.6460000276565552,1.496886968612671,10215000
2016-03-15,1.6293330192565918,1.636667013168335,1.5959999561309814,1.636667013168335,1.4883993864059448,10891500
2016-03-16,1.6239999532699585,1.6886670589447021,1.6073329448699951,1.6820000410079956,1.5296255350112915,12388500
2016-03-17,1.6740000247955322,1.7286670207977295,1.659999966621399,1.7186670303344727,1.5629709959030151,10372500
2016-03-18,1.7293330430984497,1.7906670570373535,1.713333010673523,1.7873330116271973,1.6254165172576904,9391500
2016-03-21,1.7666670083999634,1.797333002090454,1.7446670532226562,1.7960000038146973,1.6332980394363403,6912000
2016-03-22,1.775333046913147,1.8086669445037842,1.7519999742507935,1.7913329601287842,1.6290539503097534,6469500
2016-03-23,1.781999945640564,1.7833329439163208,1.7166670560836792,1.7193330526351929,1.5635762214660645,7260000
2016-03-24,1.6806670427322388,1.7166670560836792,1.658666968345642,1.7153329849243164,1.559938907623291,10165500
2016-03-28,1.7433329820632935,1.7433329820632935,1.690000057220459,1.713333010673523,1.5581200122833252,8259000
2016-03-29,1.6959999799728394,1.7879999876022339,1.6660000085830688,1.7786669731140137,1.6175353527069092,8484000
2016-03-30,1.812000036239624,1.863332986831665,1.8079999685287476,1.8320000171661377,1.6660363674163818,8788500
2016-03-31,1.8153330087661743,1.8273329734802246,1.797333002090454,1.8006670475006104,1.6375421285629272,6111000
2016-04-01,1.7746670246124268,1.8373329639434814,1.7419999837875366,1.8359999656677246,1.6696741580963135,8401500
2016-04-04,1.8359999656677246,1.8380000591278076,1.7766669988632202,1.7853330373764038,1.623597502708435,6859500
2016-04-05,1.7419999837875366,1.7933330535888672,1.726667046546936,1.7533329725265503,1.5944963693618774,4804500
2016-04-06,1.7513329982757568,1.8113329410552979,1.7066669464111328,1.8066669702529907,1.6429988145828247,7842000
2016-04-07,1.7786669731140137,1.786666989326477,1.7046669721603394,1.722000002861023,1.566001534461975,4113000
2016-04-08,1.7726670503616333,1.7966669797897339,1.730666995048523,1.7480000257492065,1.5896464586257935,5931000
2016-04-11,1.7760000228881836,1.824666976928711,1.745332956314087,1.745332956314087,1.5872207880020142,4776000
2016-04-12,1.7519999742507935,1.7706669569015503,1.6720000505447388,1.7400000095367432,1.5823713541030884,6948000
2016-04-13,1.7746670246124268,1.8613330125808716,1.7699999809265137,1.858667016029358,1.690287470817566,8346000
2016-04-14,1.8086669445037842,1.8220000267028809,1.7580000162124634,1.8133330345153809,1.6490607261657715,7392000
2016-04-15,1.8173329830169678,1.8173329830169678,1.7633329629898071,1.76466703414917,1.6048035621643066,4174500
2016-04-18,1.7333329916000366,1.781999945640564,1.7333329916000366,1.7673330307006836,1.60722815990448,5779500
2016-04-19,1.775333046913147,1.784000039100647,1.6806670427322388,1.7000000476837158,1.5459946393966675,7656000
2016-04-20,1.690000057220459,1.7740000486373901,1.6866669654846191,1.75,1.5914654731750488,6774000
2016-04-21,1.7513329982757568,1.7513329982757568,1.6953330039978027,1.7193330526351929,1.5635762214660645,3598500
2016-04-22,1.7233330011367798,1.7746670246124268,1.687999963760376,1.7286670207977295,1.5720645189285278,4846500
2016-04-25,1.7093329429626465,1.7406669855117798,1.685333013534546,1.6973329782485962,1.5435694456100464,3564000
2016-04-26,1.7359999418258667,1.8126670122146606,1.7259999513626099,1.7653330564498901,1.6054091453552246,5229000
2016-04-27,1.7146669626235962,1.8286670446395874,1.7086670398712158,1.8220000267028809,1.6569429636001587,7045500
2016-04-28,1.784000039100647,1.820667028427124,1.6640000343322754,1.675333023071289,1.5235625505447388,8776500
2016-04-29,1.6606669425964355,1.6606669425964355,1.50600004196167,1.5466669797897339,1.4065524339675903,10438500
2016-05-02,1.5526670217514038,1.585332989692688,1.5213329792022705,1.5786670446395874,1.4356536865234375,4453500
2016-05-03,1.536666989326477,1.5546669960021973,1.503999948501587,1.5260000228881836,1.387757658958435,4360500
2016-05-04,1.4866670370101929,1.523332953453064,1.457332968711853,1.4713330268859863,1.338042974472046,4780500
2016-05-05,1.5140000581741333,1.5273330211639404,1.4686670303344727,1.4826669692993164,1.3483502864837646,5563500
2016-05-06,1.4686670303344727,1.4893330335617065,1.4286669492721558,1.4886670112609863,1.353806972503662,3399000
2016-05-09,1.4946670532226562,1.523332953453064,1.4713330268859863,1.4819999933242798,1.3477437496185303,3502500
2016-05-10,1.49733304977417,1.5386669635772705,1.4706670045852661,1.5373330116271973,1.398064136505127,4980000
2016-05-11,1.527999997138977,1.5673329830169678,1.5206669569015503,1.523332953453064,1.3853325843811035,7488000
2016-05-12,1.5406670570373535,1.5433330535888672,1.4066669940948486,1.442667007446289,1.3119739294052124,8350500
2016-05-13,1.4479999542236328,1.49399995803833,1.4459999799728394,1.4600000381469727,1.327736496925354,6027000
2016-05-16,1.4693330526351929,1.5593329668045044,1.468000054359436,1.527999997138977,1.3895763158798218,8338500
2016-05-17,1.5266669988632202,1.5486669540405273,1.4866670370101929,1.4980000257492065,1.36229407787323,4624500
2016-05-18,1.4693330526351929,1.6093330383300781,1.4693330526351929,1.570667028427124,1.4283781051635742,10564500
2016-05-19,1.5520000457763672,1.5826669931411743,1.5019999742507935,1.5399999618530273,1.4004892110824585,5457000
2016-05-20,1.6160000562667847,1.6873329877853394,1.6013330221176147,1.6833330392837524,1.5308380126953125,9211500
2016-05-23,1.7313330173492432,1.7653330564498901,1.7106670141220093,1.7200000286102295,1.564182996749878,6511500
2016-05-24,1.7599999904632568,1.8493330478668213,1.75,1.8446669578552246,1.6775563955307007,9954000
2016-05-25,1.8733329772949219,1.8899999856948853,1.8333330154418945,1.8773330450057983,1.7072631120681763,10669500
2016-05-26,1.8986669778823853,1.9079999923706055,1.8700000047683716,1.8960000276565552,1.7242388725280762,4302000
2016-05-27,1.8960000276565552,1.940000057220459,1.8960000276565552,1.9306670427322388,1.7557655572891235,3603000
2016-05-31,1.946666955947876,1.968000054359436,1.9240000247955322,1.9620000123977661,1.7842599153518677,4935000
2016-06-01,1.9626669883728027,2.000667095184326,1.935333013534546,1.996000051498413,1.8151793479919434,4663500
2016-06-02,1.974666953086853,1.9946670532226562,1.957332968711853,1.9946670532226562,1.8139677047729492,3682500
2016-06-03,2.0439999103546143,2.053999900817871,1.976667046546936,2.0133330821990967,1.8309422731399536,4863000
2016-06-06,2.0253329277038574,2.0486669540405273,1.9866670370101929,1.9980000257492065,1.8169986009597778,4572000
2016-06-07,2.0239999294281006,2.0673329830169678,2.0239999294281006,2.0566670894622803,1.870350956916809,5604000
2016-06-08,2.0546669960021973,2.069333076477051,2.0346670150756836,2.051332950592041,1.8654998540878296,4368000
2016-06-09,2.00600004196167,2.062666893005371,1.9886670112609863,2.059333086013794,1.8727749586105347,5599500
2016-06-10,1.99399995803833,1.99399995803833,1.935333013534546,1.9559999704360962,1.7788034677505493,5686500
2016-06-13,1.920667052268982,1.99399995803833,1.9153330326080322,1.929332971572876,1.7545520067214966,5010000
2016-06-14,1.9006669521331787,1.9393329620361328,1.8713330030441284,1.9240000247955322,1.7497023344039917,6199500
2016-06-15,1.9539999961853027,1.9686670303344727,1.9160000085830688,1.9246670007705688,1.750308871269226,3606000
2016-06-16,1.8553329706192017,1.9273329973220825,1.824666976928711,1.9226670265197754,1.7484899759292603,7249500
2016-06-17,1.9126670360565186,1.9266669750213623,1.8339999914169312,1.8746670484542847,1.7048386335372925,3912000
2016-06-20,1.9653329849243164,2.0073330402374268,1.9346669912338257,1.937999963760376,1.7624346017837524,5973000
2016-06-21,1.9673329591751099,1.9700000286102295,1.9346669912338257,1.9579999446868896,1.7806222438812256,2568000
2016-06-22,1.9559999704360962,2.0133330821990967,1.944000005722046,1.9493329524993896,1.7727402448654175,3489000
2016-06-23,2.0306670665740967,2.1026670932769775,2.0139999389648438,2.101332902908325,1.9109705686569214,5671500
2016-06-24,1.8166669607162476,1.9246670007705688,1.730666995048523,1.7466670274734497,1.5884343385696411,11479500
2016-06-27,1.6846669912338257,1.6846669912338257,1.5066670179367065,1.5386669635772705,1.3992770910263062,11446500
2016-06-28,1.6119999885559082,1.6713329553604126,1.6006669998168945,1.6619999408721924,1.5114372968673706,14646000
2016-06-29,1.7233330011367798,1.7799999713897705,1.7020000219345093,1.7619999647140503,1.6023778915405273,9870000
2016-06-30,1.7726670503616333,1.8580000400543213,1.7553329467773438,1.8580000400543213,1.6896815299987793,5794500
2016-07-01,1.8046669960021973,1.824666976928711,1.7893329858779907,1.7979999780654907,1.6351168155670166,4080000
2016-07-05,1.7606669664382935,1.7613329887390137,1.6740000247955322,1.707332968711853,1.5526633262634277,4137000
2016-07-06,1.6726670265197754,1.722000002861023,1.6206669807434082,1.7146669626235962,1.5593332052230835,6273000
2016-07-07,1.7259999513626099,1.8140000104904175,1.7259999513626099,1.7773330211639404,1.6163221597671509,6213000
2016-07-08,1.829332947731018,1.9286669492721558,1.8273329734802246,1.9266669750213623,1.7521275281906128,9957000
2016-07-11,1.968000054359436,2.01466703414917,1.9646669626235962,1.9900000095367432,1.8097230195999146,9292500
2016-07-12,2.041332960128784,2.0886669158935547,2.0366671085357666,2.0713329315185547,1.883687973022461,6894000
2016-07-13,2.0933330059051514,2.1146669387817383,2.0653328895568848,2.076667070388794,1.8885395526885986,5205000
2016-07-14,2.134000062942505,2.140000104904175,2.0820000171661377,2.121999979019165,1.9297651052474976,6063000
2016-07-15,2.124666929244995,2.129333019256592,2.0933330059051514,2.117332935333252,1.925520658493042,4302000
2016-07-18,2.181333065032959,2.2233328819274902,2.179332971572876,2.2126669883728027,2.0122182369232178,5875500
2016-07-19,2.198667049407959,2.2060000896453857,2.1686670780181885,2.186666965484619,1.9885741472244263,3187500
2016-07-20,2.2113330364227295,2.310667037963867,2.2060000896453857,2.2920000553131104,2.0843653678894043,6294000
2016-07-21,2.2946670055389404,2.303999900817871,2.2160000801086426,2.24399995803833,2.04071307182312,5059500
2016-07-22,2.22933292388916,2.2806670665740967,2.180666923522949,2.2793331146240234,2.072844982147217,5407500
2016-07-25,2.2853329181671143,2.330667018890381,2.2853329181671143,2.315999984741211,2.1061902046203613,4806000
2016-07-26,2.382667064666748,2.618666887283325,2.382667064666748,2.5986669063568115,2.363250732421875,15642000
2016-07-27,2.6566669940948486,2.6606669425964355,2.5353329181671143,2.582667112350464,2.348700523376465,8205000
2016-07-28,2.5333330631256104,2.5959999561309814,2.504667043685913,2.5420000553131104,2.3117165565490723,5161500
2016-07-29,2.5446670055389404,2.562000036239624,2.4746670722961426,2.50333309173584,2.276552677154541,5205000
2016-08-01,2.5366671085357666,2.5446670055389404,2.4886670112609863,2.516666889190674,2.2886791229248047,3016500
2016-08-02,2.501332998275757,2.501332998275757,2.355333089828491,2.3959999084472656,2.1789426803588867,7983000
2016-08-03,2.3540000915527344,2.4126670360565186,2.3540000915527344,2.4126670360565186,2.1940999031066895,4182000
2016-08-04,2.430666923522949,2.4773330688476562,2.413332939147949,2.4753329753875732,2.251089096069336,5209500
2016-08-05,2.5220000743865967,2.5759999752044678,2.509999990463257,2.569999933242798,2.3371808528900146,5161500
2016-08-08,2.5940001010894775,2.614000082015991,2.547333002090454,2.559333086013794,2.327479839324951,3063000
2016-08-09,2.5753331184387207,2.648667097091675,2.574666976928711,2.625333070755005,2.3875010013580322,3786000
2016-08-10,2.6353330612182617,2.6373329162597656,2.5360000133514404,2.564666986465454,2.3323307037353516,5244000
2016-08-11,2.5833330154418945,2.609999895095825,2.5566670894622803,2.601332902908325,2.3656747341156006,2359500
2016-08-12,2.5999999046325684,2.6526670455932617,2.5999999046325684,2.634666919708252,2.395988941192627,4086000
2016-08-15,2.6593329906463623,2.762666940689087,2.6566669940948486,2.74399995803833,2.4954171180725098,4903500
2016-08-16,2.740000009536743,2.740000009536743,2.675333023071289,2.685333013534546,2.4420650005340576,2446500
2016-08-17,2.694000005722046,2.694000005722046,2.640000104904175,2.684000015258789,2.4408528804779053,3484500
2016-08-18,2.6706669330596924,2.743333101272583,2.6706669330596924,2.743333101272583,2.4948105812072754,3172500
2016-08-19,2.75266695022583,2.8333330154418945,2.7446670532226562,2.814666986465454,2.559682607650757,4912500
2016-08-22,2.805999994277954,2.8406670093536377,2.7826669216156006,2.818000078201294,2.562713146209717,3501000
2016-08-23,2.857332944869995,2.8973329067230225,2.8546669483184814,2.863332986831665,2.6039395332336426,4677000
2016-08-24,2.863332986831665,2.878667116165161,2.7639999389648438,2.7893331050872803,2.5366430282592773,4705500
2016-08-25,2.8213329315185547,2.859333038330078,2.7613329887390137,2.8233330249786377,2.56756329536438,3475500
2016-08-26,2.8413329124450684,2.923332929611206,2.799999952316284,2.8626670837402344,2.603334426879883,3075000
2016-08-29,2.879333019256592,2.927333116531372,2.879333019256592,2.8919999599456787,2.6300106048583984,5029500
2016-08-30,2.8973329067230225,2.9433329105377197,2.8433330059051514,2.8666670322418213,2.6069724559783936,4834500
2016-08-31,2.871999979019165,2.881333112716675,2.822666883468628,2.868666887283325,2.608790874481201,2962500
2016-09-01,2.874000072479248,2.944000005722046,2.828666925430298,2.944000005722046,2.6772994995117188,5970000
2016-09-02,2.9779999256134033,2.9779999256134033,2.888667106628418,2.927999973297119,2.6627488136291504,4899000
2016-09-06,2.9766669273376465,2.9766669273376465,2.861332893371582,2.9033329486846924,2.6403162479400635,2661000
2016-09-07,2.9113330841064453,2.9240000247955322,2.8253331184387207,2.8393330574035645,2.5821142196655273,4519500
2016-09-08,2.813333034515381,2.8473329544067383,2.7753329277038574,2.826667070388794,2.5705957412719727,4620000
2016-09-09,2.7633330821990967,2.7633330821990967,2.501332998275757,2.5153329372406006,2.2874655723571777,7638000
2016-09-12,2.4606668949127197,2.673332929611206,2.433332920074463,2.6659998893737793,2.4244840145111084,7582500
2016-09-13,2.620666980743408,2.692667007446289,2.552000045776367,2.5886669158935547,2.3541557788848877,4434000
2016-09-14,2.5966670513153076,2.680666923522949,2.564666986465454,2.6626670360565186,2.421452283859253,5754000
2016-09-15,2.6760001182556152,2.861999988555908,2.6626670360565186,2.8466670513153076,2.5887835025787354,11305500
2016-09-16,2.9200000762939453,2.925333023071289,2.7826669216156006,2.8480000495910645,2.5899956226348877,5265000
2016-09-19,2.913332939147949,2.9846670627593994,2.830667018890381,2.861999988555908,2.6027281284332275,5494500
2016-09-20,2.9013330936431885,2.913332939147949,2.7986669540405273,2.8259999752044678,2.569988965988159,3736500
2016-09-21,2.8626670837402344,2.947999954223633,2.8253331184387207,2.936666965484619,2.67063045501709,3955500
2016-09-22,2.9866669178009033,3.0253329277038574,2.941999912261963,2.9706668853759766,2.701550006866455,4545000
2016-09-23,2.9646670818328857,2.9646670818328857,2.863332986831665,2.875999927520752,2.615459442138672,2404500
2016-09-26,2.826667070388794,2.8413329124450684,2.75600004196167,2.7866671085357666,2.53421950340271,2850000
2016-09-27,2.7799999713897705,2.937333106994629,2.766666889190674,2.936666965484619,2.67063045501709,4380000
2016-09-28,2.954667091369629,3.0,2.9000000953674316,2.9560000896453857,2.6882121562957764,4860000
2016-09-29,2.9560000896453857,3.118000030517578,2.859999895095825,3.064666986465454,2.7870352268218994,12943500
2016-09-30,3.131999969482422,3.2660000324249268,3.125999927520752,3.2073330879211426,2.916776657104492,7447500
2016-10-03,3.2133328914642334,3.2726669311523438,3.125333070755005,3.140666961669922,2.8561501502990723,3537000
2016-10-04,3.191999912261963,3.2093329429626465,3.0833330154418945,3.1166670322418213,2.834324598312378,4381500
2016-10-05,3.146667003631592,3.25333309173584,3.132667064666748,3.189332962036133,2.900407075881958,3516000
2016-10-06,3.192667007446289,3.249332904815674,3.122667074203491,3.2446670532226562,2.950728416442871,4366500
2016-10-07,3.2660000324249268,3.2853329181671143,3.1413331031799316,3.2260000705718994,2.93375301361084,4740000
2016-10-10,3.2746670246124268,3.312666893005371,3.1760001182556152,3.177999973297119,2.8901004791259766,4125000
2016-10-11,3.163332939147949,3.1653330326080322,2.8940000534057617,2.97933292388916,2.7094311714172363,11005500
2016-10-12,2.97933292388916,2.97933292388916,2.8606669902801514,2.946000099182129,2.6791188716888428,4563000
2016-10-13,2.865333080291748,2.870666980743408,2.698667049407959,2.8393330574035645,2.5821142196655273,7308000
2016-10-14,2.9433329105377197,3.006666898727417,2.898667097091675,2.9086670875549316,2.645167112350464,8758500
2016-10-17,2.894666910171509,2.946666955947876,2.8566670417785645,2.859333038330078,2.600302219390869,3201000
2016-10-18,2.992000102996826,2.99666690826416,2.938667058944702,2.9639999866485596,2.6954874992370605,3852000
2016-10-19,2.884000062942505,2.934000015258789,2.8393330574035645,2.9200000762939453,2.655472993850708,4539000
2016-10-20,2.9146668910980225,3.01200008392334,2.8519999980926514,2.9826669692993164,2.712463855743408,4458000
2016-10-21,2.9059998989105225,2.9693329334259033,2.873332977294922,2.958667039871216,2.6906375885009766,3619500
2016-10-24,3.0266671180725098,3.127332925796509,3.02066707611084,3.123332977294922,2.840386390686035,4044000
2016-10-25,3.1513330936431885,3.1573328971862793,3.0959999561309814,3.115999937057495,2.833717107772827,4288500
2016-10-26,3.0566670894622803,3.1559998989105225,3.041332960128784,3.0980000495910645,2.817348003387451,4497000
2016-10-27,3.190666913986206,3.2160000801086426,3.0446670055389404,3.0566670894622803,2.779759645462036,4950000
2016-10-28,3.064666986465454,3.1493330001831055,2.990000009536743,3.003999948501587,2.731863498687744,5382000
2016-10-31,3.063999891281128,3.0933330059051514,3.0353329181671143,3.051332950592041,2.774909019470215,2971500
2016-11-01,3.0773329734802246,3.122667074203491,2.864000082015991,2.9653329849243164,2.696699619293213,5791500
2016-11-02,2.9746670722961426,3.0260000228881836,2.882667064666748,2.9059998989105225,2.6427419185638428,6438000
2016-11-03,2.9200000762939453,2.9693329334259033,2.8586668968200684,2.886667013168335,2.625159740447998,5181000
2016-11-04,2.8340001106262207,2.9146668910980225,2.7753329277038574,2.8359999656677246,2.57908296585083,2907000
2016-11-07,2.99733304977417,3.0846669673919678,2.9606668949127197,3.0813329219818115,2.8021912574768066,3789000
2016-11-08,3.086667060852051,3.1553330421447754,3.0239999294281006,3.101332902908325,2.8203792572021484,4149000
2016-11-09,2.886667013168335,3.0833330154418945,2.8466670513153076,3.052000045776367,2.77551531791687,8143500
2016-11-10,3.121999979019165,3.1706669330596924,2.768666982650757,2.8606669902801514,2.601516008377075,11700000
2016-11-11,2.9560000896453857,3.198667049407959,2.9533329010009766,3.183332920074463,2.8949501514434814,8976000
2016-11-14,3.200000047683716,3.23533296585083,3.1046669483184814,3.130000114440918,2.846449136734009,3526500
2016-11-15,3.185333013534546,3.3333330154418945,3.1459999084472656,3.310667037963867,3.010749101638794,5700000
2016-11-16,3.2960000038146973,3.433332920074463,3.2860000133514404,3.425333023071289,3.1150271892547607,6178500
2016-11-17,3.52066707611084,3.5846669673919678,3.4033329486846924,3.5373330116271973,3.216881513595581,4744500
2016-11-18,3.555999994277954,3.624666929244995,3.5139999389648438,3.609999895095825,3.2829649448394775,3157500
2016-11-21,3.640666961669922,3.696000099182129,3.6046669483184814,3.6579999923706055,3.3266167640686035,4183500
2016-11-22,3.7633330821990967,3.811332941055298,3.72933292388916,3.8046669960021973,3.4599967002868652,5646000
2016-11-23,3.791332960128784,3.8380000591278076,3.747999906539917,3.819999933242798,3.47394061088562,3952500
2016-11-25,3.8559999465942383,3.8559999465942383,3.7846670150756836,3.8359999656677246,3.4884915351867676,1351500
2016-11-28,3.816667079925537,3.8526670932769775,3.7813329696655273,3.803999900817871,3.459390878677368,2221500
2016-11-29,3.7880001068115234,3.8433330059051514,3.7246670722961426,3.7820000648498535,3.4393837451934814,1993500
2016-11-30,3.7873330116271973,3.801332950592041,3.7093329429626465,3.7139999866485596,3.3775436878204346,1819500
2016-12-01,3.700666904449463,3.708667039871216,3.1046669483184814,3.1646668910980225,2.8779754638671875,10963500
2016-12-02,3.1519999504089355,3.3006670475006104,3.119999885559082,3.2873330116271973,2.9895293712615967,6096000
2016-12-05,3.369999885559082,3.436666965484619,3.303999900817871,3.4073328971862793,3.098658323287964,6199500
2016-12-06,3.441999912261963,3.558666944503784,3.440666913986206,3.5486669540405273,3.227189302444458,4474500
2016-12-07,3.5333330631256104,3.793333053588867,3.504667043685913,3.7733330726623535,3.431501626968384,6499500
2016-12-08,3.7826669216156006,3.930000066757202,3.7826669216156006,3.869999885559082,3.519411087036133,7072500
2016-12-09,3.9800000190734863,3.9860000610351562,3.7426669597625732,3.8213329315185547,3.475153684616089,5371500
2016-12-12,3.7746670246124268,3.7966670989990234,3.640666961669922,3.7346670627593994,3.396338701248169,3918000
2016-12-13,3.7866671085357666,3.937333106994629,3.754667043685913,3.8606669902801514,3.5109241008758545,6130500
2016-12-14,3.8666670322418213,3.9260001182556152,3.811332941055298,3.8519999980926514,3.5030415058135986,5143500
2016-12-15,3.888000011444092,4.1046671867370605,3.877332925796509,4.054666996002197,3.687349557876587,7221000
2016-12-16,4.133333206176758,4.1453328132629395,3.871999979019165,3.9226670265197754,3.567307472229004,4263000
2016-12-19,4.0,4.090000152587891,3.946666955947876,4.044666767120361,3.678255558013916,4107000
2016-12-20,3.996000051498413,3.996000051498413,3.919332981109619,3.9686670303344727,3.781414031982422,5374500
2016-12-21,4.000667095184326,4.017333030700684,3.952666997909546,3.9686670303344727,3.781414031982422,2376000
2016-12-22,4.111332893371582,4.128666877746582,3.9826669692993164,4.03266716003418,3.8423945903778076,3078000
2016-12-23,4.006667137145996,4.0960001945495605,3.9946670532226562,4.092667102813721,3.8995630741119385,1362000
2016-12-27,4.104000091552734,4.265999794006348,4.099999904632568,4.242000102996826,4.041850566864014,4866000
2016-12-28,4.325333118438721,4.328000068664551,3.989332914352417,3.995332956314087,3.8068220615386963,8050500
2016-12-29,3.9553329944610596,3.99666690826416,3.868000030517578,3.9946670532226562,3.806187391281128,5998500
2016-12-30,4.079999923706055,4.097332954406738,3.7733330726623535,3.8066670894622803,3.6270573139190674,5214000
2017-01-03,3.9086670875549316,3.9773330688476562,3.7126669883728027,3.812666893005371,3.6327738761901855,6211500
2017-01-04,3.864000082015991,3.8973329067230225,3.7906670570373535,3.8473329544067383,3.6658053398132324,3565500
2017-01-05,3.857332944869995,3.9100000858306885,3.7226669788360596,3.7413330078125,3.564805746078491,3568500
2017-01-06,3.7673330307006836,3.861332893371582,3.689332962036133,3.8313329219818115,3.650559902191162,4870500
2017-01-09,3.8666670322418213,4.000667095184326,3.865999937057495,3.954667091369629,3.7680749893188477,5397000
2017-01-10,3.9533329010009766,4.039332866668701,3.946000099182129,4.01466703414917,3.825244426727295,3775500
2017-01-11,4.00266695022583,4.052667140960693,3.9639999866485596,4.052667140960693,3.861450672149658,3205500
2017-01-12,4.026000022888184,4.026000022888184,3.768666982650757,3.947999954223633,3.7617218494415283,5007000
2017-01-13,3.9600000381469727,4.056000232696533,3.948667049407959,4.022666931152344,3.8328661918640137,4092000
2017-01-17,3.98533296585083,3.98533296585083,3.7906670570373535,3.8293330669403076,3.6486542224884033,4072500
2017-01-18,3.8406670093536377,3.99666690826416,3.8399999141693115,3.989332914352417,3.801104784011841,3651000
2017-01-19,3.931999921798706,4.066667079925537,3.925333023071289,3.9346671104431152,3.7490179538726807,2694000
2017-01-20,4.039999961853027,4.156667232513428,4.033999919891357,4.0873332023620605,3.8944809436798096,4134000
2017-01-23,4.027332782745361,4.065999984741211,3.9140000343322754,4.006667137145996,3.8176212310791016,4033500
2017-01-24,4.051332950592041,4.25933313369751,4.051332950592041,4.244667053222656,4.04439115524292,4725000
2017-01-25,4.409333229064941,4.4593329429626465,4.313333034515381,4.431333065032959,4.222250461578369,5010000
2017-01-26,4.447999954223633,4.458000183105469,4.295332908630371,4.354000091552734,4.148565769195557,3685500
2017-01-27,4.423999786376953,4.52066707611084,4.415999889373779,4.5193328857421875,4.306098461151123,3610500
2017-01-30,4.449333190917969,4.452667236328125,4.278666973114014,4.447332859039307,4.237494945526123,7095000
2017-01-31,4.372666835784912,4.384666919708252,4.193333148956299,4.27400016784668,4.072340488433838,6417000
2017-02-01,4.441332817077637,4.489333152770996,4.3460001945495605,4.477333068847656,4.266079425811768,5668500
2017-02-02,4.386666774749756,4.516666889190674,4.311333179473877,4.466000080108643,4.255281448364258,4839000
2017-02-03,4.5279998779296875,4.564667224884033,4.49066686630249,4.543333053588867,4.328965187072754,2787000
2017-02-06,4.575333118438721,4.5980000495910645,4.48533296585083,4.590666770935059,4.374064922332764,4750500
2017-02-07,4.665999889373779,4.689332962036133,4.564000129699707,4.641333103179932,4.4223408699035645,4060500
2017-02-08,4.693333148956299,4.7220001220703125,4.592667102813721,4.664000034332275,4.443939685821533,3667500
2017-02-09,4.688666820526123,4.688666820526123,4.522666931152344,4.541999816894531,4.327695369720459,5070000
2017-02-10,4.638000011444092,4.638000011444092,4.395999908447266,4.531332969665527,4.317531585693359,5946000
2017-02-13,4.5793328285217285,4.655333042144775,4.539332866668701,4.563333034515381,4.348021984100342,4624500
2017-02-14,4.547332763671875,4.559999942779541,4.440667152404785,4.51533317565918,4.302286148071289,3199500
2017-02-15,4.539332866668701,4.642000198364258,4.488667011260986,4.627999782562256,4.409638404846191,3541500
2017-02-16,4.6433329582214355,4.672667026519775,4.561333179473877,4.6453328132629395,4.42615270614624,2700000
2017-02-17,4.588666915893555,4.71999979019165,4.524666786193848,4.71999979019165,4.4972968101501465,3577500
2017-02-21,4.812666893005371,4.924666881561279,4.787333011627197,4.922667026519775,4.690401554107666,4737000
2017-02-22,4.926000118255615,4.944666862487793,4.861999988555908,4.923333168029785,4.691035747528076,2751000
2017-02-23,4.874667167663574,4.888667106628418,4.585999965667725,4.678667068481445,4.457912921905518,7501500
2017-02-24,4.452000141143799,4.671999931335449,4.406000137329102,4.6706671714782715,4.450292110443115,5176500
2017-02-27,4.679999828338623,4.810667037963867,4.642666816711426,4.805333137512207,4.578603267669678,3328500
2017-02-28,4.826666831970215,4.826666831970215,4.5879998207092285,4.619332790374756,4.4013800621032715,4711500
2017-03-01,4.793333053588867,4.853332996368408,4.650000095367432,4.835999965667725,4.607824325561523,4848000
2017-03-02,4.874000072479248,4.901332855224609,4.671999931335449,4.685999870300293,4.464901447296143,4126500
2017-03-03,4.693333148956299,4.700666904449463,4.5920000076293945,4.677332878112793,4.456643104553223,3142500
2017-03-06,4.602666854858398,4.710000038146973,4.519999980926514,4.684667110443115,4.463630676269531,3381000
2017-03-07,4.658667087554932,4.808000087738037,4.618667125701904,4.71733283996582,4.494755744934082,4263000
2017-03-08,4.785333156585693,4.864666938781738,4.720666885375977,4.751999855041504,4.527787685394287,4267500
2017-03-09,4.739333152770996,4.800000190734863,4.6606669425964355,4.774666786193848,4.549384593963623,2389500
2017-03-10,4.858666896820068,4.971333026885986,4.858666896820068,4.939332962036133,4.706279754638672,4827000
2017-03-13,4.9806671142578125,5.057332992553711,4.957333087921143,5.053999900817871,4.815536975860596,4614000
2017-03-14,5.004666805267334,5.010666847229004,4.880000114440918,5.007332801818848,4.771071910858154,4156500
2017-03-15,5.043333053588867,5.1539998054504395,4.953332901000977,5.128666877746582,4.886679649353027,4375500
2017-03-16,5.196000099182129,5.196000099182129,5.078000068664551,5.108666896820068,4.867625713348389,2938500
2017-03-17,5.156667232513428,5.168000221252441,5.098667144775391,5.136666774749756,4.894303798675537,2268000
2017-03-20,5.164000034332275,5.307332992553711,5.133333206176758,5.251333236694336,5.003561496734619,3282000
2017-03-21,5.317333221435547,5.326000213623047,4.853332996368408,4.886000156402588,4.655464172363281,8511000
2017-03-22,4.892666816711426,5.055333137512207,4.844666957855225,5.041999816894531,4.804104328155518,4558500
2017-03-23,5.039999961853027,5.073999881744385,4.962666988372803,5.00333309173584,4.767261981964111,3840000
2017-03-24,5.211999893188477,5.294000148773193,5.052667140960693,5.108666896820068,4.867625713348389,5841000
2017-03-27,4.939332962036133,5.171332836151123,4.898666858673096,5.135333061218262,4.893033504486084,7363500
2017-03-28,5.165332794189453,5.242000102996826,5.090000152587891,5.186666965484619,4.941945552825928,4147500
2017-03-29,5.186666965484619,5.186666965484619,5.099999904632568,5.1433329582214355,4.900655746459961,3456000
2017-03-30,5.134666919708252,5.25933313369751,5.134666919708252,5.231332778930664,4.984504699707031,5355000
2017-03-31,5.24399995803833,5.300000190734863,5.1666669845581055,5.221333026885986,4.974976062774658,3334500
2017-04-03,5.251333236694336,5.2733330726623535,5.026000022888184,5.130667209625244,4.8885884284973145,4821000
2017-04-04,5.035333156585693,5.150000095367432,5.000667095184326,5.052000045776367,4.813632488250732,3976500
2017-04-05,5.108666896820068,5.193333148956299,4.933332920074463,4.942667007446289,4.7094573974609375,5608500
2017-04-06,4.939332962036133,4.995333194732666,4.814667224884033,4.96133279800415,4.727242946624756,5905500
2017-04-07,4.9633331298828125,5.071332931518555,4.932000160217285,5.027332782745361,4.790129661560059,2850000
2017-04-10,5.031332969665527,5.041333198547363,4.874000072479248,4.9106669425964355,4.678966999053955,3631500
2017-04-11,4.8506669998168945,4.8506669998168945,4.570666790008545,4.791333198547363,4.565263748168945,7803000
2017-04-12,4.760666847229004,4.76800012588501,4.510000228881836,4.53866720199585,4.324520587921143,8232000
2017-04-13,4.469333171844482,4.6539998054504395,4.447999954223633,4.451333045959473,4.241306781768799,4864500
2017-04-17,4.492667198181152,4.626667022705078,4.492667198181152,4.625332832336426,4.407095909118652,5293500
2017-04-18,4.561333179473877,4.691999912261963,4.53000020980835,4.680666923522949,4.459819793701172,3120000
2017-04-19,4.791999816894531,4.886666774749756,4.733333110809326,4.757332801818848,4.532869338989258,3657000
2017-04-20,4.861332893371582,5.006667137145996,4.792666912078857,4.98533296585083,4.750110626220703,5005500
2017-04-21,4.936666965484619,4.946000099182129,4.792666912078857,4.915332794189453,4.683413028717041,5757000
2017-04-24,5.129333019256592,5.173333168029785,5.061999797821045,5.126667022705078,4.884777545928955,7372500
2017-04-25,5.22599983215332,5.307332992553711,5.1620001792907715,5.2866668701171875,5.03722620010376,4311000
2017-04-26,5.26800012588501,5.283999919891357,5.094666957855225,5.150667190551758,4.907644271850586,5542500
2017-04-27,5.261332988739014,5.389999866485596,5.224667072296143,5.369999885559082,5.116628170013428,5331000
2017-04-28,5.328667163848877,5.328667163848877,5.050000190734863,5.0960001945495605,4.855556488037109,7579500
2017-05-01,5.1533331871032715,5.25,5.055333137512207,5.244667053222656,4.997209548950195,5449500
2017-05-02,5.199999809265137,5.199999809265137,4.993332862854004,5.076000213623047,4.836500644683838,4305000
2017-05-03,5.013332843780518,5.1539998054504395,4.998000144958496,5.131999969482422,4.889858245849609,2863500
2017-05-04,5.1533331871032715,5.173333168029785,5.058667182922363,5.119332790374756,4.877785682678223,2571000
2017-05-05,5.159333229064941,5.179999828338623,5.03866720199585,5.173999786376953,4.92987585067749,2940000
2017-05-08,5.161333084106445,5.197332859039307,5.084667205810547,5.116666793823242,4.875248432159424,1861500
2017-05-09,5.116666793823242,5.310667037963867,5.116666793823242,5.271999835968018,5.023251533508301,4875000
2017-05-10,5.450666904449463,5.633333206176758,5.447999954223633,5.605999946594238,5.341492176055908,6981000
2017-05-11,5.565332889556885,5.739333152770996,5.450666904449463,5.6626667976379395,5.3954854011535645,3789000
2017-05-12,5.684667110443115,5.73466682434082,5.617332935333252,5.714000225067139,5.444398880004883,3030000
2017-05-15,5.75333309173584,5.98799991607666,5.736667156219482,5.97599983215332,5.69403600692749,3984000
2017-05-16,6.041999816894531,6.24399995803833,5.97599983215332,6.242667198181152,5.948121547698975,4143000
2017-05-17,5.99666690826416,6.057332992553711,5.423333168029785,5.423333168029785,5.167444705963135,14551500
2017-05-18,5.480000019073486,5.77666711807251,5.400000095367432,5.734000205993652,5.463454723358154,12283500
2017-05-19,5.8933329582214355,5.97933292388916,5.873332977294922,5.922667026519775,5.64321756362915,6928500
2017-05-22,6.007999897003174,6.118667125701904,5.989999771118164,6.111999988555908,5.823617935180664,5236500
2017-05-23,6.125332832336426,6.133333206176758,5.888000011444092,6.041333198547363,5.756286144256592,4482000
2017-05-24,6.139999866485596,6.188666820526123,6.073332786560059,6.1539998054504395,5.8636369705200195,3240000
2017-05-25,6.24066686630249,6.315999984741211,6.133333206176758,6.257332801818848,5.962093830108643,3831000
2017-05-26,6.25600004196167,6.336667060852051,6.116000175476074,6.332666873931885,6.033872604370117,4323000
2017-05-30,6.328667163848877,6.505332946777344,6.326000213623047,6.4593329429626465,6.154562950134277,4041000
2017-05-31,6.5980000495910645,6.632667064666748,6.361332893371582,6.457333087921143,6.152657985687256,6340500
2017-06-01,6.486000061035156,6.519999980926514,6.357333183288574,6.47333288192749,6.167901039123535,3088500
2017-06-02,6.585332870483398,6.696667194366455,6.448667049407959,6.665999889373779,6.3514790534973145,5817000
2017-06-05,6.667333126068115,6.822667121887207,6.646667003631592,6.723999977111816,6.406743049621582,4200000
2017-06-06,6.633999824523926,6.9206671714782715,6.614666938781738,6.7906670570373535,6.470263957977295,5025000
2017-06-07,6.868667125701904,7.015999794006348,6.829999923706055,6.949999809265137,6.622079849243164,6444000
2017-06-08,7.084667205810547,7.319333076477051,6.922667026519775,7.314000129699707,6.968905448913574,7707000
2017-06-09,7.466667175292969,7.53866720199585,5.962666988372803,6.392000198364258,6.090407371520996,32179500
2017-06-12,6.127999782562256,6.284667015075684,5.745333194732666,6.284667015075684,5.988139629364014,22534500
2017-06-13,6.5966668128967285,6.599999904632568,6.171332836151123,6.406000137329102,6.103747367858887,14511000
2017-06-14,6.482666969299316,6.527332782745361,5.99666690826416,6.199333190917969,5.906830787658691,11181000
2017-06-15,5.875999927520752,6.114666938781738,5.869999885559082,6.050000190734863,5.764543056488037,8821500
2017-06-16,6.068666934967041,6.196000099182129,5.926000118255615,5.980000019073486,5.697846412658691,8154000
2017-06-19,6.165332794189453,6.349999904632568,6.1620001792907715,6.320666790008545,6.022440433502197,11425500
2017-06-20,6.3933329582214355,6.443999767303467,6.102666854858398,6.1106672286987305,5.8223490715026855,8809500
2017-06-21,6.193999767303467,6.326666831970215,6.116666793823242,6.318666934967041,6.020533561706543,6385500
2017-06-22,6.351333141326904,6.3566670417785645,6.183332920074463,6.27133321762085,5.975433349609375,7081500
2017-06-23,6.24733304977417,6.433332920074463,6.214666843414307,6.3293328285217285,6.030696868896484,5433000
2017-06-26,6.483333110809326,6.5406670570373535,6.066667079925537,6.171999931335449,5.880788326263428,11284500
2017-06-27,6.046667098999023,6.072000026702881,5.6666669845581055,5.673333168029785,5.405649185180664,13833000
2017-06-28,5.791333198547363,5.986667156219482,5.605332851409912,5.9633331298828125,5.681967258453369,9801000
2017-06-29,5.838666915893555,5.881332874298096,5.27666711807251,5.515999794006348,5.255738258361816,18418500
2017-06-30,5.570666790008545,5.654666900634766,5.3566670417785645,5.433332920074463,5.176972389221191,8343000
2017-07-03,5.531332969665527,5.584000110626221,5.199999809265137,5.199999809265137,4.954649448394775,6811500
2017-07-05,5.266666889190674,5.550000190734863,5.266666889190674,5.53000020980835,5.269080638885498,9180000
2017-07-06,5.3379998207092285,5.595333099365234,5.293333053588867,5.456666946411133,5.1992058753967285,8092500
2017-07-07,5.567333221435547,5.791999816894531,5.50266695022583,5.724667072296143,5.45456075668335,7816500
2017-07-10,5.787333011627197,5.966667175292969,5.685332775115967,5.929999828338623,5.650205612182617,6774000
2017-07-11,5.918000221252441,6.078667163848877,5.860000133514404,6.069333076477051,5.782964706420898,7659000
2017-07-12,6.233333110809326,6.3979997634887695,6.177332878112793,6.358666896820068,6.0586466789245605,14623500
2017-07-13,6.397333145141602,6.507999897003174,6.239999771118164,6.305333137512207,6.0078301429748535,13311000
2017-07-14,6.3993330001831055,6.561333179473877,6.352666854858398,6.557332992553711,6.247938632965088,9894000
2017-07-17,6.604000091552734,6.623332977294922,6.402667045593262,6.47333288192749,6.167901039123535,8266500
2017-07-18,6.355999946594238,6.533999919891357,6.2820000648498535,6.533999919891357,6.225707054138184,5998500
2017-07-19,6.633333206176758,6.714000225067139,6.573999881744385,6.7093329429626465,6.392767906188965,6400500
2017-07-20,6.732666969299316,6.795332908630371,6.549333095550537,6.767333030700684,6.448029041290283,5653500
2017-07-21,6.613999843597412,6.631332874298096,6.48799991607666,6.593999862670898,6.282876491546631,6243000
2017-07-24,6.611999988555908,6.613333225250244,6.49666690826416,6.529333114624023,6.221261978149414,5100000
2017-07-25,6.499332904815674,6.565999984741211,6.315999984741211,6.525332927703857,6.217448711395264,6889500
2017-07-26,6.668000221252441,6.820666790008545,6.616000175476074,6.71999979019165,6.402931213378906,7546500
2017-07-27,6.789999961853027,6.820000171661377,6.187333106994629,6.4166669845581055,6.11391019821167,19879500
2017-07-28,6.318666934967041,6.426000118255615,6.254000186920166,6.354000091552734,6.054201126098633,4975500
2017-07-31,6.366666793823242,6.452667236328125,6.150000095367432,6.21133279800415,5.918264865875244,6486000
2017-08-01,6.25600004196167,6.315332889556885,6.159999847412109,6.315332889556885,6.017359256744385,4021500
2017-08-02,6.419332981109619,6.4633331298828125,6.046667098999023,6.180666923522949,5.889045715332031,8943000
2017-08-03,6.175333023071289,6.225333213806152,6.016666889190674,6.107333183288574,5.819170951843262,5614500
2017-08-04,6.138000011444092,6.260000228881836,6.062666893005371,6.113999843597412,5.825523376464844,3673500
2017-08-07,6.156000137329102,6.438000202178955,6.155333042144775,6.432000160217285,6.1285200119018555,6843000
2017-08-08,6.428667068481445,6.597332954406738,6.300000190734863,6.364666938781738,6.064363956451416,6391500
2017-08-09,6.201333045959473,6.323332786560059,6.133333206176758,6.302000045776367,6.004654407501221,4788000
2017-08-10,6.1706671714782715,6.197332859039307,5.766666889190674,5.776000022888184,5.503471851348877,10722000
2017-08-11,5.710667133331299,5.906667232513428,5.657332897186279,5.871333122253418,5.594306945800781,5586000
2017-08-14,6.079999923706055,6.344666957855225,6.079999923706055,6.326000213623047,6.027523040771484,6805500
2017-08-15,6.386000156402588,6.407332897186279,6.234000205993652,6.372666835784912,6.071986198425293,3964500
2017-08-16,6.427332878112793,6.478000164031982,6.305333137512207,6.401332855224609,6.099299430847168,4659000
2017-08-17,6.28000020980835,6.365333080291748,5.891333103179932,5.891333103179932,5.613363742828369,8376000
2017-08-18,6.006667137145996,6.076666831970215,5.8460001945495605,5.945333003997803,5.6648173332214355,5275500
2017-08-21,5.966667175292969,5.969333171844482,5.690000057220459,5.817999839782715,5.5434889793396,6723000
2017-08-22,5.9593329429626465,6.130000114440918,5.933332920074463,6.093999862670898,5.806466579437256,4810500
2017-08-23,5.943999767303467,6.221333026885986,5.883333206176758,6.174666881561279,5.883329391479492,4038000
2017-08-24,6.266666889190674,6.266666889190674,6.058667182922363,6.167333126068115,5.876341342926025,3655500
2017-08-25,6.21733283996582,6.266666889190674,6.039999961853027,6.075333118438721,5.788680553436279,3156000
2017-08-28,6.093332767486572,6.145999908447266,6.028666973114014,6.122666835784912,5.83378267288208,2274000
2017-08-29,5.891333103179932,6.206666946411133,5.888000011444092,6.165999889373779,5.875070095062256,3357000
2017-08-30,6.2133331298828125,6.5,6.193999767303467,6.480000019073486,6.174254894256592,6849000
2017-08-31,6.563333034515381,6.691332817077637,6.506667137145996,6.670000076293945,6.355290412902832,6339000
2017-09-01,6.75,6.861332893371582,6.701333045959473,6.757332801818848,6.438503265380859,4966500
2017-09-05,6.619999885559082,6.708000183105469,6.300000190734863,6.471333026885986,6.165996074676514,7698000
2017-09-06,6.561333179473877,6.594666957855225,6.4079999923706055,6.510000228881836,6.202839374542236,3603000
2017-09-07,6.566667079925537,6.613999843597412,6.452667236328125,6.539999961853027,6.231423377990723,2992500
2017-09-08,6.500667095184326,6.533332824707031,6.233333110809326,6.297999858856201,6.000843048095703,4530000
2017-09-11,6.460000038146973,6.708000183105469,6.447999954223633,6.667333126068115,6.352748870849609,6217500
2017-09-12,6.75600004196167,6.813333034515381,6.636000156402588,6.756667137145996,6.437868118286133,4447500
2017-09-13,6.697999954223633,6.840000152587891,6.636666774749756,6.783999919891357,6.463912487030029,3481500
2017-09-14,6.690000057220459,6.993332862854004,6.667333126068115,6.878666877746582,6.554111003875732,4311000
2017-09-15,6.933332920074463,7.25333309173584,6.921999931335449,7.227333068847656,6.886328220367432,6129000
2017-09-18,7.361332893371582,7.651332855224609,7.357333183288574,7.513999938964844,7.159468650817871,7929000
2017-09-19,7.588666915893555,7.671332836151123,7.438000202178955,7.5920000076293945,7.233788967132568,4869000
2017-09-20,7.609333038330078,7.609333038330078,6.978000164031982,7.271999835968018,6.928886413574219,12088500
2017-09-21,7.254666805267334,7.263999938964844,6.9913330078125,7.183332920074463,6.84440279006958,4734000
2017-09-22,7.085332870483398,7.317999839782715,7.067333221435547,7.285999774932861,6.942225933074951,3871500
2017-09-25,7.172667026519775,7.185332775115967,6.763332843780518,6.861999988555908,6.538231372833252,10708500
2017-09-26,7.081999778747559,7.097332954406738,6.775332927703857,6.849999904632568,6.526797294616699,7134000
2017-09-27,7.067333221435547,7.4106669425964355,7.048666954040527,7.329999923706055,6.98414945602417,7663500
2017-09-28,7.310667037963867,7.495333194732666,7.243332862854004,7.494667053222656,7.141047954559326,4728000
2017-09-29,7.545332908630371,7.702000141143799,7.462666988372803,7.684000015258789,7.321447849273682,6090000
2017-10-02,7.751999855041504,7.928667068481445,7.659333229064941,7.817333221435547,7.448489665985107,6615000
2017-10-03,7.866000175476074,7.9593329429626465,7.778666973114014,7.894667148590088,7.522175312042236,4030500
2017-10-04,7.866666793823242,7.946667194366455,7.72599983215332,7.946667194366455,7.571720600128174,4509000
2017-10-05,8.034000396728516,8.062666893005371,7.832666873931885,7.9633331298828125,7.587601184844971,4539000
2017-10-06,7.8333330154418945,8.066666603088379,7.8333330154418945,8.066666603088379,7.686058044433594,2910000
2017-10-09,8.149333000183105,8.266667366027832,8.12733268737793,8.235333442687988,7.846766948699951,4219500
2017-10-10,8.432000160217285,8.437333106994629,8.13933277130127,8.395333290100098,7.999218463897705,5818500
2017-10-11,8.307999610900879,8.564000129699707,8.300000190734863,8.5600004196167,8.156119346618652,4752000
2017-10-12,8.533332824707031,8.646666526794434,8.453332901000977,8.473333358764648,8.073538780212402,4723500
2017-10-13,8.548666954040527,8.723333358764648,8.522000312805176,8.640000343322754,8.232339859008789,4167000
2017-10-16,8.733332633972168,8.76533317565918,8.583333015441895,8.763999938964844,8.35049057006836,4827000
2017-10-17,8.758000373840332,8.759332656860352,8.604666709899902,8.744667053222656,8.332069396972656,2974500
2017-10-18,8.789999961853027,8.870667457580566,8.477999687194824,8.830666542053223,8.41401195526123,6814500
2017-10-19,8.596667289733887,8.759332656860352,8.343999862670898,8.75333309173584,8.340325355529785,7495500
2017-10-20,8.923333168029785,9.017333030700684,8.846667289733887,8.879332542419434,8.460383415222168,4353000
2017-10-23,9.005999565124512,9.165332794189453,8.885333061218262,9.022000312805176,8.596317291259766,7243500
2017-10-24,9.096667289733887,9.236666679382324,8.982000350952148,9.206000328063965,8.771635055541992,5085000
2017-10-25,9.034000396728516,9.130000114440918,8.5686674118042,8.846667289733887,8.429256439208984,12625500
2017-10-26,8.892000198364258,9.053333282470703,8.856666564941406,9.005332946777344,8.580435752868652,5766000
2017-10-27,9.233332633972168,9.599332809448242,9.061332702636719,9.557332992553711,9.106391906738281,9070500
2017-10-30,9.233332633972168,9.761333465576172,9.233332633972168,9.647333145141602,9.192146301269531,7716000
2017-10-31,9.733332633972168,9.956000328063965,9.638667106628418,9.86400032043457,9.398589134216309,5248500
2017-11-01,10.111332893371582,10.119999885559082,9.506667137145996,9.772000312805176,9.310928344726562,7902000
2017-11-02,9.784000396728516,9.979999542236328,9.58133316040039,9.90133285522461,9.434160232543945,6831000
2017-11-03,10.0086669921875,10.432666778564453,9.803333282470703,10.429332733154297,9.937248229980469,11805000
2017-11-06,10.697999954223633,10.883333206176758,10.5,10.873332977294922,10.360299110412598,10276500
2017-11-07,10.829333305358887,10.910667419433594,10.61733341217041,10.84333324432373,10.331714630126953,8470500
2017-11-08,10.766667366027832,10.970000267028809,10.675999641418457,10.952667236328125,10.435893058776855,5565000
2017-11-09,10.631333351135254,10.660667419433594,9.88933277130127,10.28600025177002,9.800678253173828,17956500
2017-11-10,10.36733341217041,10.510666847229004,10.292667388916016,10.481332778930664,9.98679256439209,6489000
2017-11-13,10.320667266845703,10.612667083740234,10.266667366027832,10.566666603088379,10.068099975585938,5070000
2017-11-14,10.488666534423828,10.63466739654541,10.3013334274292,10.537332534790039,10.040152549743652,6117000
2017-11-15,10.261333465576172,10.395999908447266,10.0,10.258000373840332,9.77400016784668,8970000
2017-11-16,10.399999618530273,10.846667289733887,10.399999618530273,10.720000267028809,10.21419906616211,7363500
2017-11-17,10.878666877746582,10.912667274475098,10.526666641235352,10.57800006866455,10.078903198242188,6295500
2017-11-20,10.668000221252441,11.007332801818848,10.661333084106445,10.951333045959473,10.434618949890137,6471000
2017-11-21,11.199999809265137,11.370667457580566,11.09866714477539,11.343999862670898,10.808758735656738,9874500
2017-11-22,11.442667007446289,11.453332901000977,11.071999549865723,11.12266731262207,10.597867012023926,6756000
2017-11-24,11.21733283996582,11.442667007446289,11.213333129882812,11.420000076293945,10.881174087524414,6757500
2017-11-27,11.215999603271484,11.216667175292969,10.933333396911621,10.989999771118164,10.47145938873291,10698000
2017-11-28,11.104666709899902,11.124667167663574,10.793333053588867,10.979999542236328,10.461933135986328,9736500
2017-11-29,10.916666984558105,10.937333106994629,9.22266674041748,9.536666870117188,9.086697578430176,36519000
2017-11-30,9.863332748413086,9.993332862854004,9.52066707611084,9.713333129882812,9.25503158569336,14869500
2017-12-01,9.419333457946777,9.553333282470703,8.666666984558105,9.380666732788086,8.93805980682373,19072500
2017-12-04,9.706666946411133,9.729999542236328,8.516667366027832,8.699999809265137,8.289506912231445,23742000
2017-12-05,8.597999572753906,9.199333190917969,8.338000297546387,8.711333274841309,8.300310134887695,16374000
2017-12-06,8.468000411987305,8.844667434692383,8.352666854858398,8.799332618713379,8.384153366088867,10795500
2017-12-07,9.010666847229004,9.13933277130127,8.883999824523926,9.05666732788086,8.629348754882812,9966000
2017-12-08,9.34333324432373,9.385333061218262,8.89466667175293,8.916666984558105,8.495950698852539,9871500
2017-12-11,8.960000038146973,9.148667335510254,8.876667022705078,9.071999549865723,8.643957138061523,5599500
2017-12-12,9.0,9.0,8.77400016784668,8.800000190734863,8.384790420532227,5977500
2017-12-13,8.88466739654541,9.042667388916016,8.780667304992676,8.798666954040527,8.38351821899414,4125000
2017-12-14,8.787332534790039,8.949333190917969,8.708000183105469,8.778667449951172,8.364463806152344,5094000
2017-12-15,8.866666793823242,9.25,8.766667366027832,9.169333457946777,8.736698150634766,10255500
2017-12-18,9.516667366027832,9.793333053588867,9.378666877746582,9.787332534790039,9.325538635253906,15397500
2017-12-19,9.7413330078125,9.843999862670898,9.577333450317383,9.744000434875488,9.291911125183105,8127000
2017-12-20,10.017333030700684,10.083333015441895,9.686667442321777,9.947999954223633,9.486442565917969,8721000
2017-12-21,10.008000373840332,10.008000373840332,9.583999633789062,9.62600040435791,9.179386138916016,6909000
2017-12-22,9.474666595458984,9.618000030517578,9.400667190551758,9.600666999816895,9.155227661132812,3942000
2017-12-26,9.266667366027832,9.342000007629395,9.073332786560059,9.323332786560059,8.890761375427246,4524000
2017-12-27,9.27066707611084,9.557999610900879,9.267333030700684,9.417332649230957,8.980399131774902,2980500
2017-12-28,9.531999588012695,9.561332702636719,9.434000015258789,9.477333068847656,9.037616729736328,3168000
2017-12-29,9.50333309173584,9.537332534790039,9.192000389099121,9.19333267211914,8.766793251037598,4132500
2018-01-02,9.350000381469727,9.951333045959473,9.303999900817871,9.951333045959473,9.4896240234375,9237000
2018-01-03,10.050666809082031,10.46399974822998,10.027999877929688,10.446666717529297,9.961971282958984,9871500
2018-01-04,10.663999557495117,10.738666534423828,10.368666648864746,10.630000114440918,10.136802673339844,8502000
2018-01-05,10.746000289916992,10.937999725341797,10.577333450317383,10.821999549865723,10.319892883300781,7713000
2018-01-08,10.810667037963867,11.166666984558105,10.723333358764648,11.065333366394043,10.5519380569458,6538500
2018-01-09,11.119999885559082,11.12733268737793,10.690667152404785,10.747332572937012,10.248689651489258,9009000
2018-01-10,10.378000259399414,10.49666690826416,10.097332954406738,10.350000381469727,9.869794845581055,13269000
2018-01-11,10.47933292388916,10.547332763671875,10.317999839782715,10.533332824707031,10.0446195602417,5524500
2018-01-12,10.528667449951172,10.76533317565918,10.440667152404785,10.696666717529297,10.200374603271484,5019000
2018-01-16,10.937333106994629,11.1813325881958,10.61066722869873,10.811332702636719,10.309720039367676,9804000
2018-01-17,11.091333389282227,11.792667388916016,11.053333282470703,11.7413330078125,11.19657039642334,11496000
2018-01-18,11.65666675567627,12.083333015441895,11.630000114440918,11.908666610717773,11.3561429977417,9171000
2018-01-19,12.04800033569336,12.10200023651123,11.715999603271484,11.940667152404785,11.386656761169434,9315000
2018-01-22,11.98799991607666,12.21733283996582,11.8100004196167,12.21733283996582,11.650485038757324,5620500
2018-01-23,12.373332977294922,12.496000289916992,12.234000205993652,12.494667053222656,11.914953231811523,6738000
2018-01-24,12.138667106628418,12.236000061035156,11.370667457580566,11.63466739654541,11.094855308532715,18628500
2018-01-25,12.079999923706055,12.095333099365234,11.028667449951172,11.029333114624023,10.517606735229492,13167000
2018-01-26,11.466667175292969,12.083333015441895,11.399999618530273,12.075332641601562,11.515077590942383,12733500
2018-01-29,11.916000366210938,12.27733325958252,11.591333389282227,12.036666870117188,11.478205680847168,9184500
2018-01-30,11.40666675567627,11.718667030334473,11.267999649047852,11.303999900817871,10.779529571533203,11923500
2018-01-31,11.683333396911621,11.830666542053223,11.392000198364258,11.593999862670898,11.056074142456055,6891000
2018-02-01,11.266667366027832,11.927332878112793,11.206666946411133,11.422666549682617,10.892692565917969,6895500
2018-02-02,11.06933307647705,11.15999984741211,10.466667175292969,10.468667030334473,9.982954025268555,13788000
2018-02-05,10.199999809265137,10.72266674041748,8.933333396911621,9.067999839782715,8.647276878356934,16929000
2018-02-06,8.526666641235352,10.022000312805176,8.518667221069336,10.0,9.536032676696777,20614500
2018-02-07,9.859999656677246,10.050666809082031,9.333333015441895,9.334667205810547,8.901568412780762,12523500
2018-02-08,9.500666618347168,9.527999877929688,8.13466739654541,8.153332710266113,7.7750420570373535,17155500
2018-02-09,8.757332801818848,9.03600025177002,7.820666790008545,8.895999908447266,8.48325252532959,20676000
2018-02-12,9.144000053405762,9.540666580200195,8.949999809265137,9.36533260345459,8.930810928344727,14100000
2018-02-13,9.125332832336426,9.395999908447266,9.088000297546387,9.351332664489746,8.917461395263672,7440000
2018-02-14,9.133333206176758,10.034667015075684,9.133333206176758,9.97933292388916,9.516324043273926,11127000
2018-02-15,10.254667282104492,10.347999572753906,9.633333206176758,10.347999572753906,9.867884635925293,12339000
2018-02-16,10.157333374023438,10.604666709899902,10.152000427246094,10.230667114257812,9.755996704101562,7677000
2018-02-20,10.100000381469727,11.052666664123535,10.089332580566406,10.760666847229004,10.261406898498535,11586000
2018-02-21,10.954000473022461,10.968000411987305,10.37600040435791,10.395999908447266,9.91365909576416,9901500
2018-02-22,10.523332595825195,10.638667106628418,10.224666595458984,10.3186674118042,9.839911460876465,5809500
2018-02-23,10.587332725524902,10.988666534423828,10.55666732788086,10.988666534423828,10.478829383850098,8178000
2018-02-26,11.233332633972168,11.699999809265137,11.140666961669922,11.687999725341797,11.14571475982666,8653500
2018-02-27,11.647333145141602,12.170000076293945,11.572667121887207,11.579999923706055,11.042726516723633,10837500
2018-02-28,11.800000190734863,11.930000305175781,11.231332778930664,11.261333465576172,10.73884391784668,10170000
2018-03-01,11.281999588012695,11.402667045593262,10.333333015441895,10.718000411987305,10.220719337463379,14397000
2018-03-02,10.258000373840332,11.33133316040039,10.258000373840332,11.272000312805176,10.749014854431152,9610500
2018-03-05,11.10533332824707,11.739999771118164,10.933333396911621,11.579333305358887,11.042088508605957,8790000
2018-03-06,11.853333473205566,12.190667152404785,11.716667175292969,12.102666854858398,11.541141510009766,12933000
2018-03-07,11.750666618347168,12.256667137145996,11.733332633972168,12.197999954223633,11.63205337524414,9990000
2018-03-08,12.333333015441895,12.447333335876465,12.026666641235352,12.25,11.681639671325684,8625000
2018-03-09,12.461333274841309,13.016667366027832,12.439332962036133,13.013333320617676,12.409555435180664,12120000
2018-03-12,13.279999732971191,13.628000259399414,13.166666984558105,13.41866683959961,12.796086311340332,12079500
2018-03-13,13.665332794189453,13.933333396911621,12.611332893371582,12.791999816894531,12.198491096496582,22048500
2018-03-14,12.949333190917969,12.979999542236328,12.434000015258789,12.786666870117188,12.193405151367188,13102500
2018-03-15,12.88599967956543,13.012666702270508,12.555999755859375,12.749333381652832,12.157805442810059,7572000
2018-03-16,12.805999755859375,12.96399974822998,12.682000160217285,12.739333152770996,12.14826774597168,4693500
2018-03-19,12.407999992370605,12.54466724395752,11.468667030334473,12.001333236694336,11.44450855255127,17712000
2018-03-20,12.066666603088379,12.38599967956543,12.017333030700684,12.281999588012695,11.712153434753418,8823000
2018-03-21,12.196000099182129,12.822667121887207,12.079999923706055,12.36533260345459,11.791618347167969,9939000
2018-03-22,11.781999588012695,12.146666526794434,11.331999778747559,11.350000381469727,10.823395729064941,15714000
2018-03-23,11.284667015075684,11.358667373657227,10.214667320251465,10.214667320251465,9.740738868713379,16557000
2018-03-26,10.980667114257812,11.507332801818848,10.534667015075684,11.499333381652832,10.965800285339355,18847500
2018-03-27,11.84000015258789,11.851332664489746,9.934000015258789,10.21733283996582,9.743282318115234,23146500
2018-03-28,10.092666625976562,10.302666664123535,9.421333312988281,9.56933307647705,9.125348091125488,20061000
2018-03-29,9.788666725158691,10.45533275604248,9.543333053588867,10.187999725341797,9.715307235717773,17752500
2018-04-02,9.880000114440918,10.133333206176758,8.723999977111816,9.008000373840332,8.590058326721191,19338000
2018-04-03,9.392666816711426,9.586000442504883,9.042667388916016,9.52400016784668,9.082114219665527,15993000
2018-04-04,8.707332611083984,9.96066665649414,8.683333396911621,9.887332916259766,9.42859172821045,16759500
2018-04-05,10.09333324432373,10.128666877746582,9.37399959564209,9.583333015441895,9.138696670532227,13840500
2018-04-06,9.170666694641113,9.499333381652832,8.588666915893555,8.708666801452637,8.304612159729004,13326000
2018-04-09,9.045999526977539,9.623332977294922,8.854000091552734,8.868000030517578,8.456550598144531,16462500
2018-04-10,9.498000144958496,9.869999885559082,9.302666664123535,9.720666885375977,9.269659042358398,18669000
2018-04-11,9.574666976928711,9.980667114257812,9.476667404174805,9.724666595458984,9.273472785949707,10633500
2018-04-12,9.989333152770996,10.358667373657227,9.908666610717773,10.278667449951172,9.801772117614746,13927500
2018-04-13,10.657333374023438,10.677332878112793,9.916666984558105,10.037332534790039,9.571634292602539,14283000
2018-04-16,10.227999687194824,10.254667282104492,9.844667434692383,10.10200023651123,9.63329792022705,8299500
2018-04-17,10.296667098999023,10.737333297729492,10.266667366027832,10.671333312988281,10.176218032836914,12387000
2018-04-18,10.46733283996582,10.525333404541016,10.046667098999023,10.340666770935059,9.860891342163086,12802500
2018-04-19,9.797332763671875,9.800000190734863,8.90666675567627,9.005332946777344,8.587512016296387,33981000
2018-04-20,9.0,9.133333206176758,8.559332847595215,8.682000160217285,8.279182434082031,16249500
2018-04-23,8.815333366394043,8.838666915893555,8.266667366027832,8.332667350769043,7.9460577964782715,16278000
2018-04-24,8.54466724395752,8.783332824707031,7.906000137329102,8.130000114440918,7.752795219421387,21633000
2018-04-25,8.251999855041504,8.281332969665527,7.710667133331299,8.101332664489746,7.725457668304443,20535000
2018-04-26,8.461333274841309,8.61733341217041,8.323332786560059,8.595999717712402,8.197171211242676,17655000
2018-04-27,8.904000282287598,8.932000160217285,8.285332679748535,8.406000137329102,8.015989303588867,13656000
2018-04-30,8.399999618530273,8.553333282470703,8.022666931152344,8.12733268737793,7.750250339508057,11466000
2018-05-01,8.066666603088379,8.55666732788086,8.047332763671875,8.529333114624023,8.133600234985352,13552500
2018-05-02,8.531332969665527,8.633999824523926,8.309332847595215,8.411999702453613,8.021709442138672,10189500
2018-05-03,8.199999809265137,8.673333168029785,8.014666557312012,8.564000129699707,8.166657447814941,15442500
2018-05-04,8.381333351135254,9.210000038146973,8.309332847595215,9.1813325881958,8.755346298217773,19219500
2018-05-07,9.335332870483398,9.5600004196167,9.275333404541016,9.432666778564453,8.99501895904541,14211000
2018-05-08,9.330666542053223,9.633333206176758,9.29466724395752,9.633333206176758,9.186373710632324,10398000
2018-05-09,9.719332695007324,10.0513334274292,9.630666732788086,10.049332618713379,9.583074569702148,12400500
2018-05-10,10.173999786376953,10.586000442504883,10.173999786376953,10.586000442504883,10.094844818115234,12277500
2018-05-11,10.378000259399414,10.633333206176758,10.275333404541016,10.333333015441895,9.853899002075195,11790000
2018-05-14,10.715999603271484,11.088666915893555,10.664667129516602,10.739999771118164,10.241697311401367,13374000
2018-05-15,10.4913330078125,10.600000381469727,10.137332916259766,10.359999656677246,9.879325866699219,10774500
2018-05-16,10.390666961669922,10.826000213623047,10.390666961669922,10.777999877929688,10.277935028076172,10854000
2018-05-17,10.657999992370605,10.932666778564453,10.420666694641113,10.652000427246094,10.157781600952148,8755500
2018-05-18,10.392666816711426,10.432000160217285,10.094667434692383,10.204000473022461,9.73056411743164,9588000
2018-05-21,10.670000076293945,10.825332641601562,10.239999771118164,10.522666931152344,10.034448623657227,13068000
2018-05-22,10.803999900817871,10.930000305175781,10.574000358581543,10.699999809265137,10.203553199768066,12891000
2018-05-23,10.399333000183105,10.87266731262207,10.30666732788086,10.871333122253418,10.366936683654785,9612000
2018-05-24,10.843999862670898,11.063332557678223,10.579999923706055,10.984000205993652,10.474377632141113,10362000
2018-05-25,10.966667175292969,11.281999588012695,10.908666610717773,11.254667282104492,10.732486724853516,9672000
2018-05-29,11.050666809082031,11.333333015441895,10.8100004196167,11.03933334350586,10.527142524719238,10375500
2018-05-30,11.19333267211914,11.501333236694336,11.094667434692383,11.258000373840332,10.735665321350098,12159000
2018-05-31,11.1813325881958,11.354000091552734,10.956666946411133,11.013999938964844,10.502984046936035,9567000
2018-06-01,11.2586669921875,11.757332801818848,11.176667213439941,11.751999855041504,11.206745147705078,17115000
2018-06-04,11.866666793823242,12.079333305358887,11.718000411987305,12.03933334350586,11.480745315551758,11950500
2018-06-05,12.133333206176758,12.312000274658203,11.99666690826416,12.199333190917969,11.63332462310791,9339000
2018-06-06,12.223999977111816,12.438667297363281,12.066666603088379,12.434666633605957,11.85773754119873,8950500
2018-06-07,12.465999603271484,12.519332885742188,11.836000442504883,12.104666709899902,11.543046951293945,9597000
2018-06-08,11.673333168029785,11.85200023651123,11.480667114257812,11.785332679748535,11.238529205322266,9820500
2018-06-11,11.707332611083984,11.892666816711426,11.58666706085205,11.697999954223633,11.155251502990723,6118500
2018-06-12,11.777999877929688,11.90999984741211,11.578666687011719,11.87733268737793,11.326261520385742,7593000
2018-06-13,11.879332542419434,12.209333419799805,11.799332618713379,11.83666706085205,11.287483215332031,8608500
2018-06-14,12.015999794006348,12.221332550048828,11.833999633789062,12.03933334350586,11.480745315551758,8094000
2018-06-15,11.739333152770996,12.03933334350586,11.683333396911621,12.015999794006348,11.45849609375,10308000
2018-06-18,11.733332633972168,11.733332633972168,11.320667266845703,11.646666526794434,11.106297492980957,12819000
2018-06-19,11.133333206176758,11.25333309173584,10.723333358764648,11.239333152770996,10.739439964294434,14991000
2018-06-20,11.510000228881836,11.580666542053223,11.266667366027832,11.416000366210938,10.908251762390137,7033500
2018-06-21,11.65133285522461,11.658666610717773,10.944000244140625,10.98799991607666,10.499286651611328,9858000
2018-06-22,11.130000114440918,11.187999725341797,10.656000137329102,10.733332633972168,10.255946159362793,5146500
2018-06-25,10.333333015441895,10.350666999816895,9.380666732788086,9.785332679748535,9.350110054016113,16000500
2018-06-26,9.935999870300293,10.031332969665527,9.733332633972168,9.887999534606934,9.448211669921875,7869000
2018-06-27,10.034000396728516,10.12733268737793,9.156000137329102,9.160667419433594,8.753228187561035,12337500
2018-06-28,9.11066722869873,9.442000389099121,9.053999900817871,9.392000198364258,8.974270820617676,10029000
2018-06-29,9.603333473205566,9.77733325958252,9.433333396911621,9.433333396911621,9.01376724243164,8799000
2018-07-02,9.185333251953125,9.616000175476074,8.97933292388916,9.607333183288574,9.18002700805664,8422500
2018-07-03,9.697333335876465,9.764666557312012,9.049332618713379,9.064000129699707,8.660856246948242,7272000
2018-07-05,9.378000259399414,9.807999610900879,9.349332809448242,9.797332763671875,9.361577033996582,10789500
2018-07-06,9.755999565124512,10.207332611083984,9.638667106628418,10.167332649230957,9.715117454528809,14602500
2018-07-09,10.476667404174805,10.476667404174805,9.991999626159668,10.357333183288574,9.896668434143066,10915500
2018-07-10,10.399999618530273,10.752667427062988,10.36400032043457,10.6813325881958,10.206257820129395,11608500
2018-07-11,10.146666526794434,10.353333473205566,9.833999633789062,9.85200023651123,9.41380786895752,16504500
2018-07-12,9.813332557678223,10.097332954406738,9.583999633789062,10.063332557678223,9.61574649810791,13414500
2018-07-13,10.079999923706055,10.118666648864746,9.88466739654541,9.934666633605957,9.492801666259766,6973500
2018-07-16,9.947999954223633,10.095333099365234,9.873332977294922,9.894000053405762,9.45394515991211,6094500
2018-07-17,9.688667297363281,10.333333015441895,9.658666610717773,10.332667350769043,9.873098373413086,10303500
2018-07-18,10.453332901000977,10.61533260345459,10.350000381469727,10.555999755859375,10.086501121520996,9042000
2018-07-19,10.426667213439941,10.614666938781738,10.270000457763672,10.478667259216309,10.01260757446289,7416000
2018-07-20,10.393333435058594,10.511333465576172,10.166666984558105,10.325332641601562,9.866093635559082,6780000
2018-07-23,10.200667381286621,10.421333312988281,9.769332885742188,10.368666648864746,9.907499313354492,8800500
2018-07-24,10.542667388916016,10.720000267028809,9.989999771118164,10.034000396728516,9.58771800994873,10236000
2018-07-25,9.986666679382324,10.191332817077637,9.628666877746582,10.191332817077637,9.738052368164062,14748000
2018-07-26,10.366666793823242,10.7586669921875,10.355999946594238,10.745332717895508,10.267411231994629,16359000
2018-07-27,10.766667366027832,11.045332908630371,10.354000091552734,10.590666770935059,10.119627952575684,12807000
2018-07-30,10.569999694824219,10.675999641418457,10.12600040435791,10.28933334350586,9.831695556640625,10194000
2018-07-31,10.46733283996582,10.904666900634766,10.420666694641113,10.481332778930664,10.01515007019043,7806000
2018-08-01,10.552666664123535,10.764666557312012,10.305999755859375,10.423999786376953,9.960371017456055,6054000
2018-08-02,10.154666900634766,10.783332824707031,10.046667098999023,10.747332572937012,10.269323348999023,7603500
2018-08-03,10.750666618347168,10.84000015258789,10.600000381469727,10.800000190734863,10.319646835327148,4069500
2018-08-06,10.755332946777344,10.998666763305664,10.565999984741211,10.994667053222656,10.505656242370605,5463000
2018-08-07,11.11533260345459,11.28266716003418,11.021332740783691,11.263999938964844,10.763010025024414,5655000
2018-08-08,11.208000183105469,11.400667190551758,11.12399959564209,11.350000381469727,10.845186233520508,4932000
2018-08-09,11.215332984924316,11.223333358764648,10.985333442687988,10.998666763305664,10.509479522705078,6726000
2018-08-10,10.38266658782959,10.46066665649414,10.024666786193848,10.170000076293945,9.717670440673828,16897500
2018-08-13,10.22266674041748,10.490667343139648,10.186667442321777,10.210000038146973,9.755888938903809,9745500
2018-08-14,10.393333435058594,10.456000328063965,10.131333351135254,10.179332733154297,9.72658634185791,5463000
2018-08-15,9.96066665649414,10.026000022888184,9.433333396911621,9.760000228881836,9.325901985168457,12493500
2018-08-16,9.968667030334473,9.98799991607666,9.619999885559082,9.692000389099121,9.2609281539917,8014500
2018-08-17,9.407333374023438,9.549332618713379,9.053333282470703,9.470666885375977,9.049440383911133,12708000
2018-08-20,9.533332824707031,9.616000175476074,9.128000259399414,9.4486665725708,9.028420448303223,8164500
2018-08-21,9.5600004196167,10.074000358581543,9.517333030700684,10.008000373840332,9.562874794006348,10276500
2018-08-22,9.916666984558105,10.172666549682617,9.745332717895508,10.13933277130127,9.68836498260498,8587500
2018-08-23,10.137332916259766,10.396666526794434,10.092000007629395,10.173999786376953,9.721489906311035,7741500
2018-08-24,10.295999526977539,10.619333267211914,10.293333053588867,10.611332893371582,10.139370918273926,8875500
2018-08-27,10.819999694824219,11.350000381469727,10.779333114624023,11.108667373657227,10.61458683013916,16623000
2018-08-28,11.2586669921875,11.373332977294922,10.910667419433594,11.237333297729492,10.737528800964355,11250000
2018-08-29,11.236000061035156,11.420000076293945,11.11533260345459,11.330666542053223,10.826712608337402,7524000
2018-08-30,11.223333358764648,11.375332832336426,10.972000122070312,11.01200008392334,10.522222518920898,9526500
2018-08-31,10.933333396911621,11.241999626159668,10.933333396911621,11.199999809265137,10.701859474182129,4807500
2018-09-04,11.0513334274292,11.481332778930664,10.989999771118164,11.457332611083984,10.947744369506836,8767500
2018-09-05,11.399999618530273,11.526000022888184,11.001333236694336,11.292667388916016,10.790404319763184,6303000
2018-09-06,11.192000389099121,11.206000328063965,10.358667373657227,10.386667251586914,9.924699783325195,13224000
2018-09-07,10.266667366027832,10.716667175292969,10.183333396911621,10.260666847229004,9.804301261901855,8241000
2018-09-10,10.512666702270508,10.596667289733887,10.29466724395752,10.595333099365234,10.12408447265625,5392500
2018-09-11,10.417332649230957,10.505332946777344,10.11066722869873,10.278667449951172,9.821502685546875,8391000
2018-09-12,9.937333106994629,9.937333106994629,9.25333309173584,9.925999641418457,9.484521865844727,19008000
2018-09-13,10.238666534423828,10.63933277130127,10.148667335510254,10.275333404541016,9.818317413330078,13285500
2018-09-14,10.453332901000977,10.720000267028809,10.345333099365234,10.608667373657227,10.13682746887207,9342000
2018-09-17,10.417332649230957,10.566666603088379,10.109333038330078,10.133333206176758,9.682632446289062,6747000
2018-09-18,10.27400016784668,10.600000381469727,10.27400016784668,10.418000221252441,9.954638481140137,6496500
2018-09-19,10.41333293914795,10.606666564941406,10.327333450317383,10.477333068847656,10.011334419250488,4318500
2018-09-20,10.64466667175293,10.96733283996582,10.64466667175293,10.838000297546387,10.35595989227295,9111000
2018-09-21,10.835332870483398,10.986666679382324,10.658666610717773,10.740667343139648,10.262953758239746,5826000
2018-09-24,10.482666969299316,10.871333122253418,10.410667419433594,10.854666709899902,10.371883392333984,5310000
2018-09-25,10.718667030334473,10.747332572937012,10.220666885375977,10.284667015075684,9.854589462280273,10809000
2018-09-26,10.180000305175781,10.349332809448242,9.961999893188477,9.994667053222656,9.5767183303833,5340000
2018-09-27,10.073332786560059,10.220000267028809,9.990667343139648,10.12399959564209,9.700641632080078,3802500
2018-09-28,10.054667472839355,10.394000053405762,9.985333442687988,10.307332992553711,9.876309394836426,7743000
2018-10-01,10.392666816711426,10.649999618530273,10.314666748046875,10.393333435058594,9.95871353149414,6400500
2018-10-02,10.324666976928711,10.816666603088379,10.307332992553711,10.40999984741211,9.974684715270996,8142000
2018-10-03,10.540666580200195,10.630000114440918,10.133333206176758,10.427332878112793,9.991291999816895,7701000
2018-10-04,10.239999771118164,10.266667366027832,9.600000381469727,9.866666793823242,9.454071998596191,15123000
2018-10-05,9.760666847229004,9.897333145141602,8.897333145141602,9.170000076293945,8.78653621673584,22242000
2018-10-08,9.0,9.186667442321777,8.613332748413086,8.844667434692383,8.474811553955078,12891000
2018-10-09,8.777999877929688,8.954000473022461,8.65666675567627,8.837332725524902,8.467782020568848,7024500
2018-10-10,8.506667137145996,8.508000373840332,7.6533331871032715,7.664667129516602,7.344152450561523,26956500
2018-10-11,7.646667003631592,8.10533332824707,7.24666690826416,7.4206671714782715,7.110355854034424,20209500
2018-10-12,8.040666580200195,8.155332565307617,7.5,7.834000110626221,7.506404876708984,13690500
2018-10-15,7.723999977111816,7.880000114440918,7.533999919891357,7.624667167663574,7.305825233459473,8487000
2018-10-16,7.913332939147949,8.402667045593262,7.848667144775391,8.371333122253418,8.021267890930176,10891500
2018-10-17,8.53266716003418,8.60533332824707,8.09333324432373,8.26533317565918,7.919699668884277,9156000
2018-10-18,8.161333084106445,8.166666984558105,7.555333137512207,7.646667003631592,7.326904773712158,15177000
2018-10-19,7.802000045776367,7.918000221252441,7.199999809265137,7.285999774932861,6.981320858001709,14745000
2018-10-22,7.433332920074463,7.558667182922363,7.22933292388916,7.427999973297119,7.117382049560547,8202000
2018-10-23,6.843332767486572,7.433332920074463,6.6106672286987305,7.308667182922363,7.00303840637207,20764500
2018-10-24,6.943999767303467,6.966667175292969,5.8333330154418945,5.863333225250244,5.61814546585083,29644500
2018-10-25,6.000667095184326,6.402667045593262,5.960000038146973,6.26200008392334,6.000140190124512,15933000
2018-10-26,5.8393330574035645,6.25333309173584,5.625332832336426,5.928667068481445,5.6807475090026855,19084500
2018-10-29,6.267333030700684,6.369332790374756,5.415999889373779,5.754000186920166,5.513384819030762,15058500
2018-10-30,5.721333026885986,6.477333068847656,5.692667007446289,6.46999979019165,6.19944429397583,18321000
2018-10-31,6.766666889190674,6.853332996368408,6.522666931152344,6.702667236328125,6.4223809242248535,14517000
2018-11-01,6.794666767120361,7.691999912261963,6.789332866668701,7.625332832336426,7.306463718414307,19780500
2018-11-02,7.618000030517578,7.679333209991455,7.007999897003174,7.283332824707031,6.978763103485107,18301500
2018-11-05,7.24666690826416,7.262667179107666,6.738667011260986,7.0960001945495605,6.799266815185547,12534000
2018-11-06,7.047332763671875,7.423999786376953,7.047332763671875,7.353332996368408,7.045836925506592,7428000
2018-11-07,7.657332897186279,7.674666881561279,7.344666957855225,7.617332935333252,7.298797607421875,13149000
2018-11-08,7.3993330001831055,7.680666923522949,7.303999900817871,7.517333030700684,7.20297908782959,8494500
2018-11-09,7.199999809265137,7.27666711807251,6.9019999504089355,7.0980000495910645,6.801182746887207,8788500
2018-11-12,6.755332946777344,6.757999897003174,6.073332786560059,6.168000221252441,5.910071849822998,15409500
2018-11-13,6.267333030700684,6.77133321762085,6.267333030700684,6.395999908447266,6.128537178039551,10953000
2018-11-14,6.632667064666748,6.77133321762085,6.297332763671875,6.470666885375977,6.200082778930664,10629000
2018-11-15,6.398666858673096,7.199999809265137,6.366666793823242,7.125332832336426,6.827372074127197,14431500
2018-11-16,6.389999866485596,6.9633331298828125,6.3506669998168945,6.870666980743408,6.58335542678833,12009000
2018-11-19,6.702667236328125,6.8373332023620605,6.063333034515381,6.071332931518555,5.817446708679199,13630500
2018-11-20,5.572667121887207,6.345333099365234,5.556666851043701,6.099999904632568,5.844916343688965,21753000
2018-11-21,6.319333076477051,6.446000099182129,6.1620001792907715,6.172667026519775,5.914543628692627,10492500
2018-11-23,6.066667079925537,6.3333330154418945,6.0,6.170000076293945,5.911988735198975,5686500
2018-11-26,6.433332920074463,6.52133321762085,6.242667198181152,6.518667221069336,6.246076583862305,10636500
2018-11-27,6.406000137329102,6.7133331298828125,6.312666893005371,6.560667037963867,6.286319732666016,7797000
2018-11-28,6.757332801818848,7.01200008392334,6.380667209625244,7.011332988739014,6.718138694763184,11701500
2018-11-29,6.9106669425964355,7.051332950592041,6.792666912078857,6.844666957855225,6.55844259262085,6813000
2018-11-30,6.862667083740234,7.139999866485596,6.636666774749756,7.125999927520752,6.828010559082031,9060000
2018-12-03,7.797332763671875,7.861332893371582,7.480000019073486,7.702000141143799,7.379924774169922,18288000
2018-12-04,7.5233330726623535,7.552000045776367,6.566667079925537,6.578667163848877,6.303567409515381,18252000
2018-12-06,6.03866720199585,6.470666885375977,5.940000057220459,6.470666885375977,6.200082778930664,21013500
2018-12-07,6.427332878112793,6.47333288192749,5.657332897186279,5.745999813079834,5.505719184875488,19045500
2018-12-10,5.715332984924316,6.052000045776367,5.6579999923706055,5.989333152770996,5.738877773284912,14008500
2018-12-11,6.27066707611084,6.510000228881836,5.989333152770996,6.095333099365234,5.840443134307861,23953500
2018-12-12,6.387332916259766,6.627333164215088,6.22866678237915,6.365333080291748,6.099152088165283,17592000
2018-12-13,6.48466682434082,6.574666976928711,6.223999977111816,6.294666767120361,6.031442642211914,13446000
2018-12-14,6.0833330154418945,6.409999847412109,6.021999835968018,6.026000022888184,5.774010181427002,10413000
2018-12-17,5.966667175292969,6.275332927703857,5.691332817077637,5.800000190734863,5.557459831237793,15946500
2018-12-18,5.946000099182129,6.305333137512207,5.944666862487793,6.029333114624023,5.77720308303833,13204500
2018-12-19,5.971333026885986,6.126667022705078,5.181333065032959,5.267333030700684,5.047067642211914,29062500
2018-12-20,5.24066686630249,5.506667137145996,4.935999870300293,5.132667064666748,4.918034076690674,19387500
2018-12-21,5.23199987411499,5.414667129516602,4.8379998207092285,4.897333145141602,4.692540645599365,19287000
2018-12-24,4.768667221069336,4.923333168029785,4.466667175292969,4.4720001220703125,4.284993648529053,13795500
2018-12-26,4.652667045593262,5.244667053222656,4.425333023071289,5.24066686630249,5.0215163230896,17737500
2018-12-27,4.956666946411133,5.341332912445068,4.803332805633545,5.338666915893555,5.133901119232178,12370500
2018-12-28,5.454667091369629,5.74666690826416,5.314000129699707,5.451333045959473,5.242246627807617,17269500
2018-12-31,5.638000011444092,5.691332817077637,5.390666961669922,5.554666996002197,5.341617107391357,12660000
2019-01-02,5.180666923522949,5.822000026702881,5.173999786376953,5.702000141143799,5.4832987785339355,13147500
2019-01-03,5.315332889556885,5.388667106628418,4.672667026519775,4.688666820526123,4.5088324546813965,28599000
2019-01-04,4.921999931335449,5.3566670417785645,4.886666774749756,5.294666767120361,5.091588497161865,17604000
2019-01-07,5.398666858673096,5.754000186920166,5.280666828155518,5.605332851409912,5.390340805053711,16641000
2019-01-08,5.775332927703857,5.78266716003418,5.298666954040527,5.5193328857421875,5.307639122009277,14445000
2019-01-09,5.677999973297119,6.021999835968018,5.672667026519775,5.946000099182129,5.717940330505371,17928000
2019-01-10,5.760666847229004,6.137332916259766,5.757332801818848,6.113333225250244,5.878856182098389,12975000
2019-01-11,6.018667221069336,6.451333045959473,5.966667175292969,6.283999919891357,6.042975902557373,12399000
2019-01-14,6.050000190734863,6.118000030517578,5.890666961669922,5.986667156219482,5.757047653198242,10731000
2019-01-15,6.028666973114014,6.243332862854004,5.952000141143799,6.026000022888184,5.794871807098389,14590500
2019-01-16,6.099999904632568,6.179333209991455,5.870666980743408,5.878666877746582,5.653190612792969,10257000
2019-01-17,5.794000148773193,6.176000118255615,5.654666900634766,6.081999778747559,5.848723888397217,15876000
2019-01-18,6.263332843780518,6.616000175476074,6.161333084106445,6.499332904815674,6.250050067901611,15720000
2019-01-22,6.315332889556885,6.322000026702881,5.813333034515381,5.952667236328125,5.724353313446045,18655500
2019-01-23,6.067333221435547,6.125999927520752,5.6606669425964355,5.828667163848877,5.605108261108398,15681000
2019-01-24,6.192667007446289,6.900000095367432,6.192667007446289,6.825333118438721,6.563546657562256,32491500
2019-01-25,6.894667148590088,7.3420000076293945,6.766666889190674,7.261332988739014,6.982824325561523,17100000
2019-01-28,6.453332901000977,6.994667053222656,6.407332897186279,6.818666934967041,6.557136058807373,14305500
2019-01-29,6.857333183288574,6.906667232513428,6.49666690826416,6.52400016784668,6.2737717628479,9061500
2019-01-30,6.875999927520752,7.1666669845581055,6.656667232513428,7.090000152587891,6.8180623054504395,14400000
2019-01-31,7.065999984741211,7.27400016784668,6.900000095367432,7.095333099365234,6.823191165924072,10894500
2019-02-01,7.1066670417785645,7.440667152404785,7.1066670417785645,7.343332767486572,7.061678886413574,10723500
2019-02-04,7.360000133514404,7.455333232879639,7.1666669845581055,7.453999996185303,7.168100833892822,4450500
2019-02-05,7.466667175292969,7.656667232513428,7.409333229064941,7.558000087738037,7.268111705780029,9172500
2019-02-06,7.8333330154418945,8.33666706085205,7.826000213623047,8.165332794189453,7.852150917053223,17931000
2019-02-07,7.866666793823242,7.96733283996582,7.422667026519775,7.619999885559082,7.327734470367432,18687000
2019-02-08,7.2733330726623535,7.624667167663574,7.184667110443115,7.588666915893555,7.297603607177734,10705500
2019-02-11,7.705999851226807,7.748666763305664,7.49066686630249,7.697332859039307,7.402099132537842,8164500
2019-02-12,7.986667156219482,8.235333442687988,7.937333106994629,8.182666778564453,7.868819713592529,13083000
2019-02-13,8.331999778747559,8.442000389099121,8.174667358398438,8.253999710083008,7.9374165534973145,12480000
2019-02-14,8.13599967956543,8.5,8.13599967956543,8.3186674118042,7.999602317810059,11575500
2019-02-15,8.53266716003418,8.577333450317383,8.29466724395752,8.453332901000977,8.129105567932129,10102500
2019-02-19,8.304667472839355,8.574666976928711,8.300666809082031,8.398667335510254,8.076536178588867,7548000
2019-02-20,8.472000122070312,8.779333114624023,8.469332695007324,8.630000114440918,8.298992156982422,9694500
2019-02-21,8.652667045593262,8.69333267211914,8.359333038330078,8.4399995803833,8.11628246307373,11476500
2019-02-22,8.642666816711426,8.734000205993652,8.525333404541016,8.703332901000977,8.369515419006348,12757500
2019-02-25,9.133999824523926,9.220666885375977,8.899333000183105,8.92199993133545,8.579795837402344,12519000
2019-02-26,8.829333305358887,8.949333190917969,8.66333293914795,8.737333297729492,8.402210235595703,8319000
2019-02-27,8.614666938781738,8.614666938781738,8.150667190551758,8.428667068481445,8.105384826660156,15036000
2019-02-28,8.324000358581543,8.517333030700684,8.239999771118164,8.449333190917969,8.125259399414062,7447500
2019-03-01,8.702667236328125,8.781999588012695,8.400667190551758,8.670000076293945,8.337458610534668,10362000
2019-03-04,8.864666938781738,8.927332878112793,8.34866714477539,8.673999786376953,8.341309547424316,14767500
2019-03-05,8.65133285522461,8.71066665649414,8.447999954223633,8.550000190734863,8.222064018249512,7974000
2019-03-06,8.52400016784668,8.555999755859375,8.119999885559082,8.131999969482422,7.820096969604492,14940000
2019-03-07,8.0,8.040666580200195,7.71133279800415,7.855332851409912,7.554040431976318,15607500
2019-03-08,7.442667007446289,7.861999988555908,7.380000114440918,7.842667102813721,7.541861534118652,12711000
2019-03-11,7.988667011260986,8.512666702270508,7.946667194366455,8.402000427246094,8.079742431640625,12825000
2019-03-12,8.458000183105469,8.63266658782959,8.255332946777344,8.5,8.173981666564941,10372500
2019-03-13,8.635333061218262,8.802666664123535,8.566666603088379,8.604000091552734,8.273992538452148,8331000
2019-03-14,8.609999656677246,8.72599983215332,8.442000389099121,8.457332611083984,8.132951736450195,6633000
2019-03-15,8.76533317565918,9.38466739654541,8.720000267028809,9.185999870300293,8.833670616149902,22909500
2019-03-18,9.244000434875488,9.38466739654541,8.961999893188477,9.12600040435791,8.77597427368164,10273500
2019-03-19,9.362667083740234,9.559332847595215,9.317333221435547,9.478667259216309,9.13132095336914,13689000
2019-03-20,9.465999603271484,9.628666877746582,9.034667015075684,9.208666801452637,8.871216773986816,13167000
2019-03-21,9.236666679382324,10.34866714477539,9.236666679382324,10.16333293914795,9.790899276733398,21321000
2019-03-22,10.011333465576172,10.074000358581543,9.273332595825195,9.298666954040527,8.957916259765625,18607500
2019-03-25,9.14466667175293,9.353333473205566,8.721332550048828,8.944000244140625,8.616246223449707,23959500
2019-03-26,9.31933307647705,9.450667381286621,9.002667427062988,9.215999603271484,8.878280639648438,17310000
2019-03-27,9.233332633972168,9.317333221435547,8.609333038330078,8.812000274658203,8.48908519744873,19968000
2019-03-28,8.890666961669922,9.092000007629395,8.587332725524902,8.765999794006348,8.444769859313965,11520000
2019-03-29,9.074000358581543,9.215332984924316,8.998666763305664,9.169333457946777,8.83332347869873,12793500
2019-04-01,9.577333450317383,9.869333267211914,9.456000328063965,9.844667434692383,9.483909606933594,18229500
2019-04-02,9.829333305358887,9.9486665725708,9.696000099182129,9.87600040435791,9.514095306396484,8290500
2019-04-03,10.236666679382324,10.808667182922363,10.21399974822998,10.548666954040527,10.16211223602295,30327000
2019-04-04,10.435999870300293,10.795332908630371,10.4313325881958,10.588666915893555,10.200645446777344,14100000
2019-04-05,10.792667388916016,10.847332954406738,10.600666999816895,10.830666542053223,10.433777809143066,7863000
2019-04-08,10.683333396911621,10.933333396911621,10.616666793823242,10.908666610717773,10.508918762207031,7659000
2019-04-09,10.733332633972168,10.733332633972168,10.393333435058594,10.540666580200195,10.154401779174805,16965000
2019-04-10,10.53933334350586,10.899999618530273,10.520000457763672,10.811332702636719,10.415154457092285,13528500
2019-04-11,10.866666793823242,11.005332946777344,10.680000305175781,10.784667015075684,10.389464378356934,9259500
2019-04-12,11.09333324432373,11.239333152770996,10.974666595458984,11.233332633972168,10.821688652038574,12208500
2019-04-15,11.22933292388916,11.266667366027832,10.795999526977539,10.994000434875488,10.59112548828125,9196500
2019-04-16,11.199333190917969,12.047332763671875,11.172666549682617,12.041333198547363,11.600078582763672,19468500
2019-04-17,12.733332633972168,13.062666893005371,12.302666664123535,12.589332580566406,12.127998352050781,16183500
2019-04-18,12.601332664489746,12.723999977111816,12.421333312988281,12.613332748413086,12.151115417480469,9463500
2019-04-22,12.433333396911621,12.702667236328125,12.293333053588867,12.618666648864746,12.156257629394531,4671000
2019-04-23,12.777999877929688,13.120667457580566,12.694666862487793,12.997332572937012,12.521044731140137,8796000
2019-04-24,12.96733283996582,13.76200008392334,12.96733283996582,13.37399959564209,12.8839111328125,11011500
2019-04-25,13.262666702270508,13.262666702270508,12.3013334274292,12.645999908447266,12.182585716247559,12978000
2019-04-26,11.928667068481445,12.333333015441895,11.541999816894531,12.329333305358887,11.877524375915527,13794000
2019-04-29,12.371333122253418,12.416000366210938,12.10200023651123,12.264666557312012,11.815227508544922,4995000
2019-04-30,12.209333419799805,12.620667457580566,12.189332962036133,12.536666870117188,12.077258110046387,6696000
2019-05-01,12.934000015258789,13.106666564941406,12.209333419799805,12.22933292388916,11.78118896484375,12915000
2019-05-02,12.165332794189453,13.020000457763672,12.136667251586914,12.636667251586914,12.173596382141113,13312500
2019-05-03,12.863332748413086,12.907999992370605,12.450667381286621,12.890000343322754,12.417647361755371,8863500
2019-05-06,11.605999946594238,12.284667015075684,11.481332778930664,12.256667137145996,11.807523727416992,17829000
2019-05-07,11.8013334274292,11.859333038330078,10.960000038146973,11.362000465393066,10.945640563964844,24256500
2019-05-08,11.125332832336426,11.600000381469727,11.02400016784668,11.089332580566406,10.682964324951172,12007500
2019-05-09,10.566666603088379,10.847999572753906,9.95533275604248,10.694666862487793,10.302762985229492,18993000
2019-05-10,10.47933292388916,10.923333168029785,9.973999977111816,10.72599983215332,10.332945823669434,20788500
2019-05-13,9.662667274475098,9.858667373657227,9.079333305358887,9.211999893188477,8.87442684173584,24391500
2019-05-14,9.553333282470703,10.007332801818848,9.425333023071289,9.871333122253418,9.50959587097168,17139000
2019-05-15,9.522000312805176,10.311332702636719,9.513333320617676,10.113332748413086,9.742730140686035,14703000
2019-05-16,9.666666984558105,9.935333251953125,9.417332649230957,9.600000381469727,9.248208045959473,21981000
2019-05-17,9.155332565307617,9.715332984924316,8.918000221252441,9.03266716003418,8.701664924621582,24265500
2019-05-20,8.223999977111816,8.373332977294922,7.78000020980835,7.949999809265137,7.658672332763672,26760000
2019-05-21,8.466667175292969,8.575332641601562,8.245332717895508,8.449999809265137,8.140352249145508,19236000
2019-05-22,7.98199987411499,8.178667068481445,7.835999965667725,7.921332836151123,7.63105583190918,15225000
2019-05-23,7.471333026885986,7.554666996002197,7.154666900634766,7.52066707611084,7.245073318481445,20860500
2019-05-24,7.712666988372803,7.806666851043701,7.310667037963867,7.325333118438721,7.0568976402282715,13459500
2019-05-28,7.457333087921143,7.533332824707031,7.095333099365234,7.125999927520752,6.864867210388184,13249500
2019-05-29,6.950666904449463,7.322667121887207,6.9033331871032715,7.222667217254639,6.957993507385254,20284500
2019-05-30,7.296000003814697,7.572000026702881,7.2266669273376465,7.387332916259766,7.11662483215332,19113000
2019-05-31,7.111999988555908,7.430666923522949,7.047999858856201,7.066667079925537,6.807709217071533,18478500
2019-06-03,7.331999778747559,7.533332824707031,7.010000228881836,7.134666919708252,6.873217582702637,23410500
2019-06-04,7.533332824707031,8.055333137512207,7.326666831970215,8.039999961853027,7.7453742027282715,32151000
2019-06-05,8.304667472839355,8.310667037963867,7.569333076477051,7.880000114440918,7.591237545013428,25533000
2019-06-06,7.877333164215088,8.291999816894531,7.826666831970215,8.207332611083984,7.906574249267578,14176500
2019-06-07,8.26533317565918,8.538666725158691,8.227333068847656,8.464667320251465,8.154479026794434,14091000
2019-06-10,8.851332664489746,9.423999786376953,8.787332534790039,9.124667167663574,8.79029369354248,21726000
2019-06-11,9.637999534606934,9.666666984558105,8.994000434875488,9.19333267211914,8.856443405151367,18606000
2019-06-12,8.92199993133545,8.946666717529297,8.517333030700684,8.54466724395752,8.231549263000488,11925000
2019-06-13,8.768667221069336,8.803333282470703,8.5,8.706666946411133,8.387611389160156,11455500
2019-06-14,7.933332920074463,8.143333435058594,7.8520002365112305,8.016667366027832,7.722896575927734,14856000
2019-06-17,8.033332824707031,8.11066722869873,7.838666915893555,7.855332851409912,7.567473411560059,8601000
2019-06-18,8.14466667175293,9.039999961853027,8.093999862670898,8.880000114440918,8.554593086242676,26061000
2019-06-19,9.026666641235352,9.08133316040039,8.755332946777344,8.897333145141602,8.571290969848633,13185000
2019-06-20,9.471332550048828,9.552666664123535,9.010666847229004,9.144000053405762,8.808915138244629,19162500
2019-06-21,9.010666847229004,9.24666690826416,8.923999786376953,8.95533275604248,8.627163887023926,12225000
2019-06-24,9.013999938964844,9.133333206176758,8.927332878112793,9.014666557312012,8.68432331085205,9433500
2019-06-25,9.025333404541016,9.170666694641113,8.587332725524902,8.619333267211914,8.315408706665039,12205500
2019-06-26,9.188667297363281,9.593999862670898,9.142000198364258,9.429332733154297,9.096843719482422,19284000
2019-06-27,9.603333473205566,10.001333236694336,9.603333473205566,9.845333099365234,9.498178482055664,13567500
2019-06-28,10.12600040435791,10.157333374023438,9.824666976928711,9.88599967956543,9.5374116897583,11226000
2019-07-01,11.180000305175781,11.4399995803833,10.4399995803833,10.685999870300293,10.309203147888184,21082500
2019-07-02,10.5600004196167,10.5600004196167,10.103333473205566,10.23799991607666,9.876999855041504,12142500
2019-07-03,10.27733325958252,10.27733325958252,9.876667022705078,10.078666687011719,9.723283767700195,9478500
2019-07-05,9.75,9.951333045959473,9.588666915893555,9.918000221252441,9.568282127380371,9699000
2019-07-08,9.64466667175293,9.778667449951172,9.516667366027832,9.678000450134277,9.336745262145996,8194500
2019-07-09,9.53600025177002,9.928667068481445,9.458666801452637,9.90133285522461,9.552201271057129,9168000
2019-07-10,10.230667114257812,10.530667304992676,10.059332847595215,10.109333038330078,9.75286865234375,16626000
2019-07-11,10.260000228881836,10.311332702636719,10.007332801818848,10.185999870300293,9.826831817626953,8664000
2019-07-12,10.295332908630371,10.778667449951172,10.268667221069336,10.767999649047852,10.388311386108398,12400500
2019-07-15,10.933333396911621,11.166666984558105,10.833333015441895,11.018667221069336,10.630138397216797,8479500
2019-07-16,10.859333038330078,10.932666778564453,10.499333381652832,10.661999702453613,10.286046981811523,9934500
2019-07-17,10.895999908447266,10.925333023071289,10.65133285522461,10.751333236694336,10.372231483459473,7201500
2019-07-18,10.795999526977539,11.302666664123535,10.774666786193848,11.244000434875488,10.847525596618652,13081500
2019-07-19,11.395999908447266,11.5,11.150667190551758,11.169333457946777,10.775491714477539,9180000
2019-07-22,11.364666938781738,11.880000114440918,11.34000015258789,11.823332786560059,11.4064302444458,13075500
2019-07-23,12.069999694824219,12.273332595825195,11.87399959564209,12.273332595825195,11.840563774108887,10419000
2019-07-24,12.533332824707031,13.473999977111816,12.512666702270508,13.392000198364258,12.919787406921387,23553000
2019-07-25,13.143333435058594,13.146666526794434,12.609999656677246,12.712667465209961,12.26440715789795,14809500
2019-07-26,12.969332695007324,12.990667343139648,12.685333251953125,12.703332901000977,12.255402565002441,8842500
2019-07-29,12.600000381469727,12.863332748413086,12.321999549865723,12.8013334274292,12.349945068359375,7939500
2019-07-30,12.456000328063965,12.804667472839355,12.322667121887207,12.714667320251465,12.266338348388672,5961000
2019-07-31,12.510666847229004,12.510666847229004,11.109333038330078,11.486666679382324,11.081636428833008,21309000
2019-08-01,11.36400032043457,12.312666893005371,10.506667137145996,10.797332763671875,10.416607856750488,25618500
2019-08-02,10.453332901000977,10.736000061035156,10.033332824707031,10.291333198547363,9.928451538085938,16612500
2019-08-05,9.386667251586914,9.430000305175781,8.70199966430664,8.946666717529297,8.631199836730957,22728000
2019-08-06,9.417332649230957,9.666000366210938,9.005999565124512,9.305999755859375,8.977861404418945,20334000
2019-08-07,8.887332916259766,9.571332931518555,8.866666793823242,9.501999855041504,9.166950225830078,19701000
2019-08-08,9.791333198547363,10.278667449951172,9.559332847595215,10.278667449951172,9.916232109069824,18787500
2019-08-09,9.947333335876465,10.070667266845703,9.505999565124512,9.704000473022461,9.361827850341797,17550000
2019-08-12,9.463333129882812,9.704000473022461,9.202667236328125,9.355999946594238,9.026100158691406,12654000
2019-08-13,9.319999694824219,10.411333084106445,9.133999824523926,10.182000160217285,9.82297420501709,19845000
2019-08-14,9.479999542236328,9.721332550048828,9.074666976928711,9.227333068847656,8.901970863342285,27957000
2019-08-15,9.473333358764648,9.473333358764648,8.928667068481445,9.15133285522461,8.82864761352539,14976000
2019-08-16,9.545332908630371,9.977333068847656,9.479999542236328,9.899999618530273,9.550915718078613,16189500
2019-08-19,10.591333389282227,10.714667320251465,10.313332557678223,10.468667030334473,10.099533081054688,15972000
2019-08-20,10.393333435058594,10.524666786193848,10.13599967956543,10.302666664123535,9.939385414123535,8716500
2019-08-21,10.633333206176758,10.733332633972168,10.432000160217285,10.594667434692383,10.221087455749512,9754500
2019-08-22,10.653332710266113,10.755332946777344,10.246000289916992,10.583333015441895,10.21015453338623,9760500
2019-08-23,10.173333168029785,10.436667442321777,9.106666564941406,9.211999893188477,8.887177467346191,31515000
2019-08-26,9.66866683959961,9.685999870300293,9.325332641601562,9.4399995803833,9.107136726379395,11319000
2019-08-27,9.676667213439941,9.766667366027832,9.180000305175781,9.341333389282227,9.011948585510254,11251500
2019-08-28,9.194666862487793,9.552666664123535,9.000666618347168,9.512666702270508,9.177242279052734,10600500
2019-08-29,9.933333396911621,10.347999572753906,9.933333396911621,10.15666675567627,9.798534393310547,18906000
2019-08-30,10.440667152404785,10.59866714477539,10.170000076293945,10.329999923706055,9.965753555297852,10582500
2019-09-03,10.000666618347168,10.102666854858398,9.62399959564209,9.792667388916016,9.447370529174805,12528000
2019-09-04,10.265999794006348,10.607333183288574,10.251333236694336,10.59333324432373,10.219804763793945,19119000
2019-09-05,11.270000457763672,11.950667381286621,11.22599983215332,11.582667350769043,11.174251556396484,17769000
2019-09-06,11.640000343322754,11.75333309173584,11.400667190551758,11.629332542419434,11.219273567199707,7131000
2019-09-09,11.853333473205566,12.084667205810547,11.646666526794434,11.792667388916016,11.376848220825195,9319500
2019-09-10,11.607999801635742,11.947999954223633,11.37399959564209,11.947999954223633,11.526700019836426,7002000
2019-09-11,12.119333267211914,12.483332633972168,11.899999618530273,12.483332633972168,12.043157577514648,9793500
2019-09-12,12.800666809082031,12.937999725341797,12.333999633789062,12.59333324432373,12.149283409118652,11793000
2019-09-13,12.597332954406738,12.703332901000977,12.280667304992676,12.47933292388916,12.039297103881836,6118500
2019-09-16,12.133333206176758,12.393333435058594,11.887999534606934,12.225333213806152,11.794258117675781,6535500
2019-09-17,12.143333435058594,12.359333038330078,11.934000015258789,12.33666706085205,11.901663780212402,5451000
2019-09-18,12.291999816894531,12.374667167663574,11.833999633789062,12.36066722869873,11.924817085266113,8751000
2019-09-19,12.472000122070312,12.55666732788086,12.11733341217041,12.172666549682617,11.743449211120605,7227000
2019-09-20,12.319999694824219,12.319999694824219,11.333333015441895,11.494000434875488,11.088712692260742,11719500
2019-09-23,11.425999641418457,12.03266716003418,11.425999641418457,11.845333099365234,11.427655220031738,8188500
2019-09-24,12.092000007629395,12.104666709899902,11.0686674118042,11.251999855041504,10.874401092529297,18163500
2019-09-25,11.067333221435547,11.938667297363281,10.795332908630371,11.827333450317383,11.430428504943848,11985000
2019-09-26,11.838666915893555,11.966667175292969,11.511333465576172,11.864666938781738,11.466507911682129,10096500
2019-09-27,11.607333183288574,11.73799991607666,10.749333381652832,11.0,10.630858421325684,17278500
2019-09-30,11.199999809265137,11.38266658782959,11.017333030700684,11.347999572753906,10.967181205749512,7299000
2019-10-01,11.573332786560059,11.986666679382324,10.910667419433594,11.037332534790039,10.666937828063965,14653500
2019-10-02,10.709333419799805,10.83666706085205,10.30666732788086,10.516667366027832,10.163745880126953,19338000
2019-10-03,10.535332679748535,11.079999923706055,10.145999908447266,11.054667472839355,10.683692932128906,17961000
2019-10-04,11.163999557495117,11.666666984558105,11.136667251586914,11.654000282287598,11.262911796569824,13695000
2019-10-07,11.553333282470703,11.762666702270508,11.383999824523926,11.388667106628418,11.00648307800293,9079500
2019-10-08,11.033332824707031,11.058667182922363,10.311332702636719,10.341333389282227,9.99429702758789,25107000
2019-10-09,10.766667366027832,11.065999984741211,10.671333312988281,10.862667083740234,10.498133659362793,15838500
2019-10-10,10.941332817077637,11.516667366027832,10.904000282287598,11.178667068481445,10.803529739379883,18492000
2019-10-11,11.800000190734863,12.336000442504883,11.762666702270508,11.929332733154297,11.529001235961914,27876000
2019-10-14,11.887999534606934,12.0,11.750666618347168,11.927332878112793,11.527071952819824,7069500
2019-10-15,12.131999969482422,12.795999526977539,12.096667289733887,12.709333419799805,12.282828330993652,19419000
2019-10-16,12.526000022888184,12.691332817077637,12.077333450317383,12.15666675567627,11.74870777130127,15471000
2019-10-17,12.595999717712402,12.701333045959473,12.043333053588867,12.284000396728516,11.871769905090332,12418500
2019-10-18,12.203332901000977,12.290666580200195,11.513999938964844,11.87399959564209,11.475528717041016,14661000
2019-10-21,12.158666610717773,12.55666732788086,12.113332748413086,12.549332618713379,12.12819766998291,11613000
2019-10-22,12.619999885559082,12.699333190917969,12.23799991607666,12.255999565124512,11.844710350036621,9618000
2019-10-23,11.576000213623047,11.866666793823242,11.316666603088379,11.543333053588867,11.155957221984863,15555000
2019-10-24,12.0,12.398667335510254,11.934000015258789,12.380666732788086,11.965191841125488,14469000
2019-10-25,12.456000328063965,13.173333168029785,12.44333267211914,13.142666816711426,12.701620101928711,18265500
2019-10-28,13.400667190551758,13.888667106628418,13.391332626342773,13.831999778747559,13.367818832397461,15250500
2019-10-29,13.898667335510254,14.165332794189453,13.423333168029785,13.469332695007324,13.017319679260254,10779000
2019-10-30,13.743332862854004,13.743332862854004,13.173333168029785,13.471332550048828,13.019256591796875,8559000
2019-10-31,13.303999900817871,13.345999717712402,12.710000038146973,13.218000411987305,12.774422645568848,9952500
2019-11-01,13.595333099365234,14.129332542419434,13.434666633605957,14.129332542419434,13.65517807006836,10477500
2019-11-04,14.665332794189453,15.131333351135254,14.628666877746582,15.054667472839355,14.549459457397461,12294000
2019-11-05,15.236000061035156,15.477333068847656,14.970000267028809,15.141332626342773,14.633211135864258,9777000
2019-11-06,15.060667037963867,15.066666603088379,14.345999717712402,14.800000190734863,14.30333423614502,11104500
2019-11-07,15.510000228881836,15.5686674118042,14.881333351135254,15.090666770935059,14.584247589111328,12427500
2019-11-08,14.906000137329102,15.33133316040039,14.638667106628418,15.33133316040039,14.816838264465332,7299000
2019-11-11,14.925999641418457,15.175333023071289,14.748666763305664,15.081999778747559,14.575872421264648,6657000
2019-11-12,15.305999755859375,15.559332847595215,15.008000373840332,15.215332984924316,14.704731941223145,13849500
2019-11-13,14.888667106628418,15.353333473205566,14.733332633972168,15.206666946411133,14.696355819702148,12061500
2019-11-14,15.055333137512207,15.12733268737793,14.741999626159668,15.08133316040039,14.575228691101074,11265000
2019-11-15,15.619333267211914,15.866666793823242,15.280667304992676,15.473333358764648,14.954073905944824,14211000
2019-11-18,15.484000205993652,15.675333023071289,15.13466739654541,15.379332542419434,14.863224983215332,8130000
2019-11-19,15.566666603088379,15.663999557495117,14.898667335510254,15.141332626342773,14.633211135864258,12429000
2019-11-20,14.895333290100098,15.167332649230957,14.285332679748535,14.620667457580566,14.130021095275879,17808000
2019-11-21,14.40666675567627,14.542667388916016,13.958000183105469,14.121333122253418,13.647445678710938,15439500
2019-11-22,14.343999862670898,14.489999771118164,14.0,14.11400032043457,13.640355110168457,10084500
2019-11-25,14.533332824707031,15.16333293914795,14.517999649047852,15.140666961669922,14.63257122039795,14046000
2019-11-26,15.063332557678223,15.094667434692383,14.739999771118164,14.935999870300293,14.434771537780762,10887000
2019-11-27,15.167332649230957,15.275333404541016,15.054667472839355,15.255999565124512,14.744033813476562,7248000
2019-11-29,15.03600025177002,15.070667266845703,14.71399974822998,14.762666702270508,14.267251968383789,4399500
2019-12-02,14.774666786193848,14.878666877746582,14.035332679748535,14.113332748413086,13.639711380004883,13189500
2019-12-03,13.153332710266113,13.475333213806152,12.979999542236328,13.468000411987305,13.016036033630371,14646000
2019-12-04,14.065999984741211,14.243332862854004,13.933333396911621,14.100666999816895,13.627470016479492,8785500
2019-12-05,14.316666603088379,14.483332633972168,14.088666915893555,14.270000457763672,13.791122436523438,7833000
2019-12-06,14.756667137145996,15.017999649047852,14.727333068847656,14.933333396911621,14.432193756103516,9769500
2019-12-09,14.933333396911621,15.052000045776367,14.673999786376953,14.6813325881958,14.188652038574219,4908000
2019-12-10,14.87600040435791,15.150667190551758,14.697999954223633,14.844667434692383,14.346505165100098,7432500
2019-12-11,15.023332595825195,15.851332664489746,14.96733283996582,15.817999839782715,15.287175178527832,11976000
2019-12-12,15.73466682434082,17.149999618530273,15.720000267028809,17.101333618164062,16.527442932128906,20947500
2019-12-13,17.053333282470703,17.61199951171875,16.60066795349121,16.81999969482422,16.25554656982422,21313500
2019-12-16,17.386667251586914,17.75933265686035,17.281333923339844,17.297332763671875,16.716861724853516,10213500
2019-12-17,17.56333351135254,17.656667709350586,17.266666412353516,17.524667739868164,16.93657112121582,9778500
2019-12-18,17.57933235168457,17.666667938232422,17.32666778564453,17.499332427978516,16.912080764770508,7486500
2019-12-19,17.667333602905273,17.92733383178711,17.46733283996582,17.910667419433594,17.309614181518555,7558500
2019-12-20,18.214000701904297,18.577333450317383,18.03733253479004,18.486000061035156,17.86564064025879,10882500
2019-12-23,18.913333892822266,18.92066764831543,18.534000396728516,18.591333389282227,17.986122131347656,11043000
2019-12-24,18.67333221435547,18.729333877563477,18.39933204650879,18.729333877563477,18.119626998901367,3774000
2019-12-26,18.829999923706055,18.873332977294922,18.554000854492188,18.799999237060547,18.187992095947266,5878500
2019-12-27,18.99066734313965,18.99066734313965,18.44066619873047,18.590667724609375,17.985469818115234,7303500
2019-12-30,18.51066780090332,18.536666870117188,17.774667739868164,18.19933319091797,17.60688591003418,9241500
2019-12-31,17.916000366210938,18.381332397460938,17.869333267211914,18.321332931518555,17.724910736083984,5722500
2020-01-02,19.0086669921875,19.465999603271484,18.752666473388672,19.464000701904297,18.83037567138672,10438500
2020-01-03,18.5,18.885332107543945,18.274667739868164,18.41266632080078,17.813270568847656,14713500
2020-01-06,17.733999252319336,17.996667861938477,17.429332733154297,17.82866668701172,17.248279571533203,11313000
2020-01-07,18.40399932861328,19.006000518798828,18.123332977294922,18.74799919128418,18.137683868408203,10441500
2020-01-08,18.82666778564453,19.123332977294922,18.486000061035156,18.78933334350586,18.177671432495117,10024500
2020-01-09,19.465999603271484,19.482667922973633,18.547332763671875,19.11400032043457,18.49176788330078,11472000
2020-01-10,19.375999450683594,19.381999969482422,18.583999633789062,18.72333335876465,18.113819122314453,11304000
2020-01-13,19.126667022705078,19.501333236694336,18.920000076293945,19.457332611083984,18.823928833007812,8160000
2020-01-14,19.470666885375977,20.01799964904785,19.222667694091797,19.582666397094727,18.945180892944336,9610500
2020-01-15,19.573333740234375,19.623332977294922,18.666667938232422,18.876667022705078,18.262163162231445,11518500
2020-01-16,19.343332290649414,19.823999404907227,19.299999237060547,19.82266616821289,19.177366256713867,10807500
2020-01-17,20.077333450317383,20.236000061035156,19.747333526611328,20.207332611083984,19.54951286315918,11839500
2020-01-21,19.95599937438965,20.399999618530273,19.933332443237305,20.170000076293945,19.51339340209961,6961500
2020-01-22,20.634000778198242,21.291332244873047,20.465999603271484,20.65133285522461,19.97905731201172,10747500
2020-01-23,20.890666961669922,21.133333206176758,20.248666763305664,21.12266731262207,20.435047149658203,9354000
2020-01-24,21.950666427612305,22.066667556762695,19.957332611083984,20.408666610717773,19.744287490844727,19885500
2020-01-27,18.586000442504883,18.796667098999023,17.937332153320312,18.041332244873047,17.45401954650879,19500000
2020-01-28,18.733333587646484,19.496667861938477,18.333332061767578,19.332666397094727,18.70331573486328,14221500
2020-01-29,19.117332458496094,19.24333381652832,18.202667236328125,18.266666412353516,17.672019958496094,12270000
2020-01-30,17.900667190551758,18.37266731262207,17.143333435058594,18.198667526245117,17.606239318847656,17106000
2020-01-31,17.757999420166016,17.78066635131836,16.034000396728516,16.24066734313965,15.711973190307617,22954500
2020-02-03,16.468000411987305,16.94066619873047,16.402666091918945,16.860666275024414,16.311790466308594,13681500
2020-02-04,18.13599967956543,18.469999313354492,17.892000198364258,18.433332443237305,17.833261489868164,15466500
2020-02-05,19.413333892822266,19.720666885375977,18.825332641601562,19.639999389648438,19.000642776489258,19452000
2020-02-06,19.701332092285156,19.72333335876465,18.946666717529297,19.652666091918945,19.012897491455078,12234000
2020-02-07,19.07466697692871,19.15333366394043,18.233333587646484,18.266000747680664,17.671375274658203,16014000
2020-02-10,17.841333389282227,19.093332290649414,17.833332061767578,19.093332290649414,18.471773147583008,11137500
2020-02-11,19.61199951171875,20.535999298095703,19.599332809448242,20.23933219909668,19.580467224121094,16857000
2020-02-12,20.892667770385742,21.227333068847656,20.799999237060547,21.1286678314209,20.440855026245117,11917500
2020-02-13,20.562667846679688,21.625333786010742,20.514667510986328,21.17533302307129,20.485994338989258,13008000
2020-02-14,21.650667190551758,21.906667709350586,20.6646671295166,21.03933334350586,20.354433059692383,11269500
2020-02-18,19.933332443237305,20.28266716003418,19.733999252319336,20.165332794189453,19.508878707885742,16186500
2020-02-19,20.989999771118164,21.810667037963867,20.93666648864746,21.73200035095215,21.02454376220703,13075500
2020-02-20,21.46666717529297,21.666667938232422,19.77400016784668,20.76066780090332,20.084829330444336,20755500
2020-02-21,20.344667434692383,20.366666793823242,18.666667938232422,18.89666748046875,18.281513214111328,25333500
2020-02-24,16.222000122070312,17.014667510986328,15.934666633605957,16.200666427612305,15.673274993896484,30187500
2020-02-25,16.893999099731445,16.922666549682617,14.45199966430664,14.712667465209961,14.23371696472168,38751000
2020-02-26,15.0686674118042,15.772000312805176,14.533332824707031,14.836000442504883,14.353036880493164,33132000
2020-02-27,13.4399995803833,14.342000007629395,12.658666610717773,12.741999626159668,12.327200889587402,38827500
2020-02-28,11.466667175292969,13.866000175476074,11.446666717529297,13.666666984558105,13.221769332885742,45580500
2020-03-02,14.5,15.02066707611084,13.02066707611084,15.020000457763672,14.531044006347656,36516000
2020-03-03,15.210000038146973,15.822667121887207,13.118000030517578,13.499333381652832,13.059881210327148,32919000
2020-03-04,14.30666732788086,15.489999771118164,13.736000061035156,15.475333213806152,14.971556663513184,20538000
2020-03-05,14.190667152404785,15.28600025177002,13.734000205993652,14.087332725524902,13.628737449645996,23968500
2020-03-06,13.0,13.565999984741211,12.199999809265137,13.240667343139648,12.809637069702148,26310000
2020-03-09,10.135333061218262,11.792667388916016,9.866666793823242,9.88599967956543,9.564175605773926,31191000
2020-03-10,11.128000259399414,11.773332595825195,9.933333396911621,11.773332595825195,11.390069007873535,33006000
2020-03-11,10.719332695007324,11.13266658782959,9.420000076293945,9.776000022888184,9.457756996154785,33735000
2020-03-12,7.77400016784668,8.915332794189453,6.801332950592041,6.802667140960693,6.581216335296631,47734500
2020-03-13,8.074000358581543,8.733332633972168,6.533332824707031,8.661333084106445,8.379377365112305,43620000
2020-03-16,5.98533296585083,7.097332954406738,5.266666889190674,5.318666934967041,5.145525932312012,47341500
2020-03-17,5.320000171661377,5.992000102996826,4.380667209625244,5.847332954406738,5.656980991363525,73488000
2020-03-18,4.6006669998168945,5.263999938964844,3.566667079925537,4.3333330154418945,4.19226598739624,67953000
2020-03-19,4.215332984924316,5.065999984741211,3.8499999046325684,4.6620001792907715,4.5102362632751465,67534500
2020-03-20,5.220666885375977,5.432666778564453,4.25333309173584,4.263332843780518,4.124546051025391,63204000
2020-03-23,4.533332824707031,4.938666820526123,4.0873332023620605,4.659999847412109,4.508299827575684,63927000
2020-03-24,5.570000171661377,6.265999794006348,5.547332763671875,6.249332904815674,6.052736282348633,67669500
2020-03-25,6.363333225250244,7.013332843780518,5.707333087921143,6.004666805267334,5.815767288208008,65236500
2020-03-26,6.469333171844482,7.266666889190674,6.266666889190674,7.205333232879639,6.978661060333252,55215000
2020-03-27,6.47866678237915,6.815332889556885,6.048666954040527,6.0960001945495605,5.904227256774902,51672000
2020-03-30,6.330667018890381,6.798666954040527,6.157332897186279,6.751999855041504,6.539588928222656,39718500
2020-03-31,6.76200008392334,7.082666873931885,6.164000034332275,6.315999984741211,6.117305278778076,50964000
2020-04-01,5.687333106994629,6.156000137329102,5.1066670417785645,5.294000148773193,5.127456188201904,47541000
2020-04-02,5.184000015258789,5.797332763671875,5.175333023071289,5.778666973114014,5.59687614440918,43654500
2020-04-03,5.783999919891357,5.960667133331299,5.208000183105469,5.435332775115967,5.26434326171875,43627500
2020-04-06,6.133333206176758,7.179333209991455,6.125999927520752,7.102666854858398,6.879225254058838,51997500
2020-04-07,7.909333229064941,7.97933292388916,6.9806671142578125,7.013332843780518,6.7927021980285645,79462500
2020-04-08,7.3933329582214355,7.802000045776367,7.064000129699707,7.716000080108643,7.473263740539551,50287500
2020-04-09,8.040666580200195,8.22933292388916,6.986000061035156,7.210000038146973,6.983181953430176,75898500
2020-04-13,7.159999847412109,7.5233330726623535,6.9633331298828125,7.46999979019165,7.235002517700195,36957000
2020-04-14,7.992667198181152,8.492667198181152,7.940667152404785,8.461999893188477,8.195795059204102,51487500
2020-04-15,7.972667217254639,7.973999977111816,7.505332946777344,7.775332927703857,7.530729293823242,37128000
2020-04-16,8.157333374023438,8.434666633605957,7.834000110626221,8.347332954406738,8.084733963012695,47277000
2020-04-17,8.856666564941406,8.887999534606934,8.266667366027832,8.564000129699707,8.294584274291992,47445000
2020-04-20,8.200667381286621,8.566666603088379,8.0,8.011333465576172,7.759305000305176,35502000
2020-04-21,7.642666816711426,7.77400016784668,6.767333030700684,6.886000156402588,6.669373989105225,60042000
2020-04-22,7.495333194732666,8.183333396911621,7.413332939147949,8.03933334350586,7.786425590515137,37150500
2020-04-23,8.080666542053223,8.33666706085205,7.75333309173584,7.835332870483398,7.588841438293457,42906000
2020-04-24,7.863999843597412,8.378000259399414,7.626667022705078,8.333999633789062,8.071823120117188,34429500
2020-04-27,8.666666984558105,8.917332649230957,8.543999671936035,8.670666694641113,8.397896766662598,42303000
2020-04-28,9.13266658782959,9.288000106811523,8.501999855041504,8.535332679748535,8.266819953918457,55147500
2020-04-29,8.971332550048828,9.850000381469727,8.9313325881958,9.760000228881836,9.452962875366211,42030000
2020-04-30,9.624667167663574,9.655332565307617,8.668000221252441,8.734000205993652,8.459238052368164,55264500
2020-05-01,8.133333206176758,8.166666984558105,7.320000171661377,7.406667232513428,7.173661231994629,65224500
2020-05-04,7.208666801452637,7.636000156402588,7.133999824523926,7.614666938781738,7.375118255615234,35217000
2020-05-05,8.050666809082031,8.434666633605957,7.847332954406738,8.000666618347168,7.748974323272705,47706000
2020-05-06,8.266667366027832,8.657999992370605,8.21399974822998,8.277999877929688,8.017584800720215,46401000
2020-05-07,8.712667465209961,8.819999694824219,8.386667251586914,8.52066707611084,8.252614974975586,32518500
2020-05-08,8.78266716003418,9.281999588012695,8.694000244140625,9.26533317565918,8.973856925964355,38311500
2020-05-11,8.962667465209961,9.482666969299316,8.939332962036133,9.239999771118164,8.949318885803223,27099000
2020-05-12,9.434666633605957,9.517999649047852,8.456666946411133,8.456666946411133,8.190629005432129,34702500
2020-05-13,8.685333251953125,8.739999771118164,7.625332832336426,8.001333236694336,7.749619960784912,53503500
2020-05-14,7.813333034515381,8.666666984558105,7.400000095367432,8.640666961669922,8.368841171264648,54496500
2020-05-15,7.7866668701171875,8.191332817077637,7.639999866485596,8.099332809448242,7.844536304473877,55647000
2020-05-18,8.666666984558105,9.350000381469727,8.666666984558105,9.232666969299316,8.942219734191895,42394500
2020-05-19,9.185999870300293,9.762666702270508,9.107333183288574,9.121999740600586,8.835030555725098,40813500
2020-05-20,9.676667213439941,10.313332557678223,9.671333312988281,10.159333229064941,9.839729309082031,39808500
2020-05-21,10.156000137329102,10.164667129516602,9.324000358581543,9.369999885559082,9.075228691101074,37935000
2020-05-22,9.449333190917969,9.53266716003418,9.034000396728516,9.505999565124512,9.206949234008789,25134000
2020-05-26,10.249333381652832,10.387999534606934,9.748666763305664,9.800666809082031,9.492347717285156,41682000
2020-05-27,9.918000221252441,10.226667404174805,9.045999526977539,10.219332695007324,9.897846221923828,41941500
2020-05-28,10.053333282470703,10.418000221252441,9.399999618530273,9.548666954040527,9.24827766418457,33565500
2020-05-29,9.677332878112793,10.378000259399414,9.566666603088379,10.27400016784668,9.95079231262207,38440500
2020-06-01,10.071999549865723,10.27400016784668,9.866666793823242,10.146666526794434,9.827466011047363,21564000
2020-06-02,10.232000350952148,10.800000190734863,10.073332786560059,10.800000190734863,10.460243225097656,34992000
2020-06-03,11.219332695007324,11.876667022705078,11.219332695007324,11.74666690826416,11.377131462097168,30483000
2020-06-04,11.643333435058594,12.314000129699707,11.477999687194824,12.055999755859375,11.676733016967773,31461000
2020-06-05,12.927332878112793,13.466667175292969,12.826666831970215,12.934000015258789,12.52711009979248,26946000
2020-06-08,13.260666847229004,13.260666847229004,12.457332611083984,12.85533332824707,12.450921058654785,25800000
2020-06-09,12.41333293914795,13.010000228881836,12.281332969665527,12.87733268737793,12.472228050231934,22317000
2020-06-10,13.153332710266113,13.38266658782959,12.85533332824707,12.996000289916992,12.58716106414795,23647500
2020-06-11,12.001333236694336,12.156000137329102,10.501333236694336,10.515999794006348,10.185178756713867,47562000
2020-06-12,11.491999626159668,11.59866714477539,10.259332656860352,10.95199966430664,10.607462882995605,35401500
2020-06-15,10.260666847229004,11.461999893188477,10.11533260345459,11.432666778564453,11.07300853729248,29254500
2020-06-16,12.406000137329102,12.621333122253418,11.432666778564453,12.038666725158691,11.659941673278809,30856500
2020-06-17,12.295999526977539,12.66866683959961,12.133999824523926,12.371999740600586,11.982792854309082,21156000
2020-06-18,12.206666946411133,12.480667114257812,12.10200023651123,12.314666748046875,11.927260398864746,13989000
2020-06-19,12.739333152770996,12.859999656677246,12.005999565124512,12.066666603088379,11.687065124511719,29616000
2020-06-22,12.126667022705078,12.449333190917969,11.708000183105469,12.38933277130127,11.999577522277832,19461000
2020-06-23,12.62399959564209,12.880000114440918,12.421333312988281,12.4913330078125,12.104491233825684,18909000
2020-06-24,12.258000373840332,12.484000205993652,11.368000030517578,11.652000427246094,11.291152954101562,31200000
2020-06-25,11.638667106628418,11.9913330078125,11.09000015258789,11.938667297363281,11.56894302368164,21685500
2020-06-26,11.800000190734863,12.005332946777344,11.157999992370605,11.223999977111816,10.8764066696167,21492000
2020-06-29,11.248000144958496,11.619333267211914,10.833999633789062,11.609999656677246,11.250454902648926,17931000
2020-06-30,11.74666690826416,12.649333000183105,11.74666690826416,12.547332763671875,12.158759117126465,32251500
2020-07-01,12.555333137512207,12.562000274658203,11.989333152770996,12.022666931152344,11.650339126586914,21469500
2020-07-02,12.52733325958252,12.803999900817871,12.328666687011719,12.470000267028809,12.083819389343262,24289500
2020-07-06,13.10533332824707,13.594667434692383,13.088000297546387,13.470000267028809,13.052854537963867,21822000
2020-07-07,13.298666954040527,13.613332748413086,12.899999618530273,12.972000122070312,12.570273399353027,17728500
2020-07-08,13.300000190734863,13.533332824707031,12.954667091369629,13.5086669921875,13.090322494506836,14014500
2020-07-09,13.666666984558105,14.292667388916016,13.069999694824219,14.045999526977539,13.61101245880127,25341000
2020-07-10,14.073332786560059,14.197999954223633,13.481332778930664,13.906000137329102,13.475349426269531,16764000
2020-07-13,14.492667198181152,14.961333274841309,13.133333206176758,13.211999893188477,12.802842140197754,24480000
2020-07-14,12.993332862854004,13.961999893188477,12.40133285522461,13.911999702453613,13.48116397857666,25491000
2020-07-15,14.199999809265137,14.21066665649414,13.133333206176758,13.772666931152344,13.34614372253418,20254500
2020-07-16,13.333999633789062,13.76533317565918,13.126667022705078,13.604666709899902,13.18334674835205,13903500
2020-07-17,13.854000091552734,14.00333309173584,13.600000381469727,13.856666564941406,13.427544593811035,12028500
2020-07-20,13.92199993133545,14.774666786193848,13.62733268737793,14.71066665649414,14.255096435546875,16717500
2020-07-21,14.965332984924316,15.035332679748535,14.246000289916992,14.399333000183105,13.95340633392334,16822500
2020-07-22,14.533332824707031,14.903332710266113,14.21733283996582,14.571999549865723,14.12072467803955,13956000
2020-07-23,14.552000045776367,14.940667152404785,13.510000228881836,13.893333435058594,13.463074684143066,22534500
2020-07-24,13.157999992370605,13.833333015441895,12.630666732788086,13.231332778930664,12.821577072143555,19546500
2020-07-27,13.733332633972168,14.500666618347168,13.715332984924316,14.48466682434082,14.036097526550293,17731500
2020-07-28,14.231332778930664,14.231332778930664,13.553333282470703,13.628000259399414,13.205961227416992,20592000
2020-07-29,14.050000190734863,14.652667045593262,13.954667091369629,14.510666847229004,14.06128978729248,19687500
2020-07-30,14.310667037963867,15.375332832336426,14.299332618713379,15.359999656677246,14.884322166442871,25672500
2020-07-31,15.473999977111816,15.475333213806152,14.447333335876465,15.100666999816895,14.633021354675293,26299500
2020-08-03,15.390666961669922,16.077999114990234,15.390000343322754,15.999333381652832,15.503854751586914,16984500
2020-08-04,15.926667213439941,16.71066665649414,15.88266658782959,16.68666648864746,16.169904708862305,12100500
2020-08-05,16.634666442871094,16.85066795349121,16.266666412353516,16.65399932861328,16.138248443603516,12822000
2020-08-06,16.53733253479004,16.67333221435547,16.086000442504883,16.593332290649414,16.07946014404297,10840500
2020-08-07,16.474666595458984,16.733333587646484,15.444000244140625,16.029333114624023,15.53292465209961,17872500
2020-08-10,16.124666213989258,16.232667922973633,15.334667205810547,16.03933334350586,15.542616844177246,11625000
2020-08-11,15.994000434875488,16.474000930786133,15.383333206176758,15.508000373840332,15.027737617492676,15201000
2020-08-12,15.905332565307617,17.155332565307617,15.774666786193848,17.06999969482422,16.54136848449707,18397500
2020-08-13,17.077333450317383,17.077333450317383,16.268667221069336,16.511333465576172,16.000003814697266,12742500
2020-08-14,16.65333366394043,17.06599998474121,16.308666229248047,16.453332901000977,15.943798065185547,12001500
2020-08-17,16.858667373657227,17.281333923339844,16.779333114624023,17.076000213623047,16.547178268432617,11739000
2020-08-18,17.275999069213867,17.374666213989258,16.625999450683594,16.79400062561035,16.27391242980957,11410500
2020-08-19,16.812667846679688,16.931333541870117,16.319332122802734,16.468000411987305,15.9580078125,10309500
2020-08-20,15.97933292388916,16.28066635131836,15.69333267211914,16.03933334350586,15.542616844177246,16498500
2020-08-21,16.045333862304688,16.399999618530273,15.766667366027832,16.392667770385742,15.88500690460205,10789500
2020-08-24,16.889333724975586,17.04800033569336,16.474666595458984,16.84600067138672,16.324302673339844,11776500
2020-08-25,16.876667022705078,17.391332626342773,16.876667022705078,17.3886661529541,16.85016441345215,11626500
2020-08-26,17.504667282104492,17.71933364868164,17.25933265686035,17.584667205810547,17.040096282958984,11527500
2020-08-27,17.663999557495117,17.75933265686035,16.589332580566406,16.89933204650879,16.375986099243164,17893500
2020-08-28,17.005332946777344,17.87266731262207,16.8973331451416,17.856666564941406,17.30367088317871,13989000
2020-08-31,17.840667724609375,18.19333267211914,17.387332916259766,17.80666732788086,17.255216598510742,12093000
2020-09-01,18.126667022705078,18.833332061767578,17.87066650390625,18.80933380126953,18.226837158203125,10255500
2020-09-02,19.628000259399414,20.75933265686035,19.1213321685791,20.496667861938477,19.86191177368164,18729000
2020-09-03,19.571332931518555,19.600000381469727,16.6026668548584,16.998666763305664,16.472238540649414,37044000
2020-09-04,16.615999221801758,17.363332748413086,14.670666694641113,16.527332305908203,16.015506744384766,26686500
2020-09-08,14.708666801452637,15.612667083740234,14.131333351135254,14.173999786376953,13.735051155090332,21556500
2020-09-09,15.209333419799805,15.686667442321777,14.666666984558105,15.345999717712402,14.870756149291992,19171500
2020-09-10,15.850000381469727,16.07933235168457,14.426667213439941,14.708666801452637,14.253162384033203,19227000
2020-09-11,15.029333114624023,15.475333213806152,14.191332817077637,14.657333374023438,14.203415870666504,14871000
2020-09-14,15.553333282470703,15.854000091552734,15.210000038146973,15.583999633789062,15.101385116577148,11850000
2020-09-15,16.15399932861328,16.68600082397461,16.097999572753906,16.385332107543945,15.877901077270508,11725500
2020-09-16,16.591999053955078,16.781999588012695,15.833333015441895,15.892000198364258,15.399847984313965,10791000
2020-09-17,14.749333381652832,15.971332550048828,14.554667472839355,15.81933307647705,15.329432487487793,14704500
2020-09-18,16.014667510986328,16.202667236328125,14.520000457763672,15.081999778747559,14.61492919921875,17329500
2020-09-21,14.189332962036133,15.031999588012695,13.894000053405762,15.009332656860352,14.544513702392578,25779000
2020-09-22,15.357333183288574,15.576666831970215,14.5513334274292,15.553333282470703,15.071667671203613,13864500
2020-09-23,15.464667320251465,15.786666870117188,14.262666702270508,14.395333290100098,13.949528694152832,14178000
2020-09-24,14.094667434692383,15.407333374023438,14.066666603088379,14.815999984741211,14.35716724395752,24952500
2020-09-25,14.895999908447266,15.550000190734863,14.223999977111816,15.45533275604248,14.976701736450195,15505500
2020-09-28,16.041332244873047,16.732667922973633,15.76200008392334,16.71733283996582,16.199621200561523,15123000
2020-09-29,16.607999801635742,17.27199935913086,16.607999801635742,16.856666564941406,16.33463478088379,19848000
2020-09-30,16.700666427612305,17.398666381835938,16.600000381469727,16.87933349609375,16.35660171508789,20143500
2020-10-01,17.52199935913086,18.07866668701172,17.340667724609375,17.92733383178711,17.372146606445312,18271500
2020-10-02,16.67133331298828,17.45199966430664,16.284000396728516,16.32933235168457,15.82363510131836,24060000
2020-10-05,16.790666580200195,17.92533302307129,16.768667221069336,17.92333221435547,17.36827278137207,14751000
2020-10-06,17.862667083740234,18.889333724975586,17.400667190551758,17.617332458496094,17.071746826171875,16638000
2020-10-07,18.37066650390625,18.78333282470703,18.35066795349121,18.68000030517578,18.101505279541016,13549500
2020-10-08,19.170000076293945,19.432666778564453,18.952667236328125,19.32866668701172,18.730085372924805,11172000
2020-10-09,20.019332885742188,20.496000289916992,19.92333221435547,20.342666625976562,19.712682723999023,18609000
2020-10-12,21.089332580566406,21.553333282470703,20.801332473754883,21.22599983215332,20.568660736083984,15901500
2020-10-13,21.250667572021484,21.676000595092773,20.833999633789062,21.200666427612305,20.544113159179688,14068500
2020-10-14,21.338666915893555,21.592666625976562,20.494667053222656,20.864667892456055,20.218517303466797,11320500
2020-10-15,19.80066680908203,20.82933235168457,19.575332641601562,20.700000762939453,20.058944702148438,10518000
2020-10-16,21.211999893188477,21.21666717529297,20.36400032043457,20.404666900634766,19.772762298583984,8916000
2020-10-19,20.866666793823242,21.262666702270508,19.845333099365234,20.076000213623047,19.454273223876953,11283000
2020-10-20,20.360666275024414,20.520666122436523,19.843332290649414,20.011999130249023,19.39225196838379,6909000
2020-10-21,20.155332565307617,20.25,19.549333572387695,19.589332580566406,18.982677459716797,8161500
2020-10-22,19.72599983215332,19.92066764831543,18.91266632080078,19.658000946044922,19.04922103881836,9789000
2020-10-23,19.479333877563477,19.479333877563477,18.8353328704834,19.3700008392334,18.770139694213867,6975000
2020-10-26,18.883333206176758,19.133333206176758,17.399999618530273,18.132667541503906,17.571121215820312,13960500
2020-10-27,18.516666412353516,18.665332794189453,17.726667404174805,17.94533348083496,17.38958740234375,7834500
2020-10-28,17.07466697692871,17.0853328704834,16.0939998626709,16.159332275390625,15.658897399902344,15634500
2020-10-29,16.267332077026367,17.8973331451416,16.131999969482422,17.445999145507812,16.905719757080078,10749000
2020-10-30,16.89533233642578,17.184667587280273,16.007333755493164,16.59666633605957,16.082687377929688,11187000
2020-11-02,17.142000198364258,17.399999618530273,16.423999786376953,16.86400032043457,16.34174346923828,10897500
2020-11-03,17.333332061767578,18.25933265686035,17.294666290283203,17.867332458496094,17.31400489807129,12472500
2020-11-04,18.963333129882812,19.968666076660156,18.28333282470703,19.739999771118164,19.128677368164062,17590500
2020-11-05,21.333332061767578,22.49066734313965,21.32666778564453,22.343332290649414,21.651386260986328,20565000
2020-11-06,22.14933204650879,23.68000030517578,21.93400001525879,23.492666244506836,22.765127182006836,15370500
2020-11-09,24.961999893188477,25.59866714477539,22.554000854492188,22.595333099365234,21.895586013793945,16741500
2020-11-10,21.996000289916992,22.292667388916016,20.406667709350586,20.56333351135254,19.926513671875,16570500
2020-11-11,21.53066635131836,22.91200065612793,21.499332427978516,22.804000854492188,22.097789764404297,11782500
2020-11-12,22.842666625976562,23.093332290649414,21.58066749572754,21.92133331298828,21.242462158203125,11928000
2020-11-13,22.65999984741211,23.312000274658203,22.278667449951172,22.73466682434082,22.03060531616211,10963500
2020-11-16,23.270000457763672,24.446666717529297,23.100000381469727,24.411333084106445,23.655345916748047,12468000
2020-11-17,24.1560001373291,24.215999603271484,23.281333923339844,23.816667556762695,23.079099655151367,9009000
2020-11-18,23.91866683959961,24.45400047302246,23.272666931152344,23.31133270263672,22.589414596557617,10455000
2020-11-19,23.233333587646484,24.4060001373291,22.680667877197266,24.393333435058594,23.63790512084961,8220000
2020-11-20,24.37066650390625,24.978666305541992,23.908000946044922,23.997333526611328,23.254167556762695,11338500
2020-11-23,24.43400001525879,25.29199981689453,24.083999633789062,25.083332061767578,24.306533813476562,11436000
2020-11-24,25.53333282470703,25.566667556762695,24.30933380126953,25.488666534423828,24.69931983947754,9943500
2020-11-25,25.366666793823242,25.8613338470459,24.91200065612793,25.215999603271484,24.435094833374023,6964500
2020-11-27,25.721332550048828,26.60533332824707,25.720666885375977,26.083999633789062,25.276214599609375,8937000
2020-11-30,26.236000061035156,27.150667190551758,25.268667221069336,27.064666748046875,26.226511001586914,10632000
2020-12-01,27.746000289916992,28.932666778564453,27.53333282470703,28.500667572021484,27.618043899536133,12735000
2020-12-02,28.218666076660156,29.101999282836914,28.066667556762695,28.71733283996582,27.8279972076416,7210500
2020-12-03,29.231332778930664,29.68600082397461,28.634000778198242,28.76066780090332,27.86998748779297,7801500
2020-12-04,29.235332489013672,31.19333267211914,28.978666305541992,31.154666900634766,30.189842224121094,10473000
2020-12-07,31.736000061035156,31.736000061035156,30.687999725341797,31.562000274658203,30.584564208984375,8889000
2020-12-08,31.450666427612305,32.27333450317383,31.041332244873047,31.959999084472656,30.97024154663086,6286500
2020-12-09,31.606666564941406,32.16133117675781,28.618000030517578,29.226667404174805,28.321557998657227,19231500
2020-12-10,28.6200008392334,29.82200050354004,28.134000778198242,29.170000076293945,28.266645431518555,11490000
2020-12-11,28.413333892822266,28.859333038330078,27.266666412353516,28.163333892822266,27.291154861450195,13248000
2020-12-14,28.988666534423828,29.683332443237305,28.799999237060547,29.224000930786133,28.3189697265625,10854000
2020-12-15,30.281333923339844,30.687332153320312,29.750667572021484,30.44266700744629,29.499895095825195,7351500
2020-12-16,30.709999084472656,30.722000122070312,29.695999145507812,30.375333786010742,29.434650421142578,6372000
2020-12-17,30.91933250427246,30.99066734313965,30.180667877197266,30.538000106811523,29.5922794342041,6106500
2020-12-18,30.733333587646484,30.866666793823242,29.55733299255371,30.139333724975586,29.20595932006836,8797500
2020-12-21,29.0,29.694000244140625,28.166667938232422,29.54599952697754,28.630996704101562,11620500
2020-12-22,29.700666427612305,29.820667266845703,28.754667282104492,29.433332443237305,28.52509880065918,6235500
2020-12-23,29.623332977294922,29.799333572387695,28.78333282470703,28.82200050354004,27.932634353637695,4338000
2020-12-24,29.166667938232422,29.660667419433594,29.029333114624023,29.65399932861328,28.738964080810547,2637000
2020-12-28,30.621999740600586,30.733333587646484,29.368000030517578,29.485332489013672,28.575498580932617,7542000
2020-12-29,29.866666793823242,29.866666793823242,28.284000396728516,29.2586669921875,28.3558292388916,7833000
2020-12-30,29.672000885009766,30.891332626342773,29.600000381469727,30.771333694458008,29.821821212768555,7807500
2020-12-31,30.774667739868164,31.183332443237305,30.17733383178711,31.09866714477539,30.13905143737793,5871000
2021-01-04,31.672000885009766,33.654666900634766,29.930667877197266,30.66933250427246,29.72296714782715,17731500
2021-01-05,30.444000244140625,32.505332946777344,30.444000244140625,32.44599914550781,31.444808959960938,8538000
2021-01-06,31.527999877929688,34.160667419433594,31.284000396728516,32.207332611083984,31.21350860595703,16782000
2021-01-07,33.645999908447266,36.121334075927734,33.615333557128906,35.75666809082031,34.6533203125,10443000
2021-01-08,37.50733184814453,37.94200134277344,34.62933349609375,35.78666687011719,34.68239212036133,13090500
2021-01-11,34.96533203125,37.874000549316406,34.933998107910156,37.09000015258789,35.945518493652344,9625500
2021-01-12,37.66533279418945,38.7586669921875,36.70600128173828,37.818668365478516,36.65169906616211,10501500
2021-01-13,38.62066650390625,38.93333435058594,37.400001525878906,37.919334411621094,36.74924850463867,6897000
2021-01-14,39.220001220703125,41.612667083740234,39.220001220703125,40.38666534423828,39.140445709228516,11373000
2021-01-15,40.19200134277344,40.313331604003906,37.10533142089844,37.82400131225586,36.6568717956543,16302000
2021-01-19,39.513999938964844,41.79533386230469,39.41133117675781,41.66666793823242,40.38095474243164,13351500
2021-01-20,43.163333892822266,43.521331787109375,40.951332092285156,41.319332122802734,40.04433822631836,11220000
2021-01-21,42.388668060302734,43.52000045776367,41.09733200073242,43.158668518066406,41.82691955566406,11056500
2021-01-22,42.0,42.47600173950195,40.77399826049805,40.790000915527344,39.53134536743164,12573000
2021-01-25,42.01333236694336,42.13999938964844,38.62733459472656,40.96533203125,39.701255798339844,12499500
2021-01-26,41.04666519165039,41.04666519165039,39.0,39.05533218383789,37.850196838378906,7641000
2021-01-27,36.866668701171875,37.048667907714844,32.538665771484375,33.14400100708008,32.121273040771484,25056000
2021-01-28,35.000667572021484,36.57666778564453,34.17333221435547,35.13399887084961,34.049869537353516,16110000
2021-01-29,35.33733367919922,35.82133483886719,32.900665283203125,33.400665283203125,32.370025634765625,15256500
2021-02-01,35.08599853515625,37.5273323059082,34.63666534423828,37.347999572753906,36.1955451965332,13749000
2021-02-02,39.132667541503906,39.15999984741211,37.46666717529297,39.04800033569336,37.84308624267578,10789500
2021-02-03,39.46666717529297,39.79666519165039,36.57133483886719,36.632667541503906,35.502288818359375,14184000
2021-02-04,36.336666107177734,37.60733413696289,35.52933120727539,37.53799819946289,36.37968826293945,8400000
2021-02-05,38.33333206176758,38.33333206176758,36.58533477783203,36.7226676940918,35.58951187133789,8242500
2021-02-08,37.461334228515625,40.133331298828125,37.44533157348633,40.133331298828125,38.894927978515625,17278500
2021-02-09,39.63666534423828,40.540000915527344,39.043331146240234,39.62200164794922,38.399383544921875,8659500
2021-02-10,40.66666793823242,41.3120002746582,38.37666702270508,39.996665954589844,38.762489318847656,15432000
2021-02-11,40.884666442871094,44.16466522216797,40.884666442871094,44.16466522216797,42.80187225341797,20781000
2021-02-12,43.487998962402344,46.01333236694336,43.00400161743164,45.77199935913086,44.3596076965332,15841500
2021-02-16,47.336666107177734,47.85266876220703,45.810665130615234,46.582000732421875,45.14460372924805,14367000
2021-02-17,45.099998474121094,45.7413330078125,42.138668060302734,44.01066589355469,42.652626037597656,19341000
2021-02-18,42.20333480834961,43.26599884033203,41.020668029785156,42.685333251953125,41.36817169189453,15594000
2021-02-19,44.64466857910156,46.518001556396484,44.223331451416016,45.798667907714844,44.38545227050781,23602500
2021-02-22,44.003334045410156,44.93600082397461,40.18000030517578,40.80666732788086,39.5474967956543,22419000
2021-02-23,38.496665954589844,40.74399948120117,35.069332122802734,39.978668212890625,38.745033264160156,27033000
2021-02-24,38.982666015625,43.83333206176758,38.06666564941406,43.74533462524414,42.395484924316406,17964000
2021-02-25,42.06733322143555,43.009334564208984,35.70333480834961,36.218666076660156,35.10105895996094,35817000
2021-02-26,37.94333267211914,39.70066833496094,35.8033332824707,38.71066665649414,37.51616287231445,29536500
2021-03-01,40.59199905395508,42.55799865722656,39.54999923706055,42.55799865722656,41.244781494140625,24520500
2021-03-02,42.939998626708984,42.9900016784668,38.45000076293945,38.54999923706055,37.360450744628906,19687700
2021-03-03,38.900001525878906,38.9900016784668,34.81999969482422,35.0099983215332,33.929691314697266,21749000
2021-03-04,34.83000183105469,35.189998626708984,28.440000534057617,29.979999542236328,29.054901123046875,34294300
2021-03-05,32.220001220703125,32.959999084472656,27.729999542236328,32.75,31.73942756652832,30945800
2021-03-08,32.709999084472656,32.93000030517578,27.5,27.520000457763672,26.67081642150879,28761200
2021-03-09,30.34000015258789,33.08000183105469,30.0,32.45000076293945,31.448684692382812,19994900
2021-03-10,34.189998626708984,34.189998626708984,30.6200008392334,30.719999313354492,29.772066116333008,19953500
2021-03-11,33.29999923706055,35.040000915527344,32.849998474121094,34.470001220703125,33.40635299682617,19094300
2021-03-12,32.52000045776367,33.59000015258789,31.850000381469727,33.41999816894531,32.388755798339844,17047600
2021-03-15,33.79999923706055,35.630001068115234,33.18000030517578,35.56999969482422,34.472415924072266,15325300
2021-03-16,36.83000183105469,38.59000015258789,36.22999954223633,36.97999954223633,35.83890151977539,27404900
2021-03-17,35.279998779296875,39.150001525878906,34.5099983215332,38.41999816894531,37.234466552734375,21743500
2021-03-18,36.7599983215332,36.91999816894531,33.45000076293945,33.709999084472656,32.66980743408203,25749000
2021-03-19,34.0099983215332,35.650001525878906,32.380001068115234,34.75,33.67771530151367,20615000
2021-03-22,35.939998626708984,38.20000076293945,35.619998931884766,37.0,35.8582878112793,23763800
2021-03-23,37.369998931884766,37.5,33.5099983215332,34.029998779296875,32.994197845458984,26947000
2021-03-24,35.630001068115234,36.130001068115234,32.54999923706055,32.59000015258789,31.598033905029297,26195900
2021-03-25,30.93000030517578,33.18000030517578,30.100000381469727,32.810001373291016,31.81133460998535,30291400
2021-03-26,32.810001373291016,37.7400016784668,32.709999084472656,37.689998626708984,36.54279327392578,35670300
2021-03-29,36.380001068115234,36.90999984741211,34.5,35.790000915527344,34.700645446777344,28422700
2021-03-30,35.119998931884766,35.779998779296875,34.279998779296875,35.52000045776367,34.43885040283203,17926000
2021-03-31,36.43000030517578,38.97999954223633,36.349998474121094,38.209999084472656,37.046966552734375,25362500
2021-04-01,40.04999923706055,42.439998626708984,40.04999923706055,42.40999984741211,41.11912536621094,27795500
2021-04-05,44.529998779296875,45.29999923706055,42.90999984741211,45.0,43.630306243896484,26445800
2021-04-06,44.119998931884766,44.970001220703125,42.06999969482422,43.380001068115234,42.05960464477539,17961500
2021-04-07,43.9900016784668,44.0,42.34000015258789,43.380001068115234,42.05960464477539,12421800
2021-04-08,44.75,45.0,43.599998474121094,44.790000915527344,43.42668914794922,12957100
2021-04-09,43.83000183105469,44.5,43.130001068115234,44.47999954223633,43.126121520996094,10748500
2021-04-12,43.720001220703125,43.790000915527344,41.79999923706055,43.09000015258789,41.7784309387207,14926000
2021-04-13,44.0,44.130001068115234,41.56999969482422,42.689998626708984,41.39060974121094,14056400
2021-04-14,42.38999938964844,43.470001220703125,40.630001068115234,41.27000045776367,40.01382827758789,12838600
2021-04-15,42.349998474121094,43.65999984741211,41.619998931884766,43.470001220703125,42.146873474121094,13642000
2021-04-16,43.5099983215332,43.63999938964844,42.47999954223633,42.75,41.44877624511719,11016200
2021-04-19,41.77000045776367,42.290000915527344,38.25,39.599998474121094,38.3946533203125,20268200
2021-04-20,39.0099983215332,39.529998779296875,37.040000915527344,37.709999084472656,36.56218719482422,13892000
2021-04-21,37.93000030517578,40.77000045776367,37.34000015258789,40.75,39.5096549987793,15160200
2021-04-22,40.369998931884766,40.61000061035156,37.27000045776367,37.97999954223633,36.823970794677734,20962100
2021-04-23,38.31999969482422,40.56999969482422,38.29999923706055,40.150001525878906,38.92792510986328,13212600
2021-04-26,40.09000015258789,42.459999084472656,40.0,42.209999084472656,40.92522048950195,13528500
2021-04-27,42.779998779296875,42.90999984741211,40.959999084472656,41.34000015258789,40.08169937133789,12557200
2021-04-28,40.68000030517578,40.689998626708984,39.310001373291016,39.41999816894531,38.22014617919922,12753600
2021-04-29,41.20000076293945,41.220001220703125,38.47999954223633,40.310001373291016,39.08305740356445,14812500
2021-04-30,38.349998474121094,39.16999816894531,36.560001373291016,36.900001525878906,35.77684020996094,19385800
2021-05-03,37.720001220703125,37.790000915527344,35.08000183105469,35.61000061035156,34.5261116027832,13899900
2021-05-04,34.40999984741211,34.45000076293945,32.0,33.970001220703125,32.93602752685547,24428000
2021-05-05,35.06999969482422,35.790000915527344,33.75,34.54999923706055,33.49837112426758,16034800
2021-05-06,34.20000076293945,35.400001525878906,33.15999984741211,35.400001525878906,34.32250213623047,15387300
2021-05-07,36.5099983215332,37.54999923706055,35.90999984741211,36.93000030517578,35.80593490600586,16784600
2021-05-10,36.0,36.0,31.8799991607666,31.93000030517578,30.958118438720703,25439800
2021-05-11,29.020000457763672,32.310001373291016,28.690000534057617,32.11000061035156,31.13264274597168,29951300
2021-05-12,30.100000381469727,30.559999465942383,27.809999465942383,28.1299991607666,27.273778915405273,34045700
2021-05-13,29.530000686645508,30.5,28.299999237060547,29.329999923706055,28.4372615814209,25520000
2021-05-14,30.489999771118164,32.68000030517578,29.579999923706055,31.93000030517578,30.958118438720703,21881300
2021-05-17,30.979999542236328,31.100000381469727,29.43000030517578,31.100000381469727,30.153383255004883,19224800
2021-05-18,31.709999084472656,32.08000183105469,30.219999313354492,30.290000915527344,29.3680419921875,15262600
2021-05-19,28.459999084472656,32.16999816894531,28.219999313354492,32.04999923706055,31.074462890625,29208700
2021-05-20,32.75,34.97999954223633,32.66999816894531,34.63999938964844,33.585636138916016,28593200
2021-05-21,35.29999923706055,35.34000015258789,33.810001373291016,34.13999938964844,33.10084915161133,25100300
2021-05-24,35.0,37.13999938964844,34.90999984741211,36.529998779296875,35.41810989379883,21577500
2021-05-25,37.33000183105469,37.75,36.2400016784668,36.939998626708984,35.81562423706055,19468200
2021-05-26,37.029998779296875,37.68000030517578,36.189998626708984,37.18000030517578,36.04832458496094,13436700
2021-05-27,36.880001068115234,38.2599983215332,36.709999084472656,37.86000061035156,36.70762252807617,16449400
2021-05-28,38.06999969482422,39.27000045776367,37.880001068115234,38.779998779296875,37.59961700439453,15891400
2021-06-01,39.52000045776367,40.540000915527344,37.7400016784668,38.34000015258789,37.17301559448242,18159400
2021-06-02,38.27000045776367,39.58000183105469,37.90999984741211,39.189998626708984,37.99713897705078,12370500
2021-06-03,37.83000183105469,38.279998779296875,36.52000045776367,37.119998931884766,35.990150451660156,16945800
2021-06-04,38.08000183105469,39.9900016784668,38.04999923706055,39.7400016784668,38.5304069519043,15960500
2021-06-07,39.2599983215332,39.439998626708984,38.150001525878906,38.90999984741211,37.72566604614258,11453800
2021-06-08,39.79999923706055,39.970001220703125,37.29999923706055,38.16999816894531,37.0081901550293,13475800
2021-06-09,38.560001373291016,38.88999938964844,37.619998931884766,37.70000076293945,36.552494049072266,11721000
2021-06-10,37.79999923706055,39.369998931884766,37.52000045776367,39.040000915527344,37.851707458496094,17601900
2021-06-11,39.04999923706055,39.4900016784668,38.56999969482422,39.4900016784668,38.28801345825195,7971500
2021-06-14,39.810001373291016,41.16999816894531,39.060001373291016,41.16999816894531,39.9168701171875,18513300
2021-06-15,40.79999923706055,41.599998474121094,39.7400016784668,40.040000915527344,38.82126998901367,13301400
2021-06-16,40.4900016784668,40.88999938964844,38.06999969482422,39.18000030517578,37.98744583129883,18089300
2021-06-17,38.689998626708984,41.16999816894531,38.650001525878906,40.310001373291016,39.08305740356445,18466200
2021-06-18,39.290000915527344,39.58000183105469,36.75,37.31999969482422,36.184059143066406,21346600
2021-06-21,37.54999923706055,38.15999984741211,36.59000015258789,38.119998931884766,36.9597053527832,12722000
2021-06-22,37.900001525878906,38.83000183105469,37.400001525878906,38.599998474121094,37.42509460449219,10500400
2021-06-23,38.599998474121094,39.630001068115234,38.599998474121094,39.04999923706055,37.86139678955078,8615400
2021-06-24,39.880001068115234,41.22999954223633,39.880001068115234,41.08000183105469,39.829612731933594,12716800
2021-06-25,41.16999816894531,41.689998626708984,40.290000915527344,40.65999984741211,39.42239761352539,9244100
2021-06-28,41.5,44.08000183105469,41.45000076293945,43.650001525878906,42.321388244628906,18209300
2021-06-29,43.310001373291016,44.689998626708984,42.880001068115234,44.63999938964844,43.28125762939453,13090200
2021-06-30,44.369998931884766,44.72999954223633,43.66999816894531,44.540000915527344,43.18429946899414,9830900
2021-07-01,44.150001525878906,44.369998931884766,42.130001068115234,42.56999969482422,41.27425765991211,11578200
2021-07-02,43.56999969482422,43.70000076293945,42.25,43.31999969482422,42.001426696777344,10933300
2021-07-06,43.63999938964844,44.13999938964844,41.36000061035156,43.040000915527344,41.72996139526367,10020300
2021-07-07,43.79999923706055,43.90999984741211,40.689998626708984,41.2400016784668,39.98474884033203,10623800
2021-07-08,38.54999923706055,40.380001068115234,37.7599983215332,39.779998779296875,38.56917953491211,14764300
2021-07-09,40.18000030517578,41.939998626708984,39.25,41.77000045776367,40.49861145019531,9799600
2021-07-12,42.15999984741211,43.33000183105469,41.810001373291016,43.33000183105469,42.011131286621094,9021800
2021-07-13,42.75,43.31999969482422,42.099998474121094,42.619998931884766,41.32273864746094,9289300
2021-07-14,43.540000915527344,44.790000915527344,41.86000061035156,42.15999984741211,40.876731872558594,15361500
2021-07-15,41.790000915527344,41.79999923706055,38.54999923706055,39.41999816894531,38.22014617919922,14968000
2021-07-16,40.029998779296875,40.45000076293945,36.59000015258789,36.7599983215332,35.64109802246094,14425600
2021-07-19,35.209999084472656,36.93000030517578,34.709999084472656,36.84000015258789,35.71866989135742,17527800
2021-07-20,37.2400016784668,39.08000183105469,35.849998474121094,38.34000015258789,37.17301559448242,12487200
2021-07-21,38.66999816894531,41.849998474121094,38.599998474121094,41.849998474121094,40.576168060302734,12599700
2021-07-22,40.900001525878906,41.619998931884766,39.900001525878906,40.7400016784668,39.499961853027344,8148900
2021-07-23,41.290000915527344,41.61000061035156,39.95000076293945,41.54999923706055,40.285301208496094,8740400
2021-07-26,40.58000183105469,41.790000915527344,40.58000183105469,41.45000076293945,40.188350677490234,7703500
2021-07-27,40.79999923706055,40.849998474121094,36.709999084472656,39.150001525878906,37.95836639404297,17917400
2021-07-28,39.540000915527344,41.5,39.02000045776367,41.18000030517578,39.92656707763672,12983000
2021-07-29,41.22999954223633,43.689998626708984,41.22999954223633,43.45000076293945,42.12746810913086,15318400
2021-07-30,42.189998626708984,44.5,42.06999969482422,44.38999938964844,43.03886032104492,13599200
2021-08-02,45.189998626708984,46.88999938964844,44.880001068115234,45.209999084472656,43.83390808105469,17018600
2021-08-03,45.290000915527344,45.97999954223633,43.61000061035156,45.970001220703125,44.57076644897461,10801400
2021-08-04,46.15999984741211,48.150001525878906,46.04999923706055,47.61000061035156,46.16085433959961,13768900
2021-08-05,48.16999816894531,48.189998626708984,46.439998626708984,47.16999816894531,45.7342414855957,8580700
2021-08-06,46.33000183105469,47.27000045776367,46.20000076293945,46.630001068115234,45.21068572998047,6202000
2021-08-09,46.900001525878906,47.27000045776367,45.540000915527344,46.150001525878906,44.74529266357422,5943700
2021-08-10,46.369998931884766,46.56999969482422,43.5,44.45000076293945,43.097042083740234,9994500
2021-08-11,45.060001373291016,45.119998931884766,42.43000030517578,44.16999816894531,42.825565338134766,10016600
2021-08-12,43.439998626708984,43.5,41.560001373291016,42.619998931884766,41.32273864746094,9746100
2021-08-13,42.5,43.599998474121094,42.290000915527344,43.47999954223633,42.156551361083984,7655800
2021-08-16,42.90999984741211,43.43000030517578,41.93000030517578,43.0099983215332,41.700862884521484,6658600
2021-08-17,41.93000030517578,41.95000076293945,39.34000015258789,40.459999084472656,39.22848129272461,13983700
2021-08-18,40.290000915527344,40.959999084472656,38.58000183105469,38.65999984741211,37.483280181884766,10760100
2021-08-19,38.18000030517578,40.2599983215332,37.13999938964844,39.630001068115234,38.42374801635742,14855300
2021-08-20,39.959999084472656,40.75,39.0099983215332,40.43000030517578,39.199398040771484,10732300
2021-08-23,41.400001525878906,43.790000915527344,41.400001525878906,43.689998626708984,42.360164642333984,12229000
2021-08-24,43.97999954223633,44.439998626708984,43.380001068115234,43.72999954223633,42.39896011352539,8557100
2021-08-25,44.18000030517578,45.650001525878906,44.11000061035156,44.779998779296875,43.4169921875,10125800
2021-08-26,44.52000045776367,45.33000183105469,43.709999084472656,44.68000030517578,43.32003402709961,9529400
2021-08-27,44.849998474121094,47.5,44.689998626708984,47.29999923706055,45.86029815673828,12358300
2021-08-30,47.779998779296875,49.0,47.130001068115234,47.7400016784668,46.28690719604492,10291100
2021-08-31,47.77000045776367,47.970001220703125,45.369998931884766,46.54999923706055,45.133121490478516,9620800
2021-09-01,47.22999954223633,47.29999923706055,45.83000183105469,45.959999084472656,44.56107711791992,7246900
2021-09-02,46.349998474121094,46.720001220703125,45.70000076293945,46.29999923706055,44.89072799682617,7168600
2021-09-03,46.13999938964844,47.849998474121094,45.959999084472656,47.2400016784668,45.80210876464844,7374000
2021-09-07,47.36000061035156,47.40999984741211,45.91999816894531,46.77000045776367,45.3464241027832,5660800
2021-09-08,46.099998474121094,46.369998931884766,43.7599983215332,44.95000076293945,43.581817626953125,11787400
2021-09-09,44.90999984741211,46.2599983215332,44.88999938964844,45.54999923706055,44.16355514526367,8643000
2021-09-10,46.63999938964844,48.630001068115234,46.5099983215332,46.59000015258789,45.171897888183594,14399600
2021-09-13,47.79999923706055,48.16999816894531,45.93000030517578,47.869998931884766,46.41294479370117,11356400
2021-09-14,48.400001525878906,48.970001220703125,47.13999938964844,47.869998931884766,46.41294479370117,10129200
2021-09-15,48.060001373291016,48.70000076293945,46.7599983215332,48.59000015258789,47.11103057861328,9321800
2021-09-16,47.7400016784668,49.529998779296875,47.02000045776367,49.06999969482422,47.57640838623047,9094400
2021-09-17,48.63999938964844,48.650001525878906,45.970001220703125,46.75,45.327030181884766,14478900
2021-09-20,43.75,44.20000076293945,41.15999984741211,43.29999923706055,41.98204040527344,19454600
2021-09-21,44.040000915527344,44.52000045776367,42.349998474121094,43.599998474121094,42.27290344238281,9972400
2021-09-22,44.459999084472656,46.56999969482422,44.0099983215332,46.2599983215332,44.85194396972656,11093200
2021-09-23,46.88999938964844,48.54999923706055,46.41999816894531,48.099998474121094,46.63593673706055,11819600
2021-09-24,46.86000061035156,48.22999954223633,46.779998779296875,47.95000076293945,46.490509033203125,7465000
2021-09-27,46.52000045776367,48.18000030517578,45.560001373291016,47.689998626708984,46.23842239379883,10241300
2021-09-28,44.900001525878906,45.790000915527344,42.04999923706055,42.22999954223633,40.944618225097656,23988000
2021-09-29,42.560001373291016,42.68000030517578,39.779998779296875,40.119998931884766,38.89883804321289,19889700
2021-09-30,41.060001373291016,41.95000076293945,40.0,40.040000915527344,38.82126998901367,14470200
2021-10-01,40.5,40.70000076293945,38.060001373291016,40.06999969482422,38.850345611572266,16368700
2021-10-04,39.310001373291016,39.52000045776367,36.56999969482422,37.02000045776367,35.893192291259766,20555400
2021-10-05,37.599998474121094,39.38999938964844,37.2599983215332,38.650001525878906,37.47358703613281,15194100
2021-10-06,37.31999969482422,39.13999938964844,36.91999816894531,39.060001373291016,37.871097564697266,16403200
2021-10-07,40.529998779296875,42.029998779296875,40.27000045776367,40.38999938964844,39.160621643066406,13234300
2021-10-08,40.900001525878906,41.06999969482422,39.08000183105469,39.33000183105469,38.13287353515625,10297000
2021-10-11,38.7599983215332,40.38999938964844,38.36000061035156,38.380001068115234,37.2117919921875,9446400
2021-10-12,39.209999084472656,39.310001373291016,36.470001220703125,37.04999923706055,35.92228317260742,19847400
2021-10-13,37.70000076293945,38.29999923706055,37.2400016784668,37.650001525878906,36.50401306152344,11660600
2021-10-14,39.63999938964844,41.08000183105469,39.34000015258789,41.04999923706055,39.8005256652832,14800900
2021-10-15,42.029998779296875,42.290000915527344,41.29999923706055,41.84000015258789,40.56647872924805,10988500
2021-10-18,41.13999938964844,42.970001220703125,40.439998626708984,42.86000061035156,41.55543518066406,8498200
2021-10-19,43.11000061035156,44.47999954223633,42.630001068115234,44.43000030517578,43.07764434814453,11476200
2021-10-20,44.130001068115234,44.72999954223633,43.630001068115234,44.20000076293945,42.854644775390625,9908200
2021-10-21,43.33000183105469,45.720001220703125,43.29999923706055,45.59000015258789,44.202327728271484,10019700
2021-10-22,44.84000015258789,46.22999954223633,43.77000045776367,44.04999923706055,42.7092170715332,12691700
2021-10-25,44.599998474121094,45.66999816894531,44.15999984741211,45.060001373291016,43.68846893310547,9706700
2021-10-26,46.02000045776367,46.45000076293945,44.540000915527344,44.959999084472656,43.591514587402344,12067800
2021-10-27,44.22999954223633,45.61000061035156,43.560001373291016,44.09000015258789,42.747989654541016,13076300
2021-10-28,45.84000015258789,47.099998474121094,45.56999969482422,47.0,45.569419860839844,15904400
2021-10-29,45.970001220703125,47.650001525878906,45.619998931884766,47.650001525878906,46.19963073730469,12735000
2021-11-01,47.790000915527344,49.959999084472656,47.45000076293945,49.959999084472656,48.439327239990234,14647400
2021-11-02,49.81999969482422,51.81999969482422,49.810001373291016,51.81999969482422,50.24271011352539,12421100
2021-11-03,52.06999969482422,53.810001373291016,51.41999816894531,53.66999816894531,52.03639602661133,11472200
2021-11-04,55.41999816894531,59.83000183105469,54.56999969482422,59.08000183105469,57.28173828125,20539200
2021-11-05,60.040000915527344,62.400001525878906,59.209999084472656,60.90999984741211,59.056034088134766,19536100
2021-11-08,62.099998474121094,64.70999908447266,61.4900016784668,63.540000915527344,61.605979919433594,15603900
2021-11-09,65.2699966430664,65.62999725341797,61.40999984741211,63.400001525878906,61.47024154663086,16385900
2021-11-10,60.04999923706055,62.5,57.06999969482422,57.95000076293945,56.18613052368164,17648300
2021-11-11,60.720001220703125,61.9900016784668,59.369998931884766,61.63999938964844,59.7638053894043,13055700
2021-11-12,62.220001220703125,64.25,61.16999816894531,63.349998474121094,61.4217643737793,13052700
2021-11-15,64.7300033569336,64.73999786376953,61.2599983215332,63.20000076293945,61.27633285522461,11837400
2021-11-16,62.380001068115234,66.43000030517578,62.0099983215332,66.1500015258789,64.13652801513672,12693000
2021-11-17,66.0,66.12999725341797,63.70000076293945,64.5199966430664,62.55615234375,11636600
2021-11-18,67.87000274658203,68.9000015258789,66.02999877929688,67.9800033569336,65.91084289550781,14102700
2021-11-19,67.86000061035156,69.87000274658203,66.87999725341797,68.61000061035156,66.52165985107422,14527400
2021-11-22,69.54000091552734,72.48999786376953,65.2300033569336,65.43000030517578,63.438453674316406,16809800
2021-11-23,64.83000183105469,66.61000061035156,61.349998474121094,64.73999786376953,62.76945114135742,16233700
2021-11-24,62.9900016784668,66.9000015258789,61.209999084472656,66.87999725341797,64.84432220458984,14762200
2021-11-26,63.099998474121094,64.9800033569336,59.849998474121094,61.369998931884766,59.50202178955078,14919700
2021-11-29,63.95000076293945,68.68000030517578,63.220001220703125,68.41000366210938,66.32774353027344,18352700
2021-11-30,67.27999877929688,69.33999633789062,62.88999938964844,64.66999816894531,62.70159149169922,22246300
2021-12-01,67.54000091552734,70.95999908447266,63.04999923706055,63.15999984741211,61.2375373840332,24798700
2021-12-02,61.2599983215332,64.73999786376953,59.68000030517578,63.25,61.324806213378906,21014200
2021-12-03,65.9000015258789,67.94999694824219,60.70000076293945,62.93000030517578,61.014549255371094,18842800
2021-12-06,62.060001373291016,63.290000915527344,56.779998779296875,62.599998474121094,60.6945915222168,13816300
2021-12-07,66.76000213623047,72.5199966430664,66.72000122070312,71.98999786376953,69.79877471923828,21654500
2021-12-08,70.93000030517578,71.19999694824219,68.48999786376953,70.69000244140625,68.5383529663086,12500700
2021-12-09,69.43000030517578,71.58999633789062,65.66000366210938,65.9000015258789,63.89414978027344,14533000
2021-12-10,69.45999908447266,70.44999694824219,65.16999816894531,67.5999984741211,65.54241180419922,12329100
2021-12-13,68.0199966430664,68.70999908447266,62.0,62.34000015258789,60.4425048828125,13561500
2021-12-14,60.0,62.369998931884766,58.939998626708984,61.52000045776367,59.64746856689453,13311200
2021-12-15,61.84000015258789,68.33999633789062,59.2400016784668,68.12000274658203,66.04658508300781,19005700
2021-12-16,69.01000213623047,69.5,58.02000045776367,59.22999954223633,57.42716598510742,27692100
2021-12-17,57.34000015258789,61.58000183105469,56.86000061035156,58.959999084472656,57.165382385253906,17729000
2021-12-20,56.13999938964844,58.7599983215332,55.470001220703125,57.54999923706055,55.79830551147461,15681400
2021-12-21,61.16999816894531,63.689998626708984,58.77000045776367,63.5,61.582176208496094,20477000
2021-12-22,62.470001220703125,65.52999877929688,61.61000061035156,65.37999725341797,63.405391693115234,13011600
2021-12-23,66.0,68.75,65.91999816894531,67.41000366210938,65.37409973144531,14507000
2021-12-27,68.0999984741211,73.0,68.0,72.98999786376953,70.78555297851562,15598000
2021-12-28,74.06999969482422,74.06999969482422,69.56999969482422,70.5199966430664,68.3901596069336,14401800
2021-12-29,70.41999816894531,72.2300033569336,69.5999984741211,71.0,68.85565948486328,10702000
2021-12-30,70.5,71.33999633789062,67.88999938964844,68.36000061035156,66.29539489746094,11188200
2021-12-31,68.69999694824219,70.0999984741211,67.83000183105469,68.01000213623047,65.95596313476562,10152000
2022-01-03,69.05000305175781,72.11000061035156,68.38999938964844,72.0999984741211,69.92243194580078,15794800
2022-01-04,72.58000183105469,74.20999908447266,66.04000091552734,71.06999969482422,68.92355346679688,21988000
2022-01-05,69.58999633789062,71.41999816894531,63.939998626708984,64.01000213623047,62.07676696777344,20821000
2022-01-06,64.08999633789062,66.38999938964844,61.849998474121094,65.54000091552734,63.560577392578125,19343100
2022-01-07,65.08000183105469,66.05000305175781,59.13999938964844,59.7400016784668,57.93574142456055,22625900
2022-01-10,57.34000015258789,60.189998626708984,53.81999969482422,60.0,58.18788528442383,25112700
2022-01-11,59.09000015258789,63.439998626708984,57.880001068115234,63.290000915527344,61.378509521484375,22053900
2022-01-12,64.98999786376953,66.4000015258789,62.63999938964844,64.58000183105469,62.62955856323242,19392000
2022-01-13,67.5,69.18000030517578,59.58000183105469,60.20000076293945,58.38184356689453,28866500
2022-01-14,58.7599983215332,64.54000091552734,58.560001373291016,64.4800033569336,62.532569885253906,23880600
2022-01-18,60.90999984741211,61.380001068115234,55.5,55.97999954223633,54.2892951965332,29055200
2022-01-19,57.47999954223633,58.15999984741211,50.72999954223633,50.81999969482422,49.285133361816406,28683300
2022-01-20,52.119998931884766,53.20000076293945,45.810001373291016,45.9900016784668,44.60101318359375,32438800
2022-01-21,45.220001220703125,48.93000030517578,43.400001525878906,43.709999084472656,42.38987350463867,45826500
2022-01-24,41.0,45.47999954223633,36.619998931884766,45.45000076293945,44.07731628417969,53548700
2022-01-25,41.77000045776367,43.349998474121094,39.380001068115234,40.189998626708984,38.9761848449707,40326300
2022-01-26,43.779998779296875,47.099998474121094,40.099998474121094,42.119998931884766,40.84788513183594,46405000
2022-01-27,43.400001525878906,43.45000076293945,36.0,36.36000061035156,35.26185989379883,50033700
2022-01-28,36.369998931884766,38.40999984741211,33.099998474121094,38.40999984741211,37.24993896484375,43946700
2022-01-31,38.9900016784668,44.75,38.29999923706055,44.58000183105469,43.23359680175781,39362500
2022-02-01,45.88999938964844,46.099998474121094,42.290000915527344,45.90999984741211,44.52342987060547,37795600
2022-02-02,48.470001220703125,49.5,46.459999084472656,49.34000015258789,47.84983825683594,40548600
2022-02-03,45.58000183105469,47.79999923706055,42.150001525878906,42.630001068115234,41.34248733520508,32875300
2022-02-04,42.08000183105469,44.52000045776367,40.369998931884766,43.459999084472656,42.14742660522461,30575600
2022-02-07,43.63999938964844,45.52000045776367,42.86000061035156,43.40999984741211,42.09892272949219,28382000
2022-02-08,42.75,46.880001068115234,42.540000915527344,46.599998474121094,45.19258499145508,33686800
2022-02-09,48.43000030517578,51.22999954223633,46.709999084472656,51.02000045776367,49.479095458984375,35302800
2022-02-10,47.58000183105469,52.209999084472656,45.58000183105469,46.41999816894531,45.01802062988281,51371000
2022-02-11,46.560001373291016,47.650001525878906,38.41999816894531,39.540000915527344,38.34581756591797,51212800
2022-02-14,39.75,41.849998474121094,37.86000061035156,39.59000015258789,38.3942985534668,43218400
2022-02-15,41.900001525878906,46.290000915527344,41.66999816894531,46.0099983215332,44.62040710449219,39910800
2022-02-16,44.06999969482422,46.5,43.040000915527344,46.099998474121094,44.70769119262695,35357600
2022-02-17,44.119998931884766,44.38999938964844,40.66999816894531,40.869998931884766,39.635650634765625,41858900
2022-02-18,41.13999938964844,41.349998474121094,37.77000045776367,39.630001068115234,38.4330940246582,46904100
2022-02-22,38.22999954223633,41.560001373291016,36.83000183105469,38.61000061035156,37.44390869140625,49765600
2022-02-23,40.06999969482422,41.29999923706055,35.630001068115234,35.90999984741211,34.82545471191406,52830600
2022-02-24,31.809999465942383,40.04999923706055,31.549999237060547,39.939998626708984,38.73373031616211,68362100
2022-02-25,40.0,41.84000015258789,38.15999984741211,41.779998779296875,40.518157958984375,40949000
2022-02-28,40.20000076293945,42.22999954223633,38.560001373291016,41.0099983215332,39.771419525146484,43350600
2022-03-01,40.779998779296875,41.29999923706055,35.349998474121094,36.58000183105469,35.4752082824707,46635000
2022-03-02,37.470001220703125,40.880001068115234,37.22999954223633,40.119998931884766,38.90829849243164,41485400
2022-03-03,40.650001525878906,40.869998931884766,36.81999969482422,37.54999923706055,36.41591262817383,45902800
2022-03-04,36.630001068115234,37.41999816894531,33.36000061035156,34.77000045776367,33.719879150390625,46799000
2022-03-07,34.81999969482422,35.599998474121094,29.5,29.579999923706055,28.686620712280273,50665800
2022-03-08,29.670000076293945,34.34000015258789,28.479999542236328,31.15999984741211,30.218904495239258,68456500
2022-03-09,34.119998931884766,35.65999984741211,33.06999969482422,34.93000030517578,33.87504959106445,46482400
2022-03-10,33.06999969482422,33.20000076293945,30.799999237060547,32.75,31.760887145996094,43831500
2022-03-11,34.15999984741211,34.41999816894531,30.5,30.690000534057617,29.763099670410156,34118300
2022-03-14,30.010000228881836,30.850000381469727,27.299999237060547,27.90999984741211,27.067066192626953,49351500
2022-03-15,28.450000762939453,31.719999313354492,28.010000228881836,31.510000228881836,30.55833625793457,42082900
2022-03-16,33.040000915527344,36.400001525878906,32.060001373291016,36.29999923706055,35.20366287231445,55754000
2022-03-17,35.25,37.0,34.31999969482422,36.95000076293945,35.834041595458984,37147500
2022-03-18,36.61000061035156,39.66999816894531,35.599998474121094,39.16999816894531,37.98698806762695,39797700
2022-03-21,38.70000076293945,39.970001220703125,36.880001068115234,39.0,37.822120666503906,38312100
2022-03-22,38.790000915527344,41.02000045776367,38.630001068115234,39.59000015258789,38.40119552612305,34654100
2022-03-23,38.5099983215332,39.9900016784668,36.59000015258789,36.689998626708984,35.588279724121094,38313200
2022-03-24,37.81999969482422,42.25,37.29999923706055,42.09000015258789,40.82612228393555,44687200
2022-03-25,42.06999969482422,42.369998931884766,39.75,42.0099983215332,40.7485237121582,36316000
2022-03-28,41.20000076293945,42.810001373291016,39.31999969482422,42.709999084472656,41.42750930786133,35741000
2022-03-29,44.84000015258789,46.0,43.11000061035156,45.58000183105469,44.21133804321289,40148500
2022-03-30,44.709999084472656,45.20000076293945,40.68000030517578,41.349998474121094,40.108341217041016,38435700
2022-03-31,41.2599983215332,41.84000015258789,38.41999816894531,38.779998779296875,37.61551284790039,38547400
2022-04-01,39.06999969482422,39.33000183105469,34.619998931884766,36.290000915527344,35.20029067993164,57428500
2022-04-04,36.58000183105469,38.220001220703125,36.16999816894531,37.959999084472656,36.82014846801758,28200500
2022-04-05,37.09000015258789,37.2400016784668,32.529998779296875,32.880001068115234,31.892681121826172,57649600
2022-04-06,30.850000381469727,32.099998474121094,29.559999465942383,30.510000228881836,29.593849182128906,69146900
2022-04-07,30.25,31.420000076293945,28.65999984741211,30.510000228881836,29.593849182128906,55657300
2022-04-08,29.860000610351562,29.959999084472656,28.149999618530273,28.290000915527344,27.440515518188477,71608900
2022-04-11,27.040000915527344,27.709999084472656,26.34000015258789,26.489999771118164,25.694562911987305,60558200
2022-04-12,28.040000915527344,28.84000015258789,25.860000610351562,26.239999771118164,25.452068328857422,66793200
2022-04-13,26.770000457763672,28.540000915527344,26.309999465942383,28.030000686645508,27.18832015991211,50484000
2022-04-14,28.549999237060547,28.6200008392334,25.540000915527344,25.610000610351562,24.840988159179688,51193200
2022-04-18,25.260000228881836,27.670000076293945,25.15999984741211,26.979999542236328,26.169849395751953,49251700
2022-04-19,26.68000030517578,28.889999389648438,26.219999313354492,28.75,27.886699676513672,45358800
2022-04-20,30.06999969482422,30.850000381469727,28.239999771118164,28.5,27.64420509338379,51891900
2022-04-21,29.600000381469727,30.56999969482422,25.809999465942383,26.209999084472656,25.4229679107666,53808500
2022-04-22,26.100000381469727,26.559999465942383,24.3700008392334,24.450000762939453,23.715822219848633,57459200
2022-04-25,23.889999389648438,25.760000228881836,23.68000030517578,25.670000076293945,24.899188995361328,58210600
2022-04-26,24.709999084472656,24.899999618530273,22.350000381469727,22.43000030517578,21.75647735595703,55039200
2022-04-27,21.6200008392334,23.59000015258789,21.479999542236328,21.950000762939453,21.290889739990234,52406400
2022-04-28,23.200000762939453,26.299999237060547,22.399999618530273,25.579999923706055,24.811885833740234,63555800
2022-04-29,24.299999237060547,25.950000762939453,22.100000381469727,22.239999771118164,21.572179794311523,48104400
2022-05-02,22.3799991607666,24.549999237060547,21.809999465942383,24.5,23.764320373535156,57669900
2022-05-03,24.329999923706055,25.68000030517578,23.75,25.110000610351562,24.356000900268555,53115700
2022-05-04,25.690000534057617,28.139999389648438,23.299999237060547,28.020000457763672,27.178617477416992,77054200
2022-05-05,26.530000686645508,26.6200008392334,22.75,23.989999771118164,23.269628524780273,64302700
2022-05-06,23.239999771118164,24.8700008392334,21.940000534057617,23.350000381469727,22.648849487304688,73607500
2022-05-09,21.81999969482422,22.600000381469727,19.31999969482422,19.719999313354492,19.12784767150879,72482100
2022-05-10,21.450000762939453,22.149999618530273,19.719999313354492,21.09000015258789,20.456708908081055,72934500
2022-05-11,20.530000686645508,22.0,18.969999313354492,19.149999618530273,18.574966430664062,76546000
2022-05-12,18.510000228881836,19.989999771118164,17.959999084472656,19.40999984741211,18.827159881591797,79889100
2022-05-13,20.56999969482422,22.90999984741211,20.18000030517578,22.489999771118164,21.814672470092773,65885900
2022-05-16,21.860000610351562,22.510000228881836,21.200000762939453,21.3700008392334,20.728302001953125,49300800
2022-05-17,23.079999923706055,24.739999771118164,22.84000015258789,24.579999923706055,23.8419132232666,65619700
2022-05-18,23.399999618530273,24.350000381469727,20.530000686645508,20.850000381469727,20.223918914794922,61497800
2022-05-19,20.549999237060547,22.040000915527344,19.899999618530273,20.510000228881836,19.894128799438477,62522000
2022-05-20,21.540000915527344,21.649999618530273,17.65999984741211,20.360000610351562,19.74863624572754,86718200
2022-05-23,19.93000030517578,20.829999923706055,19.450000762939453,20.6299991607666,20.01052474975586,54498700
2022-05-24,19.690000534057617,19.8799991607666,18.440000534057617,19.100000381469727,18.526470184326172,57291400
2022-05-25,18.729999542236328,20.719999313354492,18.719999313354492,20.190000534057617,19.583740234375,54536300
2022-05-26,19.610000610351562,22.829999923706055,19.479999542236328,22.540000915527344,21.863168716430664,60520000
2022-05-27,23.600000381469727,25.440000534057617,23.59000015258789,25.260000228881836,24.501495361328125,54680400
2022-05-31,25.139999389648438,25.600000381469727,23.75,24.860000610351562,24.113508224487305,48671900
2022-06-01,25.34000015258789,25.719999313354492,22.709999084472656,23.709999084472656,22.99803924560547,52378500
2022-06-02,23.399999618530273,26.280000686645508,23.299999237060547,26.200000762939453,25.413272857666016,49439000
2022-06-03,24.549999237060547,24.950000762939453,23.5,23.93000030517578,23.2114315032959,42093200
2022-06-06,25.25,25.579999923706055,23.479999542236328,23.90999984741211,23.192035675048828,40514000
2022-06-07,23.020000457763672,24.739999771118164,22.540000915527344,24.600000381469727,23.861312866210938,37067500
2022-06-08,24.15999984741211,24.459999084472656,22.420000076293945,22.90999984741211,22.222057342529297,38501600
2022-06-09,22.389999389648438,23.559999465942383,21.030000686645508,21.09000015258789,20.456708908081055,37937200
2022-06-10,19.979999542236328,20.510000228881836,18.65999984741211,18.809999465942383,18.245176315307617,58924000
2022-06-13,16.93000030517578,17.40999984741211,15.34000015258789,15.550000190734863,15.083066940307617,77061300
2022-06-14,16.010000228881836,16.219999313354492,15.210000038146973,15.760000228881836,15.286760330200195,52253400
2022-06-15,16.350000381469727,17.43000030517578,15.470000267028809,16.610000610351562,16.111236572265625,77001800
2022-06-16,15.140000343322754,15.1899995803833,12.989999771118164,13.569999694824219,13.162524223327637,90753100
2022-06-17,13.649999618530273,14.020000457763672,12.779999732971191,13.699999809265137,13.288618087768555,64012800
2022-06-21,14.539999961853027,15.430000305175781,14.489999771118164,14.800000190734863,14.35558795928955,57522800
2022-06-22,14.039999961853027,14.970000267028809,13.9399995803833,14.289999961853027,13.878718376159668,49362200
2022-06-23,14.579999923706055,14.59000015258789,13.34000015258789,14.010000228881836,13.606776237487793,47625300
2022-06-24,14.640000343322754,15.850000381469727,14.569999694824219,15.8100004196167,15.354971885681152,60548200
2022-06-27,16.309999465942383,16.459999084472656,15.369999885559082,15.800000190734863,15.345259666442871,43426900
2022-06-28,16.0,16.579999923706055,14.520000457763672,14.5600004196167,14.140949249267578,56957600
2022-06-29,14.0,14.039999961853027,13.029999732971191,13.550000190734863,13.160017967224121,61516700
2022-06-30,13.029999732971191,13.829999923706055,12.380000114440918,13.100000381469727,12.722970008850098,70274900
2022-07-01,12.489999771118164,12.600000381469727,11.130000114440918,11.600000381469727,11.26613998413086,92067100
2022-07-05,10.739999771118164,11.899999618530273,10.529999732971191,11.850000381469727,11.508944511413574,82942200
2022-07-06,11.920000076293945,12.5,11.520000457763672,12.09000015258789,11.742036819458008,77177800
2022-07-07,12.90999984741211,13.890000343322754,12.90999984741211,13.710000038146973,13.315414428710938,75926300
2022-07-08,13.130000114440918,14.170000076293945,12.960000038146973,13.90999984741211,13.509653091430664,77437200
2022-07-11,13.25,13.449999809265137,12.649999618530273,12.90999984741211,12.538434982299805,52520600
2022-07-12,13.180000305175781,13.449999809265137,12.720000267028809,12.970000267028809,12.596710205078125,53368400
2022-07-13,12.180000305175781,13.5600004196167,12.130000114440918,13.289999961853027,12.907500267028809,70014100
2022-07-14,13.170000076293945,14.260000228881836,12.539999961853027,14.069999694824219,13.665050506591797,78227900
2022-07-15,14.75,15.149999618530273,14.039999961853027,15.109999656677246,14.675116539001465,74112400
2022-07-18,15.829999923706055,16.18000030517578,14.630000114440918,14.920000076293945,14.490588188171387,83926600
2022-07-19,15.609999656677246,17.170000076293945,15.5,16.950000762939453,16.4621639251709,78348500
2022-07-20,16.829999923706055,18.440000534057617,16.5,18.200000762939453,17.676183700561523,85890600
2022-07-21,18.520000457763672,19.1200008392334,17.68000030517578,19.100000381469727,18.550283432006836,80210800
2022-07-22,18.84000015258789,18.90999984741211,17.149999618530273,17.649999618530273,17.142013549804688,65689500
2022-07-25,17.229999542236328,17.3700008392334,16.43000030517578,17.299999237060547,16.802085876464844,43336800
2022-07-26,16.93000030517578,17.239999771118164,16.25,16.43000030517578,15.957131385803223,48959700
2022-07-27,17.31999969482422,19.1200008392334,17.170000076293945,18.729999542236328,18.190929412841797,78797600
2022-07-28,18.860000610351562,19.520000457763672,17.579999923706055,19.3700008392334,18.81251335144043,69548100
2022-07-29,18.56999969482422,19.989999771118164,18.31999969482422,19.829999923706055,19.2592716217041,61313500
2022-08-01,19.40999984741211,20.610000610351562,19.030000686645508,20.010000228881836,19.434091567993164,61205100
2022-08-02,19.43000030517578,20.8700008392334,19.110000610351562,19.920000076293945,19.346683502197266,60816500
2022-08-03,19.979999542236328,21.719999313354492,19.8700008392334,21.549999237060547,20.929765701293945,57214600
2022-08-04,21.469999313354492,22.270000457763672,21.219999313354492,22.06999969482422,21.434803009033203,56294600
2022-08-05,20.959999084472656,22.1200008392334,20.56999969482422,21.559999465942383,20.939481735229492,60067800
2022-08-08,20.649999618530273,21.389999389648438,19.56999969482422,20.540000915527344,19.948837280273438,59477700
2022-08-09,19.229999542236328,19.229999542236328,16.90999984741211,17.690000534057617,17.18086814880371,65153600
2022-08-10,19.079999923706055,20.020000457763672,18.389999389648438,19.90999984741211,19.33696746826172,69125300
2022-08-11,20.469999313354492,21.600000381469727,19.68000030517578,19.780000686645508,19.210710525512695,70069200
2022-08-12,20.239999771118164,21.719999313354492,19.979999542236328,21.600000381469727,20.978330612182617,57238400
2022-08-15,21.239999771118164,21.969999313354492,20.799999237060547,21.780000686645508,21.15315055847168,48991600
2022-08-16,21.479999542236328,21.739999771118164,20.389999389648438,21.139999389648438,20.531566619873047,48777200
2022-08-17,20.18000030517578,20.200000762939453,18.709999084472656,19.549999237060547,18.987329483032227,67988800
2022-08-18,19.719999313354492,21.360000610351562,19.5,20.889999389648438,20.288766860961914,50790800
2022-08-19,20.059999465942383,20.3799991607666,18.889999389648438,19.170000076293945,18.618268966674805,49700800
2022-08-22,18.100000381469727,18.149999618530273,16.770000457763672,17.040000915527344,16.54956817626953,51389400
2022-08-23,17.079999923706055,18.059999465942383,17.010000228881836,17.329999923706055,16.831222534179688,49723200
2022-08-24,17.25,17.59000015258789,16.770000457763672,17.40999984741211,16.908920288085938,42087500
2022-08-25,17.459999084472656,19.3799991607666,17.420000076293945,19.31999969482422,18.76395034790039,58659800
2022-08-26,19.25,19.329999923706055,15.949999809265137,15.979999542236328,15.5200777053833,84676900
2022-08-29,15.479999542236328,16.049999237060547,14.949999809265137,15.050000190734863,14.61684513092041,61062700
2022-08-30,15.5,15.569999694824219,13.960000038146973,14.470000267028809,14.05353832244873,77063100
2022-08-31,14.6899995803833,14.699999809265137,13.65999984741211,14.039999961853027,13.635912895202637,86870500
2022-09-01,13.029999732971191,13.260000228881836,11.970000267028809,13.220000267028809,12.83951187133789,113345600
2022-09-02,13.84000015258789,14.140000343322754,12.630000114440918,12.859999656677246,12.489873886108398,100737200
2022-09-06,12.90999984741211,13.029999732971191,12.069999694824219,12.420000076293945,12.062541961669922,79919100
2022-09-07,12.420000076293945,13.319999694824219,12.229999542236328,12.989999771118164,12.616132736206055,79632700
2022-09-08,12.640000343322754,13.800000190734863,12.369999885559082,13.649999618530273,13.257139205932617,103258300
2022-09-09,14.260000228881836,14.850000381469727,14.1899995803833,14.649999618530273,14.228358268737793,81908900
2022-09-12,14.829999923706055,15.050000190734863,14.300000190734863,14.779999732971191,14.354616165161133,67153300
2022-09-13,13.149999618530273,13.489999771118164,11.949999809265137,12.09000015258789,11.742036819458008,85975600
2022-09-14,12.279999732971191,12.739999771118164,11.9399995803833,12.460000038146973,12.101387977600098,65846900
2022-09-15,12.229999542236328,12.670000076293945,11.59000015258789,11.90999984741211,11.567216873168945,94630600
2022-09-16,11.470000267028809,12.100000381469727,11.180000305175781,12.0600004196167,11.712899208068848,87622100
2022-09-19,11.619999885559082,12.4399995803833,11.569999694824219,12.260000228881836,11.907146453857422,75532200
2022-09-20,11.850000381469727,12.039999961853027,11.430000305175781,11.699999809265137,11.400457382202148,70577400
2022-09-21,11.760000228881836,12.920000076293945,11.380000114440918,11.399999618530273,11.108138084411621,125021300
2022-09-22,11.170000076293945,11.319999694824219,10.25,10.510000228881836,10.240923881530762,112096100
2022-09-23,10.069999694824219,10.140000343322754,9.449999809265137,10.029999732971191,9.773214340209961,120047000
2022-09-26,9.90999984741211,10.359999656677246,9.5,9.550000190734863,9.305502891540527,96464800
2022-09-27,10.039999961853027,10.279999732971191,9.390000343322754,9.8100004196167,9.558845520019531,115839400
2022-09-28,9.569999694824219,10.350000381469727,9.449999809265137,10.170000076293945,9.909627914428711,119412700
2022-09-29,9.699999809265137,9.739999771118164,8.800000190734863,9.289999961853027,9.052159309387207,128122600
2022-09-30,8.899999618530273,9.609999656677246,8.739999771118164,8.859999656677246,8.63316535949707,109534300
2022-10-03,9.09000015258789,10.0,8.880000114440918,9.699999809265137,9.45166015625,126786100
2022-10-04,10.579999923706055,11.100000381469727,10.539999961853027,11.039999961853027,10.757354736328125,114533100
2022-10-05,10.529999732971191,11.65999984741211,10.210000038146973,11.420000076293945,11.127625465393066,110030200
2022-10-06,11.289999961853027,11.920000076293945,11.050000190734863,11.1899995803833,10.903512954711914,117138000
2022-10-07,10.180000305175781,10.279999732971191,9.0,9.210000038146973,8.97420597076416,134873300
2022-10-10,9.069999694824219,9.09000015258789,7.860000133514404,8.279999732971191,8.068014144897461,163448700
2022-10-11,7.809999942779541,8.020000457763672,7.199999809265137,7.570000171661377,7.376193046569824,186475200
2022-10-12,7.489999771118164,7.619999885559082,7.230000019073486,7.340000152587891,7.152082443237305,110516500
2022-10-13,6.420000076293945,8.359999656677246,6.210000038146973,8.0,7.7951836585998535,284532700
2022-10-14,8.260000228881836,8.270000457763672,6.869999885559082,6.929999828338623,6.752578258514404,177216100
2022-10-17,7.46999979019165,7.670000076293945,7.199999809265137,7.329999923706055,7.142338275909424,113321500
2022-10-18,8.039999961853027,8.210000038146973,7.039999961853027,7.400000095367432,7.210544586181641,185506400
2022-10-19,7.269999980926514,7.800000190734863,7.199999809265137,7.570000171661377,7.376193046569824,134272400
2022-10-20,7.699999809265137,8.420000076293945,7.590000152587891,7.699999809265137,7.502864837646484,170614600
2022-10-21,7.650000095367432,8.640000343322754,7.550000190734863,8.579999923706055,8.360336303710938,178616600
2022-10-24,8.640000343322754,8.8100004196167,8.079999923706055,8.680000305175781,8.457773208618164,147205700
2022-10-25,8.800000190734863,9.470000267028809,8.75,9.260000228881836,9.022926330566406,127146900
2022-10-26,8.739999771118164,9.670000076293945,8.550000190734863,9.010000228881836,8.779327392578125,143571600
2022-10-27,9.15999984741211,9.4399995803833,8.479999542236328,8.520000457763672,8.301872253417969,129662300
2022-10-28,8.5600004196167,9.5600004196167,8.489999771118164,9.5,9.256781578063965,129291600
2022-10-31,9.300000190734863,9.350000381469727,8.75,8.920000076293945,8.691630363464355,118351000
2022-11-01,9.40999984741211,9.520000457763672,8.9399995803833,9.100000381469727,8.867021560668945,108638200
2022-11-02,9.270000457763672,9.770000457763672,8.199999809265137,8.239999771118164,8.02903938293457,174985600
2022-11-03,7.78000020980835,8.289999961853027,7.53000020980835,7.889999866485596,7.688000679016113,135668700
2022-11-04,8.720000267028809,9.0600004196167,8.420000076293945,8.989999771118164,8.75983715057373,173041700
2022-11-07,9.270000457763672,9.6899995803833,8.880000114440918,9.59000015258789,9.344477653503418,105846700
2022-11-08,10.109999656677246,10.5600004196167,9.609999656677246,10.170000076293945,9.909627914428711,147373300
2022-11-09,9.739999771118164,9.819999694824219,9.180000305175781,9.239999771118164,9.003437042236328,107444900
2022-11-10,10.800000190734863,12.170000076293945,10.5600004196167,12.079999923706055,11.770729064941406,196270300
2022-11-11,12.279999732971191,13.40999984741211,11.829999923706055,13.220000267028809,12.88154125213623,166468400
2022-11-14,12.989999771118164,13.510000228881836,12.729999542236328,12.770000457763672,12.443063735961914,108739600
2022-11-15,14.34000015258789,14.4399995803833,13.3100004196167,13.869999885559082,13.514899253845215,159797700
2022-11-16,12.930000305175781,12.989999771118164,11.869999885559082,12.130000114440918,11.819448471069336,112310400
2022-11-17,11.34000015258789,12.579999923706055,11.3100004196167,12.369999885559082,12.053303718566895,128795400
2022-11-18,12.989999771118164,13.029999732971191,12.069999694824219,12.489999771118164,12.170230865478516,117064100
2022-11-21,12.069999694824219,12.199999809265137,11.739999771118164,11.890000343322754,11.585592269897461,84238200
2022-11-22,12.140000343322754,12.9399995803833,11.850000381469727,12.899999618530273,12.569733619689941,86949600
2022-11-23,12.899999618530273,13.75,12.84000015258789,13.319999694824219,12.978982925415039,113790600
2022-11-25,13.130000114440918,13.260000228881836,12.829999923706055,12.859999656677246,12.530756950378418,41754500
2022-11-28,12.359999656677246,12.760000228881836,11.600000381469727,11.84000015258789,11.536873817443848,87803100
2022-11-29,11.949999809265137,12.180000305175781,11.5,11.729999542236328,11.429689407348633,75056000
2022-11-30,11.84000015258789,13.850000381469727,11.520000457763672,13.819999694824219,13.466179847717285,133385800
2022-12-01,14.09000015258789,14.130000114440918,12.9399995803833,13.5,13.154374122619629,112133900
2022-12-02,12.489999771118164,13.130000114440918,12.300000190734863,13.029999732971191,12.696404457092285,98017700
2022-12-05,12.800000190734863,13.15999984741211,12.199999809265137,12.59000015258789,12.267672538757324,71095100
2022-12-06,12.539999961853027,12.600000381469727,11.380000114440918,11.720000267028809,11.41994571685791,86923400
2022-12-07,11.40999984741211,11.930000305175781,11.329999923706055,11.699999809265137,11.400457382202148,86276700
2022-12-08,11.890000343322754,12.720000267028809,11.649999618530273,12.619999885559082,12.296902656555176,101888300
2022-12-09,12.489999771118164,12.989999771118164,12.180000305175781,12.319999694824219,12.004584312438965,88787400
2022-12-12,12.140000343322754,13.010000228881836,11.9399995803833,12.979999542236328,12.647686958312988,73482200
2022-12-13,14.720000267028809,14.90999984741211,13.140000343322754,13.630000114440918,13.281046867370605,180078900
2022-12-14,13.510000228881836,14.029999732971191,12.539999961853027,13.0,12.667174339294434,139612300
2022-12-15,12.229999542236328,12.380000114440918,11.319999694824219,11.399999618530273,11.108138084411621,107181700
2022-12-16,11.199999809265137,11.479999542236328,10.770000457763672,11.109999656677246,10.825562477111816,88813800
2022-12-19,11.119999885559082,11.149999618530273,10.350000381469727,10.6899995803833,10.416314125061035,82876800
2022-12-20,10.25,10.75,10.15999984741211,10.40999984741211,10.179670333862305,88304000
2022-12-21,10.630000114440918,11.270000457763672,10.600000381469727,11.140000343322754,10.893518447875977,83240400
2022-12-22,10.539999961853027,10.5600004196167,9.109999656677246,9.779999732971191,9.563607215881348,135617300
2022-12-23,9.59000015258789,9.8100004196167,9.229999542236328,9.770000457763672,9.55383014678955,92378600
2022-12-27,9.579999923706055,9.59000015258789,9.130000114440918,9.270000457763672,9.064892768859863,78142100
2022-12-28,9.100000381469727,9.430000305175781,8.739999771118164,8.859999656677246,8.663963317871094,83917300
2022-12-29,9.279999732971191,9.829999923706055,9.180000305175781,9.670000076293945,9.456043243408203,90966000
2022-12-30,9.270000457763672,9.699999809265137,9.0600004196167,9.670000076293945,9.456043243408203,64369800
2023-01-03,10.170000076293945,10.210000038146973,9.1899995803833,9.359999656677246,9.152901649475098,97509800
2023-01-04,9.880000114440918,10.270000457763672,9.579999923706055,10.069999694824219,9.847190856933594,114576600
2023-01-05,9.800000190734863,10.0,9.529999732971191,9.569999694824219,9.358255386352539,83312800
2023-01-06,9.949999809265137,11.069999694824219,9.5600004196167,10.869999885559082,10.62948989868164,123492600
2023-01-09,11.529999732971191,12.270000457763672,11.279999732971191,11.529999732971191,11.274888038635254,136968300
2023-01-10,11.380000114440918,11.989999771118164,11.1899995803833,11.970000267028809,11.705154418945312,90401400
2023-01-11,11.979999542236328,12.430000305175781,11.649999618530273,12.399999618530273,12.125639915466309,80469400
2023-01-12,12.59000015258789,13.079999923706055,11.819999694824219,12.819999694824219,12.536345481872559,135343400
2023-01-13,12.369999885559082,13.0,12.270000457763672,12.949999809265137,12.663469314575195,74389800
2023-01-17,12.880000114440918,13.430000305175781,12.670000076293945,13.0600004196167,12.771036148071289,74500500
2023-01-18,13.449999809265137,13.760000228881836,12.8100004196167,12.819999694824219,12.536345481872559,82050400
2023-01-19,12.479999542236328,12.520000457763672,11.619999885559082,11.770000457763672,11.509577751159668,99618400
2023-01-20,12.109999656677246,12.859999656677246,11.75,12.789999961853027,12.507010459899902,89921600
2023-01-23,13.180000305175781,14.90999984741211,13.130000114440918,14.739999771118164,14.413864135742188,125178200
2023-01-24,14.289999961853027,14.850000381469727,14.15999984741211,14.4399995803833,14.120502471923828,75816000
2023-01-25,13.710000038146973,14.630000114440918,13.329999923706055,14.529999732971191,14.208510398864746,93424800
2023-01-26,15.020000457763672,15.300000190734863,14.300000190734863,15.239999771118164,14.902802467346191,111443300
2023-01-27,14.5,15.359999656677246,14.350000381469727,14.979999542236328,14.648551940917969,101402600
2023-01-30,14.350000381469727,14.619999885559082,13.729999542236328,13.800000190734863,13.494662284851074,81286700
2023-01-31,13.670000076293945,14.550000190734863,13.640000343322754,14.520000457763672,14.19873332977295,97363300
2023-02-01,14.729999542236328,17.280000686645508,14.680000305175781,16.799999237060547,16.42828369140625,150219900
2023-02-02,17.329999923706055,18.399999618530273,17.010000228881836,17.920000076293945,17.52350425720215,116420900
2023-02-03,16.780000686645508,18.1299991607666,16.600000381469727,16.93000030517578,16.555410385131836,94867600
2023-02-06,16.1200008392334,16.860000610351562,15.859999656677246,16.100000381469727,15.7437744140625,77254800
2023-02-07,16.219999313354492,17.850000381469727,16.1299991607666,17.59000015258789,17.200807571411133,119100900
2023-02-08,17.329999923706055,17.690000534057617,16.350000381469727,16.489999771118164,16.12514305114746,72392900
2023-02-09,17.329999923706055,17.899999618530273,16.209999084472656,16.579999923706055,16.213153839111328,84793400
2023-02-10,16.059999465942383,16.219999313354492,15.25,15.800000190734863,15.450411796569824,78447700
2023-02-13,15.989999771118164,16.6200008392334,15.569999694824219,16.420000076293945,16.056692123413086,60332300
2023-02-14,16.059999465942383,17.530000686645508,15.670000076293945,17.329999923706055,16.94655418395996,111460800
2023-02-15,16.809999465942383,17.59000015258789,16.43000030517578,17.540000915527344,17.151914596557617,74638200
2023-02-16,16.649999618530273,17.170000076293945,16.18000030517578,16.280000686645508,15.91978931427002,81774100
2023-02-17,15.979999542236328,16.1200008392334,15.039999961853027,15.5,15.157048225402832,82871000
2023-02-21,14.789999961853027,15.3100004196167,13.890000343322754,14.010000228881836,13.7000150680542,68114400
2023-02-22,14.109999656677246,14.40999984741211,13.539999961853027,13.829999923706055,13.523998260498047,70471500
2023-02-23,15.130000114440918,15.34000015258789,14.279999732971191,15.079999923706055,14.74634075164795,94198000
2023-02-24,14.289999961853027,14.539999961853027,13.960000038146973,14.3100004196167,13.993379592895508,74689200
2023-02-27,14.960000038146973,15.010000228881836,14.5,14.5,14.179173469543457,61896900
2023-02-28,14.399999618530273,15.270000457763672,14.3100004196167,14.649999618530273,14.32585620880127,59300500
2023-03-01,14.8100004196167,15.220000267028809,14.479999542236328,14.680000305175781,14.355193138122559,63832600
2023-03-02,14.010000228881836,15.239999771118164,13.65999984741211,15.010000228881836,14.677888870239258,73485400
2023-03-03,15.050000190734863,15.770000457763672,14.649999618530273,15.680000305175781,15.3330659866333,72055200
2023-03-06,15.829999923706055,16.25,15.039999961853027,15.170000076293945,14.8343505859375,56252700
2023-03-07,15.1899995803833,15.420000076293945,14.489999771118164,14.649999618530273,14.32585620880127,66744300
2023-03-08,14.859999656677246,15.899999618530273,14.850000381469727,15.8100004196167,15.460190773010254,71670200
2023-03-09,15.75,16.540000915527344,14.800000190734863,14.90999984741211,14.580102920532227,87945700
2023-03-10,15.109999656677246,15.25,13.8100004196167,14.050000190734863,13.739130020141602,128656300
2023-03-13,13.609999656677246,14.539999961853027,13.149999618530273,14.020000457763672,13.709794998168945,121199400
2023-03-14,14.760000228881836,15.539999961853027,14.539999961853027,15.220000267028809,14.883244514465332,107012500
2023-03-15,14.600000381469727,14.850000381469727,13.75,14.6899995803833,14.364970207214355,126199700
2023-03-16,14.479999542236328,16.520000457763672,14.300000190734863,16.420000076293945,16.056692123413086,108646600
2023-03-17,16.489999771118164,16.899999618530273,15.829999923706055,16.1299991607666,15.77310848236084,79179200
2023-03-20,16.139999389648438,16.790000915527344,15.779999732971191,16.610000610351562,16.242490768432617,62536400
2023-03-21,17.010000228881836,17.530000686645508,15.9399995803833,16.670000076293945,16.325735092163086,76051300
2023-03-22,16.68000030517578,18.020000457763672,16.200000762939453,16.239999771118164,15.904611587524414,95075000
2023-03-23,17.020000457763672,18.170000076293945,16.6299991607666,17.489999771118164,17.12879753112793,97514400
2023-03-24,17.100000381469727,17.219999313354492,16.040000915527344,16.56999969482422,16.227798461914062,90583300
2023-03-27,16.760000228881836,16.920000076293945,15.8100004196167,15.970000267028809,15.640190124511719,64605200
2023-03-28,15.869999885559082,15.880000114440918,14.899999618530273,15.630000114440918,15.307211875915527,75621600
2023-03-29,16.34000015258789,17.469999313354492,16.299999237060547,17.079999923706055,16.727266311645508,90012500
2023-03-30,17.760000228881836,18.290000915527344,17.579999923706055,17.950000762939453,17.57929801940918,80622200
2023-03-31,17.559999465942383,18.34000015258789,17.43000030517578,18.299999237060547,17.922069549560547,68287500
2023-04-03,17.920000076293945,18.15999984741211,17.1299991607666,17.809999465942383,17.442188262939453,57147300
2023-04-04,17.8700008392334,17.899999618530273,16.510000228881836,16.790000915527344,16.443252563476562,64093400
2023-04-05,16.25,16.309999465942383,15.380000114440918,15.920000076293945,15.59122371673584,86953300
2023-04-06,15.449999809265137,16.010000228881836,15.09000015258789,15.65999984741211,15.336590766906738,65901100
2023-04-10,15.220000267028809,16.5,15.140000343322754,16.389999389648438,16.051515579223633,63177700
2023-04-11,16.719999313354492,16.790000915527344,16.110000610351562,16.209999084472656,15.875231742858887,52220200
2023-04-12,16.65999984741211,16.739999771118164,15.270000457763672,15.329999923706055,15.013406753540039,76962300
2023-04-13,15.390000343322754,15.949999809265137,15.039999961853027,15.670000076293945,15.346384048461914,59431400
2023-04-14,15.640000343322754,16.190000534057617,15.079999923706055,15.579999923706055,15.258243560791016,56858500
2023-04-17,15.100000381469727,15.619999885559082,14.949999809265137,15.579999923706055,15.258243560791016,56761700
2023-04-18,16.020000457763672,16.360000610351562,15.40999984741211,15.779999732971191,15.454113960266113,56833200
2023-04-19,15.199999809265137,15.380000114440918,14.979999542236328,15.260000228881836,14.94485092163086,53185600
2023-04-20,14.789999961853027,15.899999618530273,14.75,15.199999809265137,14.886091232299805,65191000
2023-04-21,15.09000015258789,15.09000015258789,14.479999542236328,14.859999656677246,14.55311393737793,68276000
2023-04-24,14.779999732971191,15.039999961853027,14.359999656677246,14.630000114440918,14.327863693237305,48740200
2023-04-25,14.420000076293945,14.420000076293945,13.170000076293945,13.199999809265137,12.927395820617676,89382800
2023-04-26,13.619999885559082,13.789999961853027,13.180000305175781,13.369999885559082,13.09388542175293,68911200
2023-04-27,13.329999923706055,13.600000381469727,12.520000457763672,13.539999961853027,13.26037311553955,87997600
2023-04-28,13.760000228881836,14.270000457763672,13.539999961853027,14.229999542236328,13.936123847961426,65456800
2023-05-01,14.460000038146973,14.789999961853027,14.319999694824219,14.65999984741211,14.357244491577148,57191000
2023-05-02,14.65999984741211,14.90999984741211,13.90999984741211,14.350000381469727,14.053646087646484,61126500
2023-05-03,14.119999885559082,14.619999885559082,13.8100004196167,13.84000015258789,13.554179191589355,71240700
2023-05-04,13.5,14.0,13.220000267028809,13.600000381469727,13.319136619567871,62383900
2023-05-05,13.619999885559082,14.680000305175781,13.4399995803833,14.470000267028809,14.171168327331543,62636200
2023-05-08,14.460000038146973,14.699999809265137,14.069999694824219,14.649999618530273,14.347450256347656,41012800
2023-05-09,14.069999694824219,14.119999885559082,13.739999771118164,13.9399995803833,13.65211296081543,57414300
2023-05-10,14.380000114440918,14.640000343322754,13.90999984741211,14.3100004196167,14.014472007751465,78346700
2023-05-11,14.329999923706055,14.430000305175781,13.640000343322754,14.069999694824219,13.779427528381348,54962200
2023-05-12,14.180000305175781,14.369999885559082,13.59000015258789,14.020000457763672,13.730461120605469,46243600
2023-05-15,14.100000381469727,15.140000343322754,13.970000267028809,15.109999656677246,14.797950744628906,64054000
2023-05-16,14.979999542236328,15.569999694824219,14.970000267028809,15.050000190734863,14.739191055297852,54294600
2023-05-17,15.479999542236328,16.34000015258789,15.140000343322754,16.139999389648438,15.806679725646973,77302900
2023-05-18,16.34000015258789,17.799999237060547,16.31999969482422,17.670000076293945,17.30508041381836,91302200
2023-05-19,17.59000015258789,17.639999389648438,17.059999465942383,17.389999389648438,17.030864715576172,49521200
2023-05-22,16.920000076293945,17.719999313354492,16.889999389648438,17.530000686645508,17.16797637939453,43944400
2023-05-23,17.200000762939453,17.549999237060547,16.790000915527344,16.920000076293945,16.570571899414062,41287200
2023-05-24,15.890000343322754,16.229999542236328,15.489999771118164,16.030000686645508,15.69895076751709,87475800
2023-05-25,18.15999984741211,19.389999389648438,17.6299991607666,19.149999618530273,18.7545166015625,124768700
2023-05-26,20.049999237060547,23.260000228881836,20.030000686645508,22.8799991607666,22.407485961914062,112964600
2023-05-30,24.56999969482422,24.799999237060547,22.59000015258789,22.8700008392334,22.39769172668457,99439100
2023-05-31,21.709999084472656,22.670000076293945,21.09000015258789,21.149999618530273,20.713214874267578,73938700
2023-06-01,21.479999542236328,22.75,20.829999923706055,22.15999984741211,21.70235252380371,74757400
2023-06-02,22.690000534057617,22.889999389648438,21.530000686645508,22.020000457763672,21.565248489379883,65015000
2023-06-05,21.75,21.75,20.65999984741211,20.969999313354492,20.53693199157715,35747700
2023-06-06,20.549999237060547,22.059999465942383,20.43000030517578,21.729999542236328,21.281234741210938,49445200
2023-06-07,22.149999618530273,23.100000381469727,21.489999771118164,21.639999389648438,21.193092346191406,65066100
2023-06-08,21.790000915527344,22.469999313354492,21.459999084472656,22.280000686645508,21.81987953186035,43045900
2023-06-09,23.030000686645508,23.489999771118164,22.09000015258789,22.399999618530273,21.937397003173828,50142100
2023-06-12,23.200000762939453,24.68000030517578,23.1299991607666,24.600000381469727,24.091968536376953,52761000
2023-06-13,25.790000915527344,26.079999923706055,24.719999313354492,25.559999465942383,25.03213882446289,82626800
2023-06-14,25.309999465942383,26.700000762939453,24.84000015258789,26.639999389648438,26.089834213256836,84622000
2023-06-15,25.75,26.56999969482422,25.420000076293945,25.950000762939453,25.414085388183594,64797200
2023-06-16,26.770000457763672,26.790000915527344,25.1299991607666,25.239999771118164,24.7187442779541,55392600
2023-06-20,24.860000610351562,25.549999237060547,23.979999542236328,24.649999618530273,24.140933990478516,43349100
2023-06-21,24.170000076293945,24.489999771118164,22.700000762939453,22.780000686645508,22.343994140625,59099400
2023-06-22,22.280000686645508,23.3799991607666,22.219999313354492,23.100000381469727,22.65787124633789,44637500
2023-06-23,21.950000762939453,22.280000686645508,21.520000457763672,21.889999389648438,21.471025466918945,44294000
2023-06-26,22.31999969482422,23.31999969482422,22.049999237060547,22.09000015258789,21.667203903198242,47524300
2023-06-27,22.290000915527344,24.489999771118164,22.010000228881836,24.3700008392334,23.903560638427734,54471000
2023-06-28,23.18000030517578,24.440000534057617,23.110000610351562,23.719999313354492,23.266002655029297,55584500
2023-06-29,24.110000610351562,24.110000610351562,23.170000076293945,23.809999465942383,23.354280471801758,45213700
2023-06-30,24.56999969482422,25.170000076293945,24.290000915527344,24.829999923706055,24.35475730895996,47598800
2023-07-03,25.260000228881836,25.75,24.68000030517578,25.489999771118164,25.002126693725586,25289900
2023-07-05,24.989999771118164,25.18000030517578,23.829999923706055,23.850000381469727,23.393516540527344,38292000
2023-07-06,22.600000381469727,23.049999237060547,22.040000915527344,22.979999542236328,22.54016876220703,49420400
2023-07-07,23.079999923706055,24.030000686645508,22.829999923706055,22.959999084472656,22.520549774169922,41284000
2023-07-10,23.15999984741211,24.440000534057617,23.079999923706055,24.31999969482422,23.854516983032227,39943500
2023-07-11,24.68000030517578,24.739999771118164,23.280000686645508,24.34000015258789,23.87413787841797,44231000
2023-07-12,25.440000534057617,25.850000381469727,25.0,25.690000534057617,25.19829750061035,54237000
2023-07-13,26.510000228881836,27.450000762939453,26.209999084472656,27.280000686645508,26.75786781311035,42645500
2023-07-14,27.34000015258789,28.030000686645508,25.899999618530273,26.229999542236328,25.727964401245117,47910200
2023-07-17,26.280000686645508,28.530000686645508,25.770000457763672,28.059999465942383,27.522937774658203,50068600
2023-07-18,27.75,28.549999237060547,27.09000015258789,28.260000228881836,27.71910858154297,45800100
2023-07-19,28.40999984741211,28.440000534057617,27.040000915527344,27.290000915527344,26.76767349243164,49085500
2023-07-20,25.790000915527344,26.059999465942383,23.8700008392334,24.290000915527344,23.825096130371094,67340600
2023-07-21,25.010000228881836,25.59000015258789,24.5,24.920000076293945,24.443035125732422,43146400
2023-07-24,24.90999984741211,25.440000534057617,24.510000228881836,24.899999618530273,24.423418045043945,29911500
2023-07-25,25.309999465942383,26.59000015258789,25.309999465942383,26.1299991607666,25.62987518310547,39288500
2023-07-26,25.200000762939453,25.729999542236328,24.209999084472656,25.059999465942383,24.58035659790039,54225500
2023-07-27,27.0,28.049999237060547,26.0,26.459999084472656,25.953563690185547,83083300
2023-07-28,27.989999771118164,28.440000534057617,27.149999618530273,28.149999618530273,27.611215591430664,60636000
2023-07-31,28.459999084472656,28.75,27.950000762939453,28.40999984741211,27.866239547729492,37007400
2023-08-01,27.809999465942383,28.719999313354492,27.440000534057617,28.530000686645508,27.983943939208984,36908400
2023-08-02,27.5,27.5,24.790000915527344,25.280000686645508,24.796144485473633,81886500
2023-08-03,24.290000915527344,25.600000381469727,24.06999969482422,25.149999618530273,24.66863441467285,51031600
2023-08-04,24.81999969482422,25.950000762939453,24.079999923706055,24.8799991607666,24.403799057006836,59250900
2023-08-07,25.459999084472656,25.780000686645508,24.979999542236328,25.65999984741211,25.168872833251953,40030800
2023-08-08,24.5,24.549999237060547,23.43000030517578,24.459999084472656,23.991840362548828,52987700
2023-08-09,24.399999618530273,24.440000534057617,22.950000762939453,23.09000015258789,22.648061752319336,49811500
2023-08-10,23.65999984741211,24.40999984741211,22.309999465942383,22.809999465942383,22.37342071533203,65350400
2023-08-11,21.93000030517578,22.0,21.010000228881836,21.139999389648438,20.73538589477539,66258400
2023-08-14,20.860000610351562,22.959999084472656,20.65999984741211,22.93000030517578,22.491127014160156,55110100
2023-08-15,22.6200008392334,22.81999969482422,21.700000762939453,21.799999237060547,21.38275146484375,45574800
2023-08-16,21.709999084472656,21.780000686645508,20.469999313354492,20.530000686645508,20.137062072753906,54398900
2023-08-17,20.6200008392334,20.75,19.709999084472656,19.90999984741211,19.5289249420166,50769000
2023-08-18,19.219999313354492,20.43000030517578,19.110000610351562,20.149999618530273,19.764331817626953,63687900
2023-08-21,20.510000228881836,22.030000686645508,20.389999389648438,21.8799991607666,21.461223602294922,60272400
2023-08-22,22.709999084472656,22.81999969482422,21.100000381469727,21.350000381469727,20.94136619567871,59640500
2023-08-23,20.950000762939453,22.889999389648438,20.899999618530273,22.600000381469727,22.16744041442871,67010200
2023-08-24,23.889999389648438,23.920000076293945,20.239999771118164,20.40999984741211,20.01935577392578,87095000
2023-08-25,20.34000015258789,21.170000076293945,19.399999618530273,20.65999984741211,20.264570236206055,73315300
2023-08-28,21.260000228881836,21.59000015258789,20.760000228881836,21.420000076293945,21.010025024414062,57976500
2023-08-29,21.09000015258789,23.309999465942383,20.969999313354492,23.06999969482422,22.628446578979492,62384100
2023-08-30,22.920000076293945,23.700000762939453,22.3700008392334,23.399999618530273,22.952133178710938,58519900
2023-08-31,23.170000076293945,24.280000686645508,23.139999389648438,23.860000610351562,23.403324127197266,57584100
2023-09-01,24.350000381469727,24.510000228881836,23.510000228881836,24.020000457763672,23.56026268005371,50183300
2023-09-05,23.75,24.579999923706055,23.3799991607666,24.020000457763672,23.56026268005371,39873800
2023-09-06,23.8700008392334,24.290000915527344,22.65999984741211,23.440000534057617,22.991363525390625,45032300
2023-09-07,21.860000610351562,22.049999237060547,21.0,21.8700008392334,21.451412200927734,61690800
2023-09-08,21.719999313354492,22.190000534057617,21.219999313354492,21.5,21.088491439819336,40693000
2023-09-11,22.239999771118164,22.309999465942383,20.59000015258789,21.450000762939453,21.039453506469727,55474600
2023-09-12,21.0,21.979999542236328,20.850000381469727,20.940000534057617,20.539216995239258,49005100
2023-09-13,20.8799991607666,21.8700008392334,20.790000915527344,21.229999542236328,20.82366371154785,56098900
2023-09-14,21.860000610351562,21.93000030517578,21.049999237060547,21.649999618530273,21.235620498657227,54201500
2023-09-15,21.239999771118164,21.270000457763672,19.450000762939453,19.790000915527344,19.411224365234375,77383000
2023-09-18,19.290000915527344,20.18000030517578,19.200000762939453,19.93000030517578,19.54854393005371,41631100
2023-09-19,19.760000228881836,19.809999465942383,19.079999923706055,19.43000030517578,19.0897216796875,50047300
2023-09-20,19.65999984741211,19.920000076293945,18.440000534057617,18.479999542236328,18.15635871887207,58695600
2023-09-21,17.760000228881836,18.1299991607666,17.389999389648438,17.420000076293945,17.114919662475586,68048000
2023-09-22,17.899999618530273,18.3700008392334,17.6299991607666,17.84000015258789,17.52756690979004,65378900
2023-09-25,17.610000610351562,18.280000686645508,17.34000015258789,18.219999313354492,17.900911331176758,56510100
2023-09-26,17.739999771118164,17.920000076293945,16.989999771118164,17.239999771118164,16.93807601928711,70947400
2023-09-27,17.639999389648438,18.079999923706055,16.889999389648438,17.68000030517578,17.37036895751953,80980900
2023-09-28,17.56999969482422,19.219999313354492,17.350000381469727,18.639999389648438,18.31355857849121,88909800
2023-09-29,19.43000030517578,19.65999984741211,18.65999984741211,18.8700008392334,18.539531707763672,75732800
2023-10-02,18.950000762939453,19.579999923706055,18.43000030517578,19.079999923706055,18.745853424072266,65982800
2023-10-03,18.600000381469727,19.389999389648438,17.530000686645508,17.889999389648438,17.576692581176758,77741000
2023-10-04,18.18000030517578,18.809999465942383,17.770000457763672,18.639999389648438,18.31355857849121,74018800
2023-10-05,18.579999923706055,18.8700008392334,17.81999969482422,18.399999618530273,18.077762603759766,63584100
2023-10-06,18.020000457763672,19.790000915527344,17.65999984741211,19.469999313354492,19.1290225982666,92805900
2023-10-09,18.920000076293945,19.530000686645508,18.450000762939453,19.3799991607666,19.040597915649414,62652500
2023-10-10,19.559999465942383,20.6200008392334,19.290000915527344,20.049999237060547,19.698863983154297,67622800
2023-10-11,20.309999465942383,20.68000030517578,19.81999969482422,20.510000228881836,20.150808334350586,62660000
2023-10-12,20.670000076293945,21.56999969482422,20.09000015258789,20.68000030517578,20.31783103942871,83392100
2023-10-13,20.799999237060547,20.889999389648438,18.850000381469727,18.979999542236328,18.647602081298828,88671200
2023-10-16,19.1299991607666,20.0,19.100000381469727,19.809999465942383,19.463069915771484,65688500
2023-10-17,18.6299991607666,19.760000228881836,17.90999984741211,19.299999237060547,18.96199607849121,90214600
2023-10-18,18.3700008392334,18.790000915527344,17.979999542236328,18.280000686645508,17.959863662719727,81406400
2023-10-19,18.760000228881836,18.93000030517578,17.229999542236328,17.43000030517578,17.1247501373291,115930900
2023-10-20,17.420000076293945,17.790000915527344,16.56999969482422,16.639999389648438,16.348583221435547,83690500
2023-10-23,16.350000381469727,17.260000228881836,15.829999923706055,16.389999389648438,16.102962493896484,89594500
2023-10-24,16.65999984741211,17.1299991607666,16.420000076293945,17.040000915527344,16.741580963134766,79093400
2023-10-25,16.3799991607666,16.520000457763672,14.710000038146973,14.970000267028809,14.707832336425781,107436500
2023-10-26,15.130000114440918,15.680000305175781,14.479999542236328,14.729999542236328,14.47203254699707,101804700
2023-10-27,15.300000190734863,15.569999694824219,14.930000305175781,15.100000381469727,14.835555076599121,91507300
2023-10-30,14.819999694824219,15.109999656677246,14.020000457763672,14.529999732971191,14.275537490844727,104353000
2023-10-31,14.539999961853027,15.029999732971191,14.010000228881836,14.899999618530273,14.639056205749512,75873100
2023-11-01,14.949999809265137,16.020000457763672,14.930000305175781,15.949999809265137,15.67066764831543,100044400
2023-11-02,16.899999618530273,17.40999984741211,16.3799991607666,17.079999923706055,16.780879974365234,89974100
2023-11-03,17.600000381469727,18.760000228881836,17.5,18.3799991607666,18.058109283447266,88065900
2023-11-06,18.450000762939453,18.639999389648438,17.729999542236328,18.25,17.930387496948242,52668800
2023-11-07,18.15999984741211,18.8799991607666,18.059999465942383,18.600000381469727,18.274259567260742,56719500
2023-11-08,18.65999984741211,18.959999084472656,18.280000686645508,18.670000076293945,18.343032836914062,50269100
2023-11-09,19.040000915527344,19.700000762939453,18.280000686645508,18.389999389648438,18.067935943603516,75784400
2023-11-10,19.059999465942383,20.780000686645508,18.829999923706055,20.600000381469727,20.239233016967773,95598900
2023-11-13,20.110000610351562,20.200000762939453,19.579999923706055,20.020000457763672,19.669391632080078,57461900
2023-11-14,21.510000228881836,22.389999389648438,21.3799991607666,22.139999389648438,21.752262115478516,94381100
2023-11-15,22.610000610351562,23.18000030517578,22.18000030517578,22.6299991607666,22.233680725097656,78026200
2023-11-16,22.3700008392334,22.90999984741211,22.139999389648438,22.719999313354492,22.322107315063477,61404400
2023-11-17,22.469999313354492,23.290000915527344,22.3700008392334,23.1299991607666,22.724925994873047,54090800
2023-11-20,23.09000015258789,24.420000076293945,23.049999237060547,24.18000030517578,23.75653839111328,56824400
2023-11-21,23.56999969482422,23.600000381469727,22.450000762939453,22.84000015258789,22.440000534057617,63297900
2023-11-22,23.229999542236328,24.1200008392334,22.81999969482422,23.0,22.597200393676758,64858200
2023-11-24,22.969999313354492,23.149999618530273,22.75,23.09000015258789,22.685625076293945,21933500
2023-11-27,22.790000915527344,23.540000915527344,22.600000381469727,22.969999313354492,22.567726135253906,40671500
2023-11-28,22.5,22.889999389648438,21.969999313354492,22.540000915527344,22.145259857177734,53548300
2023-11-29,23.459999084472656,24.299999237060547,23.139999389648438,23.219999313354492,22.81334686279297,69262600
2023-11-30,23.450000762939453,23.469999313354492,22.190000534057617,22.809999465942383,22.4105281829834,58913500
2023-12-01,22.3799991607666,23.200000762939453,21.84000015258789,23.06999969482422,22.665977478027344,54913400
2023-12-04,22.360000610351562,22.440000534057617,21.290000915527344,22.309999465942383,21.91928482055664,55773300
2023-12-05,21.68000030517578,22.09000015258789,21.34000015258789,21.93000030517578,21.545940399169922,51980900
2023-12-06,22.829999923706055,22.889999389648438,21.40999984741211,21.469999313354492,21.093996047973633,60117400
2023-12-07,22.020000457763672,23.399999618530273,21.81999969482422,23.18000030517578,22.7740478515625,77337000
2023-12-08,23.010000228881836,24.040000915527344,22.950000762939453,23.700000762939453,23.284940719604492,69286800
2023-12-11,24.389999389648438,26.3799991607666,24.309999465942383,26.110000610351562,25.65273666381836,80772700
2023-12-12,25.75,26.719999313354492,25.600000381469727,26.649999618530273,26.183277130126953,55752100
2023-12-13,26.700000762939453,28.399999618530273,26.420000076293945,27.920000076293945,27.4310359954834,80992700
2023-12-14,28.6200008392334,30.489999771118164,28.610000610351562,30.190000534057617,29.661285400390625,86502800
2023-12-15,30.459999084472656,31.59000015258789,30.350000381469727,30.56999969482422,30.03462791442871,66922000
2023-12-18,30.559999465942383,30.709999084472656,29.459999084472656,30.290000915527344,29.75953483581543,46100400
2023-12-19,30.329999923706055,30.979999542236328,30.290000915527344,30.75,30.211475372314453,39361100
2023-12-20,30.200000762939453,30.6200008392334,28.049999237060547,28.100000381469727,27.607885360717773,59562600
2023-12-21,29.75,30.40999984741211,29.350000381469727,30.260000228881836,29.79686164855957,62019200
2023-12-22,30.6200008392334,31.079999923706055,29.8799991607666,30.510000228881836,30.043033599853516,42657600
2023-12-26,30.93000030517578,32.529998779296875,30.90999984741211,32.15999984741211,31.66777801513672,48619700
2023-12-27,32.560001373291016,32.7400016784668,31.850000381469727,32.349998474121094,31.854877471923828,47991500
2023-12-28,32.59000015258789,32.779998779296875,32.04999923706055,32.220001220703125,31.726865768432617,34883800
2023-12-29,32.16999816894531,32.349998474121094,30.889999389648438,31.399999618530273,30.919414520263672,53294900
2024-01-02,29.889999389648438,29.899999618530273,27.260000228881836,28.040000915527344,27.610841751098633,79763800
2024-01-03,26.59000015258789,27.049999237060547,25.8799991607666,26.25,25.848236083984375,62304900
2024-01-04,24.959999084472656,26.329999923706055,24.799999237060547,25.579999923706055,25.188488006591797,75067000
2024-01-05,25.649999618530273,26.6200008392334,25.399999618530273,25.93000030517578,25.53313446044922,73944700
2024-01-08,26.489999771118164,28.670000076293945,26.43000030517578,28.43000030517578,27.994871139526367,73206500
2024-01-09,27.5,29.139999389648438,27.350000381469727,28.420000076293945,27.98501968383789,67616000
2024-01-10,28.639999389648438,28.68000030517578,27.09000015258789,28.170000076293945,27.738847732543945,62528400
2024-01-11,28.25,29.040000915527344,26.780000686645508,28.459999084472656,28.024410247802734,77551200
2024-01-12,28.579999923706055,28.979999542236328,27.610000610351562,28.100000381469727,27.669921875,48992100
2024-01-16,28.149999618530273,29.829999923706055,27.700000762939453,29.190000534057617,28.74323844909668,77707000
2024-01-17,28.3700008392334,28.549999237060547,26.959999084472656,28.43000030517578,27.994871139526367,77075400
2024-01-18,30.719999313354492,31.309999465942383,29.809999465942383,31.190000534057617,30.712627410888672,99590300
2024-01-19,32.41999816894531,34.9900016784668,31.899999618530273,34.86000061035156,34.32645797729492,91848600
2024-01-22,35.68000030517578,36.56999969482422,34.220001220703125,35.2599983215332,34.720333099365234,73322100
2024-01-23,35.22999954223633,36.0099983215332,34.220001220703125,35.91999816894531,35.37023162841797,50847400
2024-01-24,37.099998474121094,38.91999816894531,36.2599983215332,37.41999816894531,36.84727478027344,97248200
2024-01-25,39.5,39.529998779296875,36.52000045776367,37.119998931884766,36.5518684387207,82851400
2024-01-26,34.869998931884766,35.54999923706055,33.70000076293945,34.0099983215332,33.489463806152344,70933100
2024-01-29,34.22999954223633,35.130001068115234,33.5099983215332,35.040000915527344,34.503700256347656,54398800
2024-01-30,34.560001373291016,35.130001068115234,33.04999923706055,33.529998779296875,33.01681137084961,55768200
2024-01-31,31.920000076293945,33.869998931884766,31.139999389648438,32.099998474121094,31.60869789123535,85888800
2024-02-01,32.279998779296875,32.720001220703125,31.200000762939453,32.45000076293945,31.953346252441406,60671300
2024-02-02,32.349998474121094,33.91999816894531,32.16999816894531,33.650001525878906,33.13497543334961,67828900
2024-02-05,34.54999923706055,35.599998474121094,33.41999816894531,35.099998474121094,34.562782287597656,65899800
2024-02-06,35.369998931884766,35.47999954223633,32.65999984741211,33.83000183105469,33.312225341796875,62828900
2024-02-07,34.439998626708984,35.4900016784668,33.459999084472656,35.36000061035156,34.81880569458008,63261800
2024-02-08,35.7400016784668,37.95000076293945,35.63999938964844,37.150001525878906,36.58140563964844,59516900
2024-02-09,37.86000061035156,39.540000915527344,37.16999816894531,39.31999969482422,38.718196868896484,65860900
2024-02-12,39.40999984741211,41.33000183105469,38.650001525878906,39.150001525878906,38.55079650878906,72207900
2024-02-13,35.709999084472656,37.959999084472656,35.15999984741211,36.84000015258789,36.276153564453125,86489300
2024-02-14,38.13999938964844,39.27000045776367,37.61000061035156,39.119998931884766,38.52125549316406,62424100
2024-02-15,40.0,40.119998931884766,38.5,39.11000061035156,38.51140594482422,60937300
2024-02-16,39.84000015258789,40.779998779296875,37.970001220703125,38.33000183105469,37.743350982666016,77150800
2024-02-20,37.2400016784668,37.66999816894531,34.65999984741211,36.41999816894531,35.86258316040039,80980100
2024-02-21,35.11000061035156,36.150001525878906,34.58000183105469,36.13999938964844,35.58686447143555,64615200
2024-02-22,40.45000076293945,42.04999923706055,39.869998931884766,41.41999816894531,40.78605651855469,96865500
2024-02-23,42.13999938964844,42.68000030517578,39.40999984741211,40.16999816894531,39.55518341064453,68430000
2024-02-26,41.220001220703125,41.79999923706055,40.400001525878906,41.209999084472656,40.57926559448242,49475100
2024-02-27,41.810001373291016,42.15999984741211,40.779998779296875,41.11000061035156,40.48080062866211,48124600
2024-02-28,39.7400016784668,40.5,39.150001525878906,39.79999923706055,39.19084930419922,46281900
2024-02-29,41.209999084472656,43.130001068115234,40.77000045776367,42.84000015258789,42.184322357177734,67431600
2024-03-01,44.400001525878906,48.95000076293945,44.2400016784668,48.33000183105469,47.59029769897461,90615500
2024-03-04,50.0,51.40999984741211,49.0,49.77000045776367,49.00825119018555,81255500
2024-03-05,48.0099983215332,49.0,45.2599983215332,46.84000015258789,46.12310028076172,76835800
2024-03-06,49.77000045776367,51.849998474121094,48.720001220703125,50.220001220703125,49.45137023925781,91762300
2024-03-07,52.150001525878906,56.060001373291016,52.099998474121094,55.31999969482422,54.47330856323242,91590800
2024-03-08,55.939998626708984,56.9900016784668,48.79999923706055,48.95000076293945,48.2008056640625,129037200
2024-03-11,46.939998626708984,47.790000915527344,45.099998474121094,46.77000045776367,46.054168701171875,76456400
2024-03-12,48.439998626708984,49.689998626708984,46.0,49.58000183105469,48.8211669921875,89505900
2024-03-13,47.900001525878906,48.040000915527344,45.09000015258789,46.08000183105469,45.374732971191406,79513600
2024-03-14,45.5,46.34000015258789,42.18000030517578,43.529998779296875,42.8637580871582,77822900
2024-03-15,41.810001373291016,44.13999938964844,41.619998931884766,42.7400016784668,42.085853576660156,72496500
2024-03-18,44.70000076293945,45.2599983215332,42.33000183105469,42.540000915527344,41.888916015625,65139200
2024-03-19,40.709999084472656,41.95000076293945,38.95000076293945,41.41999816894531,40.819637298583984,83450200
2024-03-20,41.59000015258789,43.79999923706055,40.619998931884766,43.400001525878906,42.77094268798828,79396800
2024-03-21,47.619998931884766,48.7599983215332,46.060001373291016,46.310001373291016,45.638763427734375,82495700
2024-03-22,45.68000030517578,47.5,45.25,46.43000030517578,45.757022857666016,57152800
2024-03-25,44.5,47.18000030517578,44.13999938964844,45.88999938964844,45.224849700927734,54917700
2024-03-26,46.81999969482422,47.369998931884766,44.880001068115234,45.029998779296875,44.377315521240234,55697600
2024-03-27,46.22999954223633,46.540000915527344,43.90999984741211,46.5,45.82600784301758,56643600
2024-03-28,46.310001373291016,47.29999923706055,46.0099983215332,46.529998779296875,45.85557174682617,45684700
2024-04-01,46.72999954223633,49.9900016784668,46.720001220703125,47.9900016784668,47.29441833496094,63270000
2024-04-02,45.83000183105469,46.15999984741211,44.380001068115234,45.880001068115234,45.21499252319336,57411500
2024-04-03,44.290000915527344,47.18000030517578,44.209999084472656,46.189998626708984,45.5204963684082,54158200
2024-04-04,48.130001068115234,48.4900016784668,41.97999954223633,42.369998931884766,41.75586700439453,82719300
2024-04-05,42.70000076293945,44.529998779296875,41.939998626708984,43.619998931884766,42.98774337768555,71151400
2024-04-08,44.5,45.189998626708984,43.5,44.0,43.362239837646484,42780900
2024-04-09,45.369998931884766,45.849998474121094,43.16999816894531,45.38999938964844,44.73209762573242,66283900
2024-04-10,43.11000061035156,44.77000045776367,42.189998626708984,43.09000015258789,42.46543502807617,74894000
2024-04-11,43.709999084472656,46.04999923706055,42.65999984741211,45.79999923706055,45.13615036010742,64703800
2024-04-12,43.31999969482422,43.54999923706055,41.029998779296875,41.5099983215332,40.90833282470703,79978400
2024-04-15,42.9900016784668,43.400001525878906,39.099998474121094,39.779998779296875,39.20341110229492,62077800
2024-04-16,39.75,41.16999816894531,39.209999084472656,40.540000915527344,39.952396392822266,62696200
2024-04-17,40.599998474121094,40.849998474121094,36.63999938964844,37.060001373291016,36.5228385925293,85426600
2024-04-18,36.040000915527344,36.79999923706055,34.529998779296875,34.90999984741211,34.40399932861328,91529700
2024-04-19,33.959999084472656,34.58000183105469,30.200000762939453,30.790000915527344,30.34371566772461,105240100
2024-04-22,31.579999923706055,32.849998474121094,30.5,32.06999969482422,31.605159759521484,65096900
2024-04-23,32.81999969482422,34.65999984741211,32.59000015258789,34.11000061035156,33.61559295654297,66511500
2024-04-24,36.90999984741211,37.47999954223633,34.599998474121094,35.4900016784668,34.97559356689453,80370100
2024-04-25,35.279998779296875,38.18000030517578,34.63999938964844,37.40999984741211,36.867767333984375,80677600
2024-04-26,37.31999969482422,40.290000915527344,37.0099983215332,39.79999923706055,39.223121643066406,59041700
2024-04-29,39.599998474121094,40.83000183105469,38.709999084472656,40.61000061035156,40.02137756347656,51120700
2024-04-30,40.08000183105469,41.4900016784668,38.119998931884766,38.18000030517578,37.6265983581543,56304200
2024-05-01,36.08000183105469,38.060001373291016,33.650001525878906,34.369998931884766,33.871826171875,97290300
2024-05-02,35.97999954223633,36.90999984741211,34.119998931884766,36.45000076293945,35.92167663574219,56653400
2024-05-03,38.75,39.58000183105469,38.099998474121094,38.970001220703125,38.4051513671875,58599400
2024-05-06,39.970001220703125,41.380001068115234,39.47999954223633,41.29999923706055,40.701377868652344,48404800
2024-05-07,41.529998779296875,41.90999984741211,40.279998779296875,40.36000061035156,39.77500534057617,51508400
2024-05-08,39.060001373291016,40.5,38.959999084472656,40.40999984741211,39.824283599853516,53735100
2024-05-09,40.400001525878906,40.619998931884766,39.310001373291016,39.959999084472656,39.38079833984375,39132700
2024-05-10,41.150001525878906,42.2400016784668,40.52000045776367,41.029998779296875,40.4352912902832,47048400
2024-05-13,41.599998474121094,42.06999969482422,41.08000183105469,41.27000045776367,40.67181396484375,30565400
2024-05-14,41.18000030517578,43.439998626708984,41.04999923706055,43.209999084472656,42.58369445800781,41581500
2024-05-15,44.66999816894531,47.06999969482422,43.9900016784668,47.0,46.318763732910156,58063500
2024-05-16,46.959999084472656,48.029998779296875,46.209999084472656,46.2599983215332,45.5894889831543,46325500
2024-05-17,47.02000045776367,47.380001068115234,44.33000183105469,45.400001525878906,44.7419548034668,40965800
2024-05-20,45.959999084472656,49.29999923706055,45.810001373291016,48.25,47.55064392089844,55103200
2024-05-21,46.54999923706055,48.189998626708984,46.40999984741211,47.97999954223633,47.28455352783203,36437200
2024-05-22,49.25,50.0,48.099998474121094,49.380001068115234,48.664268493652344,55487800
2024-05-23,53.150001525878906,53.20000076293945,47.54999923706055,48.810001373291016,48.1025276184082,81175900
2024-05-24,50.02000045776367,52.06999969482422,49.349998474121094,51.439998626708984,50.69440460205078,48477400
2024-05-28,53.34000015258789,54.88999938964844,51.75,54.040000915527344,53.25672149658203,50658400
2024-05-29,51.150001525878906,51.91999816894531,50.650001525878906,50.97999954223633,50.24107360839844,42965600
2024-05-30,50.84000015258789,51.34000015258789,48.97999954223633,50.0,49.27527618408203,38260500
2024-05-31,50.29999923706055,50.720001220703125,44.380001068115234,48.59000015258789,47.88571548461914,72522600
2024-06-03,50.810001373291016,50.93000030517578,46.119998931884766,48.59000015258789,47.88571548461914,53127300
2024-06-04,48.459999084472656,48.650001525878906,46.43000030517578,47.59000015258789,46.90020751953125,46692500
2024-06-05,50.029998779296875,53.869998931884766,49.56999969482422,53.52000045776367,52.744258880615234,66560100
2024-06-06,53.790000915527344,53.790000915527344,51.22999954223633,52.5099983215332,51.7489013671875,43947600
2024-06-07,52.22999954223633,52.900001525878906,50.810001373291016,51.869998931884766,51.11817169189453,50248700
2024-06-10,50.52000045776367,54.58000183105469,50.41999816894531,53.95000076293945,53.16802215576172,43759400
2024-06-11,53.380001068115234,54.47999954223633,51.70000076293945,54.16999816894531,53.38483428955078,37695700
2024-06-12,57.25,59.45000076293945,56.810001373291016,58.720001220703125,57.86888885498047,73759300
2024-06-13,60.06999969482422,61.4900016784668,58.29999923706055,60.86000061035156,59.977867126464844,45660700
2024-06-14,58.95000076293945,60.54999923706055,58.349998474121094,60.099998474121094,59.2288818359375,39112000
2024-06-17,61.0,63.150001525878906,58.95000076293945,62.66999816894531,61.76163864135742,54196500
2024-06-18,63.41999816894531,66.19000244140625,63.099998474121094,65.23999786376953,64.29436492919922,47069100
2024-06-20,65.5199966430664,65.83000183105469,58.790000915527344,60.02000045776367,59.15003967285156,60852900
2024-06-21,58.41999816894531,60.18000030517578,56.029998779296875,58.20000076293945,57.35642623901367,50012300
2024-06-24,56.45000076293945,57.4900016784668,53.029998779296875,53.220001220703125,52.4486083984375,54326400
2024-06-25,54.22999954223633,55.45000076293945,52.349998474121094,55.29999923706055,54.651458740234375,43610200
2024-06-26,55.15999984741211,56.220001220703125,52.849998474121094,54.779998779296875,54.1375617980957,41093400
2024-06-27,54.33000183105469,55.58000183105469,52.81999969482422,53.79999923706055,53.16905975341797,35417000
2024-06-28,54.869998931884766,58.58000183105469,54.09000015258789,55.36000061035156,54.710758209228516,55584600
2024-07-01,55.36000061035156,55.54999923706055,52.25,55.36000061035156,54.710758209228516,43335000
2024-07-02,54.36000061035156,57.75,54.279998779296875,57.599998474121094,56.924495697021484,45011700
2024-07-03,58.099998474121094,61.52000045776367,57.18000030517578,60.38999938964844,59.6817626953125,40242700
2024-07-05,61.86000061035156,62.380001068115234,59.790000915527344,60.810001373291016,60.09684753417969,38395400
2024-07-08,62.2599983215332,64.5,62.20000076293945,64.30999755859375,63.555789947509766,42861600
2024-07-09,65.12999725341797,66.1500015258789,62.41999816894531,64.25,63.49650573730469,41789800
2024-07-10,65.88999938964844,69.0,65.01000213623047,68.58999633789062,67.78559112548828,48280800
2024-07-11,70.01000213623047,70.08000183105469,61.220001220703125,61.9900016784668,61.26300811767578,75368500
2024-07-12,62.84000015258789,67.30000305175781,61.650001525878906,63.939998626708984,63.19013595581055,51046400
2024-07-15,64.94000244140625,66.76000213623047,63.04999923706055,64.13999938964844,63.387786865234375,48228700
2024-07-16,65.0199966430664,65.58999633789062,62.22999954223633,65.30000305175781,64.53418731689453,39846400
2024-07-17,58.599998474121094,59.29999923706055,51.220001220703125,51.54999923706055,50.945438385009766,99429800
2024-07-18,54.15999984741211,54.16999816894531,49.119998931884766,51.65999984741211,51.05415725708008,94172600
2024-07-19,51.779998779296875,52.369998931884766,46.75,47.0,46.44880676269531,75969100
2024-07-22,50.04999923706055,52.95000076293945,48.810001373291016,52.93000030517578,52.309261322021484,73675300
2024-07-23,50.5,52.06999969482422,50.0,50.529998779296875,49.93740463256836,50181600
2024-07-24,48.43000030517578,48.790000915527344,42.25,42.900001525878906,42.396888732910156,90534800
2024-07-25,41.5099983215332,43.70000076293945,37.38999938964844,39.779998779296875,39.313472747802734,143325900
2024-07-26,42.2400016784668,43.0,40.709999084472656,41.91999816894531,41.428375244140625,82759200
2024-07-29,43.369998931884766,45.0,41.2599983215332,41.810001373291016,41.31967544555664,80788400
2024-07-30,42.380001068115234,42.66999816894531,36.779998779296875,37.2400016784668,36.80326461791992,108596000
2024-07-31,42.29999923706055,44.7599983215332,41.41999816894531,44.38999938964844,43.869407653808594,96880500
2024-08-01,42.04999923706055,43.41999816894531,33.41999816894531,35.0,34.58953094482422,163864400
2024-08-02,30.559999465942383,31.59000015258789,28.139999389648438,29.34000015258789,28.995912551879883,198233900
2024-08-05,23.520000457763672,30.149999618530273,23.5,27.889999389648438,27.562917709350586,220042200
2024-08-06,28.600000381469727,30.799999237060547,27.170000076293945,28.579999923706055,28.244827270507812,137309500
2024-08-07,31.31999969482422,31.940000534057617,25.940000534057617,26.219999313354492,25.91250228881836,146256500
2024-08-08,28.56999969482422,31.600000381469727,26.8700008392334,31.459999084472656,31.091047286987305,149988600
2024-08-09,30.709999084472656,31.790000915527344,29.579999923706055,31.010000228881836,30.64632797241211,96949800
2024-08-12,31.110000610351562,32.59000015258789,30.229999542236328,31.40999984741211,31.041635513305664,89135100
2024-08-13,32.65999984741211,35.43000030517578,32.189998626708984,35.279998779296875,34.86625289916992,103380000
2024-08-14,36.18000030517578,36.63999938964844,33.27000045776367,35.04999923706055,34.63895034790039,112421600
2024-08-15,37.349998474121094,40.470001220703125,36.86000061035156,39.91999816894531,39.45183563232422,107522700
2024-08-16,38.790000915527344,40.22999954223633,38.06999969482422,39.72999954223633,39.26405715942383,82364600
2024-08-19,39.279998779296875,41.75,37.88999938964844,41.599998474121094,41.11212921142578,77684200
2024-08-20,41.04999923706055,41.91999816894531,39.099998474121094,40.09000015258789,39.61983871459961,83644600
2024-08-21,40.75,42.36000061035156,40.33000183105469,41.72999954223633,41.24060821533203,83611500
2024-08-22,42.5099983215332,42.880001068115234,37.11000061035156,37.5099983215332,37.07009506225586,107889900
2024-08-23,39.15999984741211,41.209999084472656,38.59000015258789,40.400001525878906,39.92620849609375,87128100
2024-08-26,39.75,40.290000915527344,36.90999984741211,37.369998931884766,36.931739807128906,86603000
2024-08-27,36.5099983215332,38.970001220703125,35.52000045776367,38.4900016784668,38.03860855102539,74033300
2024-08-28,38.09000015258789,38.86000061035156,35.290000915527344,36.599998474121094,36.17076873779297,101998500
2024-08-29,37.060001373291016,38.93000030517578,35.630001068115234,36.189998626708984,35.76557540893555,97333200
2024-08-30,38.68000030517578,39.220001220703125,37.060001373291016,38.790000915527344,38.33509063720703,85280800
2024-09-03,36.79999923706055,36.810001373291016,29.399999618530273,30.06999969482422,29.717350006103516,140077900
2024-09-04,29.06999969482422,31.690000534057617,28.729999542236328,30.299999237060547,29.944652557373047,108759900
2024-09-05,29.049999237060547,31.200000762939453,28.829999923706055,29.75,29.401103973388672,100075900
2024-09-06,29.110000610351562,29.170000076293945,25.5,25.959999084472656,25.655546188354492,156147600
2024-09-09,27.18000030517578,27.729999542236328,26.149999618530273,27.43000030517578,27.108312606811523,84474500
2024-09-10,27.540000915527344,28.389999389648438,26.239999771118164,28.350000381469727,28.01752281188965,81557500
2024-09-11,28.889999389648438,32.41999816894531,27.079999923706055,32.220001220703125,31.84213638305664,143140900
2024-09-12,31.75,32.689998626708984,30.350000381469727,31.809999465942383,31.43694496154785,98895800
2024-09-13,32.52000045776367,33.720001220703125,32.36000061035156,33.43000030517578,33.03794860839844,78147300
2024-09-16,32.029998779296875,32.63999938964844,30.84000015258789,32.15999984741211,31.782840728759766,79670100
2024-09-17,33.310001373291016,33.560001373291016,31.360000610351562,32.15999984741211,31.782840728759766,86913700
2024-09-18,32.540000915527344,34.0,31.049999237060547,31.139999389648438,30.77480125427246,113735500
2024-09-19,34.68000030517578,36.439998626708984,33.880001068115234,35.119998931884766,34.708126068115234,123984300
2024-09-20,34.04999923706055,34.400001525878906,32.040000915527344,33.54999923706055,33.15653991699219,108589600
2024-09-23,33.970001220703125,34.380001068115234,33.189998626708984,33.91999816894531,33.522193908691406,59731600
2024-09-24,34.84000015258789,35.70000076293945,33.58000183105469,35.06999969482422,34.72012710571289,83369600
2024-09-25,34.709999084472656,36.459999084472656,34.650001525878906,35.7400016784668,35.383445739746094,73587500
2024-09-26,40.20000076293945,40.5099983215332,36.709999084472656,39.650001525878906,39.25444030761719,138171800
2024-09-27,40.0,40.0099983215332,37.099998474121094,37.65999984741211,37.28429412841797,85253500
2024-09-30,36.25,37.40999984741211,35.04999923706055,36.68000030517578,36.31406784057617,74316700
2024-10-01,36.59000015258789,36.9900016784668,32.7400016784668,33.83000183105469,33.492496490478516,124928300
2024-10-02,33.849998474121094,36.04999923706055,33.15999984741211,34.959999084472656,34.611228942871094,81729100
2024-10-03,34.06999969482422,36.61000061035156,33.97999954223633,35.209999084472656,34.85873031616211,86857200
2024-10-04,37.310001373291016,37.529998779296875,35.45000076293945,36.68000030517578,36.31406784057617,100846900
2024-10-07,35.91999816894531,37.2400016784668,35.56999969482422,36.40999984741211,36.046756744384766,73150200
2024-10-08,36.41999816894531,37.83000183105469,35.65999984741211,37.459999084472656,37.08628463745117,66629700
2024-10-09,37.290000915527344,38.7599983215332,36.529998779296875,38.61000061035156,38.22481155395508,67182800
2024-10-10,37.099998474121094,38.41999816894531,36.36000061035156,37.83000183105469,37.452598571777344,79999000
2024-10-11,36.93000030517578,39.04999923706055,36.86000061035156,38.66999816894531,38.284210205078125,58434500
2024-10-14,39.439998626708984,41.060001373291016,39.349998474121094,40.81999969482422,40.41276550292969,69661800
2024-10-15,40.4900016784668,41.189998626708984,33.63999938964844,34.470001220703125,34.12611389160156,131664200
2024-10-16,35.75,35.75,34.0,34.459999084472656,34.1162109375,70233000
2024-10-17,37.16999816894531,37.36000061035156,35.209999084472656,35.209999084472656,34.85873031616211,97549000
2024-10-18,36.25,36.33000183105469,34.849998474121094,35.27000045776367,34.91813659667969,56704300
2024-10-21,34.84000015258789,35.380001068115234,33.72999954223633,35.09000015258789,34.739933013916016,59115800
2024-10-22,34.400001525878906,35.029998779296875,33.849998474121094,34.689998626708984,34.34391784667969,51493100
2024-10-23,34.40999984741211,34.880001068115234,32.290000915527344,33.79999923706055,33.462799072265625,81658300
2024-10-24,34.58000183105469,34.7400016784668,33.529998779296875,34.290000915527344,33.947906494140625,60128300
2024-10-25,35.189998626708984,36.869998931884766,35.16999816894531,35.279998779296875,34.928035736083984,82300500
2024-10-28,35.29999923706055,36.09000015258789,34.75,35.349998474121094,34.99733352661133,51661100
2024-10-29,35.459999084472656,38.45000076293945,34.939998626708984,37.97999954223633,37.60109329223633,72288200
2024-10-30,34.970001220703125,35.70000076293945,33.90999984741211,34.0099983215332,33.67070388793945,89440100
2024-10-31,33.0099983215332,33.02000045776367,29.229999542236328,30.09000015258789,29.789812088012695,135437800
2024-11-01,30.690000534057617,31.829999923706055,30.3799991607666,30.829999923706055,30.522428512573242,80726000
2024-11-04,30.610000610351562,31.670000076293945,30.010000228881836,30.350000381469727,30.047218322753906,60422400
2024-11-05,30.360000610351562,31.489999771118164,30.25,31.3799991607666,31.066938400268555,63174900
2024-11-06,33.25,34.5,32.400001525878906,34.119998931884766,33.77960205078125,97893100
2024-11-07,35.77000045776367,36.369998931884766,35.439998626708984,36.209999084472656,35.848751068115234,77945800
2024-11-08,35.560001373291016,36.279998779296875,34.84000015258789,35.40999984741211,35.05673599243164,62666300
2024-11-11,34.349998474121094,34.40999984741211,31.479999542236328,32.77000045776367,32.44307327270508,99155700
2024-11-12,32.369998931884766,32.54999923706055,30.3799991607666,31.670000076293945,31.354045867919922,75694800
2024-11-13,30.829999923706055,31.219999313354492,29.469999313354492,29.690000534057617,29.393800735473633,92269200
2024-11-14,30.59000015258789,30.84000015258789,29.3799991607666,29.600000381469727,29.30470085144043,68994200
2024-11-15,28.010000228881836,28.489999771118164,26.43000030517578,26.65999984741211,26.39402961730957,113560200
2024-11-18,26.700000762939453,27.829999923706055,26.299999237060547,27.670000076293945,27.39395523071289,70256700
2024-11-19,27.3700008392334,28.030000686645508,27.09000015258789,27.850000381469727,27.57215690612793,57030600
2024-11-20,27.34000015258789,27.559999465942383,26.0,27.1299991607666,26.859342575073242,90911700
2024-11-21,28.049999237060547,28.920000076293945,26.469999313354492,28.489999771118164,28.205772399902344,106013200
2024-11-22,28.25,28.690000534057617,27.84000015258789,28.489999771118164,28.205772399902344,52604100
2024-11-25,29.579999923706055,30.100000381469727,28.739999771118164,29.329999923706055,29.037391662597656,70536000
2024-11-26,30.040000915527344,30.25,27.459999084472656,28.1299991607666,27.849363327026367,73204200
2024-11-27,27.68000030517578,27.75,25.579999923706055,26.979999542236328,26.71083641052246,84235700
2024-11-29,27.549999237060547,29.040000915527344,27.5,28.059999465942383,27.780061721801758,54303400
2024-12-02,28.559999465942383,30.799999237060547,28.459999084472656,30.200000762939453,29.898714065551758,89389800
2024-12-03,29.579999923706055,30.280000686645508,29.399999618530273,29.729999542236328,29.43340301513672,59730300
2024-12-04,31.540000915527344,31.559999465942383,30.239999771118164,30.8799991607666,30.57192611694336,67498800
2024-12-05,30.75,30.8700008392334,28.8799991607666,29.1200008392334,28.829490661621094,59282100
2024-12-06,29.200000762939453,29.860000610351562,28.899999618530273,29.610000610351562,29.314599990844727,49152300
2024-12-09,29.06999969482422,30.31999969482422,28.610000610351562,29.229999542236328,28.938390731811523,54963000
2024-12-10,29.43000030517578,29.530000686645508,26.559999465942383,27.059999465942383,26.7900390625,77681700
2024-12-11,28.329999923706055,29.6299991607666,27.790000915527344,29.1200008392334,28.829490661621094,77277400
2024-12-12,28.450000762939453,28.829999923706055,27.739999771118164,28.459999084472656,28.176071166992188,59937600
2024-12-13,30.3700008392334,31.309999465942383,29.489999771118164,30.700000762939453,30.393728256225586,103693900
2024-12-16,31.1200008392334,32.95000076293945,30.389999389648438,32.5099983215332,32.1856689453125,85469700
2024-12-17,31.579999923706055,32.09000015258789,30.549999237060547,31.1299991607666,30.819435119628906,64499000
2024-12-18,31.780000686645508,32.47999954223633,27.0,27.829999923706055,27.552356719970703,102912200
2024-12-19,27.969999313354492,28.010000228881836,26.059999465942383,26.299999237060547,26.037622451782227,86520100
2024-12-20,25.81999969482422,28.3700008392334,25.59000015258789,27.299999237060547,27.027645111083984,108080200
2024-12-23,27.889999389648438,29.760000228881836,27.860000610351562,29.59000015258789,29.377656936645508,79330900
2024-12-24,30.260000228881836,30.56999969482422,29.65999984741211,30.479999542236328,30.26127052307129,39963700
2024-12-26,29.899999618530273,31.100000381469727,29.760000228881836,30.56999969482422,30.350624084472656,45184100
2024-12-27,29.979999542236328,30.18000030517578,28.59000015258789,29.690000534057617,29.47694206237793,59316300
2024-12-30,28.239999771118164,28.780000686645508,27.31999969482422,27.940000534057617,27.739500045776367,64859000
2024-12-31,28.200000762939453,28.56999969482422,26.93000030517578,27.309999465942383,27.114017486572266,61199500
2025-01-02,28.1299991607666,29.049999237060547,27.040000915527344,27.670000076293945,27.471435546875,80996300
2025-01-03,28.31999969482422,30.1200008392334,28.15999984741211,29.81999969482422,29.606006622314453,72119600
2025-01-06,31.809999465942383,33.630001068115234,31.809999465942383,32.4900016784668,32.25685119628906,95159500
2025-01-07,33.56999969482422,33.72999954223633,30.600000381469727,31.149999618530273,30.926462173461914,79205700
2025-01-08,30.799999237060547,31.010000228881836,29.18000030517578,30.18000030517578,29.96342658996582,69523500
2025-01-10,29.059999465942383,29.09000015258789,27.440000534057617,28.059999465942383,27.8586368560791,85395000
2025-01-13,26.440000534057617,27.8700008392334,26.25,27.850000381469727,27.650146484375,68286400
2025-01-14,28.469999313354492,28.959999084472656,27.18000030517578,28.1200008392334,27.9182071685791,79759400
2025-01-15,29.649999618530273,30.459999084472656,29.299999237060547,29.940000534057617,29.725147247314453,69461300
2025-01-16,31.459999084472656,31.719999313354492,29.989999771118164,29.989999771118164,29.77478790283203,78881100
2025-01-17,32.029998779296875,32.709999084472656,31.479999542236328,32.4900016784668,32.25685119628906,69688900
2025-01-21,33.33000183105469,34.529998779296875,32.5,33.689998626708984,33.44823455810547,60897500
2025-01-22,34.689998626708984,36.150001525878906,34.40999984741211,35.150001525878906,34.89775848388672,57709400
2025-01-23,33.439998626708984,34.91999816894531,33.0099983215332,34.91999816894531,34.669410705566406,44900600
2025-01-24,34.939998626708984,34.939998626708984,32.310001373291016,32.650001525878906,32.41570281982422,60111500
2025-01-27,27.65999984741211,28.079999923706055,23.84000015258789,25.059999465942383,24.88016700744629,198431800
2025-01-28,25.440000534057617,25.799999237060547,23.75,25.3700008392334,25.187944412231445,103185300
2025-01-29,26.110000610351562,26.299999237060547,24.850000381469727,25.68000030517578,25.495718002319336,94141700
2025-01-30,26.579999923706055,27.670000076293945,26.139999389648438,27.149999618530273,26.955169677734375,87140400
2025-01-31,27.6299991607666,29.25,26.700000762939453,27.020000457763672,26.826101303100586,102136600
2025-02-03,24.799999237060547,26.489999771118164,24.309999465942383,25.610000610351562,25.426219940185547,103914300
2025-02-04,25.34000015258789,26.600000381469727,25.200000762939453,26.25,26.06162452697754,60520500
2025-02-05,26.09000015258789,27.950000762939453,25.540000915527344,27.700000762939453,27.501222610473633,70330700
2025-02-06,27.170000076293945,27.799999237060547,26.719999313354492,27.690000534057617,27.49129295349121,59735100
2025-02-07,27.8700008392334,28.280000686645508,25.799999237060547,26.329999923706055,26.14105224609375,87930800
2025-02-10,26.920000076293945,27.549999237060547,26.899999618530273,27.350000381469727,27.15373420715332,53330500
2025-02-11,26.68000030517578,27.899999618530273,26.68000030517578,27.399999618530273,27.2033748626709,43880500
2025-02-12,26.18000030517578,27.540000915527344,25.950000762939453,27.540000915527344,27.342370986938477,57999300
2025-02-13,27.489999771118164,28.549999237060547,27.399999618530273,28.469999313354492,28.265695571899414,61026300
2025-02-14,28.489999771118164,28.81999969482422,28.110000610351562,28.549999237060547,28.345121383666992,43089600
2025-02-18,29.200000762939453,30.229999542236328,28.709999084472656,29.989999771118164,29.77478790283203,60222200
2025-02-19,30.190000534057617,31.889999389648438,29.760000228881836,31.469999313354492,31.24416732788086,58412700
2025-02-20,32.060001373291016,32.63999938964844,30.700000762939453,31.700000762939453,31.472518920898438,50903200
2025-02-21,31.90999984741211,31.959999084472656,28.399999618530273,28.809999465942383,28.603256225585938,61966500
2025-02-24,29.15999984741211,29.260000228881836,26.65999984741211,26.760000228881836,26.567968368530273,63724100
2025-02-25,26.65999984741211,26.920000076293945,24.81999969482422,25.06999969482422,24.890092849731445,90907500
2025-02-26,25.989999771118164,27.0,25.520000457763672,26.290000915527344,26.101341247558594,75869500
2025-02-27,26.780000686645508,26.899999618530273,21.729999542236328,21.75,21.59391975402832,144841600
2025-02-28,21.799999237060547,23.219999313354492,21.020000457763672,22.729999542236328,22.56688690185547,110939400
2025-03-03,23.719999313354492,23.729999542236328,19.709999084472656,20.510000228881836,20.362817764282227,141822100
2025-03-04,20.280000686645508,22.260000228881836,19.0,20.649999618530273,20.501811981201172,154119800
2025-03-05,21.25,22.15999984741211,20.1200008392334,21.950000762939453,21.792484283447266,117702400
2025-03-06,19.709999084472656,21.020000457763672,19.010000228881836,19.229999542236328,19.092004776000977,164277600
2025-03-07,19.5,21.09000015258789,18.75,20.8799991607666,20.730161666870117,139349200
2025-03-10,19.34000015258789,19.799999237060547,17.100000381469727,17.989999771118164,17.86090087890625,169215200
2025-03-11,18.049999237060547,18.5,16.510000228881836,17.40999984741211,17.285064697265625,161267000
2025-03-12,18.540000915527344,19.110000610351562,17.899999618530273,18.299999237060547,18.168676376342773,137654500
2025-03-13,18.3799991607666,19.270000457763672,17.579999923706055,18.09000015258789,17.96018409729004,117160200
2025-03-14,19.059999465942383,19.93000030517578,18.989999771118164,19.799999237060547,19.657909393310547,99718700
2025-03-17,19.510000228881836,21.280000686645508,19.5,20.790000915527344,20.640810012817383,82794200
2025-03-18,20.190000534057617,20.399999618530273,19.520000457763672,19.93000030517578,19.78697967529297,79140900
2025-03-19,19.889999389648438,21.3700008392334,19.459999084472656,20.3799991607666,20.233749389648438,83249700
2025-03-20,19.610000610351562,20.56999969482422,19.59000015258789,19.93000030517578,19.78697967529297,80380600
2025-03-21,18.81999969482422,19.489999771118164,18.3700008392334,19.280000686645508,19.141645431518555,84348300
2025-03-24,20.479999542236328,21.3700008392334,20.3700008392334,21.0,20.849302291870117,91671300
2025-03-25,20.829999923706055,21.020000457763672,20.350000381469727,20.549999237060547,20.46587562561035,57784400
2025-03-26,20.299999237060547,20.510000228881836,18.200000762939453,18.790000915527344,18.713083267211914,94328400
2025-03-27,18.170000076293945,18.40999984741211,17.360000610351562,17.760000228881836,17.687297821044922,103112800
2025-03-28,17.329999923706055,17.59000015258789,15.739999771118164,16.030000686645508,15.964380264282227,138232400
2025-03-31,15.069999694824219,15.979999542236328,14.399999618530273,15.949999809265137,15.8847074508667,111345600
2025-04-01,15.729999542236328,15.989999771118164,14.829999923706055,15.949999809265137,15.8847074508667,106085000
2025-04-02,15.1899995803833,16.889999389648438,15.029999732971191,16.260000228881836,16.193437576293945,141655200
2025-04-03,13.8100004196167,14.119999885559082,11.399999618530273,11.40999984741211,11.363292694091797,302517400
2025-04-04,10.050000190734863,10.430000305175781,8.180000305175781,8.729999542236328,8.694263458251953,499158100
2025-04-07,7.880000114440918,10.979999542236328,7.230000019073486,9.149999618530273,9.112543106079102,723467300
2025-04-08,10.40999984741211,10.84000015258789,7.599999904632568,8.25,8.216227531433105,488735500
2025-04-09,8.479999542236328,13.109999656677246,8.239999771118164,12.770000457763672,12.717724800109863,787748800
2025-04-10,10.920000076293945,11.140000343322754,8.350000381469727,9.630000114440918,9.590578079223633,686331800
2025-04-11,9.350000381469727,10.390000343322754,8.90999984741211,10.229999542236328,10.188122749328613,412972900
2025-04-14,11.149999618530273,11.15999984741211,9.970000267028809,10.470000267028809,10.427140235900879,358849500
2025-04-15,10.600000381469727,11.020000457763672,10.40999984741211,10.600000381469727,10.556608200073242,230001400
2025-04-16,9.130000114440918,9.75,8.329999923706055,9.34000015258789,9.301765441894531,362439300
2025-04-17,9.550000190734863,9.550000190734863,8.899999618530273,9.199999809265137,9.162339210510254,233659100
2025-04-21,8.670000076293945,8.739999771118164,8.149999618530273,8.710000038146973,8.674345016479492,255318100
2025-04-22,8.960000038146973,9.399999618530273,8.850000381469727,9.180000305175781,9.142420768737793,249211900
2025-04-23,10.579999923706055,10.899999618530273,10.100000381469727,10.289999961853027,10.24787712097168,368456100
2025-04-24,11.050000190734863,12.09000015258789,10.850000381469727,12.0,11.95087718963623,339636700
2025-04-25,11.630000114440918,12.59000015258789,11.510000228881836,12.34000015258789,12.289485931396484,274438500
2025-04-28,12.15999984741211,12.529999732971191,11.449999809265137,12.289999961853027,12.239689826965332,203468900
2025-04-29,11.8100004196167,12.270000457763672,11.619999885559082,11.859999656677246,11.81144905090332,184045100
2025-04-30,10.989999771118164,12.210000038146973,10.75,12.15999984741211,12.110221862792969,229393200
2025-05-01,12.539999961853027,12.8100004196167,12.050000190734863,12.100000381469727,12.050467491149902,203349500
2025-05-02,12.890000343322754,13.6899995803833,12.890000343322754,13.289999961853027,13.235595703125,223410600
2025-05-05,12.930000305175781,13.40999984741211,12.869999885559082,13.050000190734863,12.99657917022705,127572300
2025-05-06,12.329999923706055,12.949999809265137,12.119999885559082,12.640000343322754,12.5882568359375,158548700
2025-05-07,12.609999656677246,13.399999618530273,12.229999542236328,13.279999732971191,13.22563648223877,189249300
2025-05-08,13.84000015258789,14.34000015258789,13.380000114440918,13.65999984741211,13.604082107543945,203277000
2025-05-09,14.210000038146973,14.470000267028809,13.739999771118164,14.109999656677246,14.052239418029785,149644500
2025-05-12,16.889999389648438,17.469999313354492,16.5,17.1299991607666,17.059877395629883,263806000
2025-05-13,17.360000610351562,18.860000610351562,17.280000686645508,18.600000381469727,18.52385902404785,212931800
2025-05-14,18.969999313354492,19.3700008392334,18.43000030517578,18.84000015258789,18.762876510620117,179343100
2025-05-15,18.31999969482422,18.90999984741211,17.81999969482422,18.469999313354492,18.394390106201172,141287600
2025-05-16,18.530000686645508,18.600000381469727,17.760000228881836,18.389999389648438,18.31471824645996,113068600
2025-05-19,17.149999618530273,18.209999084472656,17.09000015258789,18.059999465942383,17.986068725585938,123632000
2025-05-20,17.6200008392334,18.0,17.440000534057617,17.969999313354492,17.89643669128418,84252500
2025-05-21,17.559999465942383,18.59000015258789,16.649999618530273,17.0,16.930408477783203,149964800
2025-05-22,16.969999313354492,17.43000030517578,16.479999542236328,16.510000228881836,16.442415237426758,144981100
2025-05-23,15.210000038146973,16.0,15.100000381469727,15.729999542236328,15.665607452392578,179062600
2025-05-27,16.739999771118164,17.510000228881836,16.350000381469727,17.290000915527344,17.219223022460938,136539700
2025-05-28,17.43000030517578,17.56999969482422,16.899999618530273,17.040000915527344,16.970245361328125,126785300
2025-05-29,18.18000030517578,18.209999084472656,16.899999618530273,17.200000762939453,17.129592895507812,179820200
2025-05-30,16.899999618530273,16.899999618530273,15.239999771118164,16.170000076293945,16.103805541992188,194058700
2025-06-02,16.059999465942383,17.100000381469727,16.040000915527344,16.899999618530273,16.83081817626953,103937000
2025-06-03,16.93000030517578,18.3799991607666,16.579999923706055,18.299999237060547,18.225086212158203,158644000
2025-06-04,18.68000030517578,19.260000228881836,18.219999313354492,19.09000015258789,19.01185417175293,146325300
2025-06-05,19.489999771118164,19.989999771118164,18.420000076293945,18.809999465942383,18.732999801635742,187397100
2025-06-06,19.399999618530273,19.950000762939453,19.149999618530273,19.18000030517578,19.101484298706055,114398700
2025-06-09,19.709999084472656,21.059999465942383,19.68000030517578,20.579999923706055,20.49575424194336,162686000
2025-06-10,20.84000015258789,22.100000381469727,20.690000534057617,21.889999389648438,21.800390243530273,142811000
2025-06-11,22.360000610351562,22.600000381469727,20.989999771118164,21.639999389648438,21.551414489746094,160395000
2025-06-12,21.239999771118164,22.06999969482422,21.09000015258789,21.690000534057617,21.60120964050293,100384500
2025-06-13,20.31999969482422,21.059999465942383,19.84000015258789,20.040000915527344,19.957965850830078,166989600
2025-06-16,20.829999923706055,22.219999313354492,20.790000915527344,21.899999618530273,21.810352325439453,121972300
2025-06-17,21.610000610351562,22.530000686645508,21.34000015258789,21.420000076293945,21.33231544494629,122379500
2025-06-18,21.719999313354492,22.3799991607666,21.229999542236328,21.610000610351562,21.52153968811035,113893800
2025-06-20,22.139999389648438,22.329999923706055,20.3700008392334,21.209999084472656,21.1231746673584,137078900
2025-06-23,21.18000030517578,21.979999542236328,20.280000686645508,21.579999923706055,21.49165916442871,125143700
2025-06-24,22.65999984741211,24.030000686645508,22.6299991607666,23.950000762939453,23.927356719970703,137608000
2025-06-25,24.399999618530273,24.600000381469727,23.8700008392334,24.579999923706055,24.556758880615234,107621600
2025-06-26,25.18000030517578,25.360000610351562,24.59000015258789,25.200000762939453,25.176176071166992,92382200
2025-06-27,25.209999084472656,25.84000015258789,24.280000686645508,25.110000610351562,25.086257934570312,113655600
2025-06-30,25.489999771118164,25.5,24.68000030517578,25.110000610351562,25.086257934570312,78035000
2025-07-01,24.3799991607666,25.170000076293945,23.579999923706055,24.709999084472656,24.686635971069336,107277300
2025-07-02,24.510000228881836,26.389999389648438,24.450000762939453,26.049999237060547,26.02536964416504,107157100
2025-07-03,26.399999618530273,26.719999313354492,26.229999542236328,26.43000030517578,26.405010223388672,62695800
2025-07-07,25.729999542236328,26.049999237060547,24.6200008392334,24.969999313354492,24.946392059326172,93297600
2025-07-08,25.6299991607666,27.030000686645508,25.360000610351562,26.3700008392334,26.345067977905273,90457500
2025-07-09,26.6299991607666,27.40999984741211,25.889999389648438,26.649999618530273,26.62480354309082,86818700
2025-07-10,27.389999389648438,27.729999542236328,26.65999984741211,27.3700008392334,27.3441219329834,87602500
2025-07-11,26.850000381469727,27.540000915527344,26.549999237060547,27.290000915527344,27.264198303222656,71855400
2025-07-14,26.639999389648438,26.770000457763672,25.31999969482422,26.5,26.474945068359375,99670600
2025-07-15,28.049999237060547,28.459999084472656,27.209999084472656,27.290000915527344,27.264198303222656,108926200
2025-07-16,26.600000381469727,27.049999237060547,24.90999984741211,27.030000686645508,27.004444122314453,125700900
2025-07-17,26.959999084472656,27.510000228881836,26.420000076293945,27.31999969482422,27.29416847229004,85334100
2025-07-18,27.65999984741211,27.899999618530273,26.760000228881836,27.329999923706055,27.30415916442871,68274300
2025-07-21,27.559999465942383,28.5,27.440000534057617,27.5,27.4739990234375,79860300
2025-07-22,27.1200008392334,27.280000686645508,25.34000015258789,26.31999969482422,26.295114517211914,118871600
2025-07-23,25.649999618530273,25.90999984741211,24.84000015258789,25.780000686645508,25.755624771118164,105639200
2025-07-24,25.65999984741211,25.790000915527344,24.950000762939453,25.6200008392334,25.59577751159668,77503300
2025-07-25,25.170000076293945,25.6200008392334,24.829999923706055,25.600000381469727,25.575796127319336,68037900
2025-07-28,26.3799991607666,26.989999771118164,26.34000015258789,26.8799991607666,26.854585647583008,88108400
2025-07-29,27.40999984741211,28.15999984741211,26.5,27.030000686645508,27.004444122314453,101714500
2025-07-30,27.75,28.1299991607666,26.93000030517578,27.610000610351562,27.58389663696289,96772200
2025-07-31,26.700000762939453,26.739999771118164,24.200000762939453,24.979999542236328,24.95638084411621,133413800
2025-08-01,23.579999923706055,24.829999923706055,22.56999969482422,24.079999923706055,24.057231903076172,132665200
2025-08-04,24.59000015258789,25.18000030517578,24.239999771118164,25.0,24.976362228393555,85963800
2025-08-05,25.420000076293945,25.68000030517578,23.610000610351562,24.520000457763672,24.496816635131836,99733400
2025-08-06,23.84000015258789,24.1200008392334,22.950000762939453,23.989999771118164,23.967317581176758,103447500
2025-08-07,25.479999542236328,25.8799991607666,24.530000686645508,25.0,24.976362228393555,117228400
2025-08-08,25.15999984741211,25.829999923706055,24.899999618530273,25.709999084472656,25.68568992614746,71389900
2025-08-11,26.030000686645508,26.889999389648438,25.450000762939453,25.610000610351562,25.585786819458008,75943500
2025-08-12,26.209999084472656,28.079999923706055,25.68000030517578,28.0,27.973526000976562,125315900
2025-08-13,28.649999618530273,29.329999923706055,28.309999465942383,29.270000457763672,29.242326736450195,89497100
2025-08-14,28.1200008392334,29.65999984741211,27.950000762939453,29.420000076293945,29.392183303833008,84286800
2025-08-15,28.709999084472656,28.709999084472656,27.06999969482422,27.3700008392334,27.3441219329834,93664700
2025-08-18,27.100000381469727,27.649999618530273,27.030000686645508,27.530000686645508,27.503971099853516,50310400
2025-08-19,27.56999969482422,27.860000610351562,26.100000381469727,26.239999771118164,26.21518898010254,75595100
2025-08-20,26.110000610351562,26.110000610351562,23.65999984741211,25.799999237060547,25.775604248046875,117636500
2025-08-21,25.399999618530273,25.899999618530273,24.90999984741211,25.350000381469727,25.326032638549805,67871100
2025-08-22,25.559999465942383,28.31999969482422,25.34000015258789,27.450000762939453,27.424047470092773,117140900
2025-08-25,27.350000381469727,27.579999923706055,26.809999465942383,27.299999237060547,27.274187088012695,55018700
2025-08-26,27.530000686645508,28.219999313354492,27.520000457763672,27.940000534057617,27.913583755493164,57544300
2025-08-27,27.610000610351562,28.229999542236328,27.280000686645508,28.18000030517578,28.153356552124023,61375200
2025-08-28,28.40999984741211,29.110000610351562,27.959999084472656,28.530000686645508,28.50302505493164,74466400
2025-08-29,27.31999969482422,27.350000381469727,25.670000076293945,26.040000915527344,26.015380859375,108411300
2025-09-02,24.079999923706055,25.280000686645508,23.799999237060547,25.25,25.226125717163086,101906700
2025-09-03,25.40999984741211,25.40999984741211,24.1200008392334,24.90999984741211,24.88644790649414,79482200
2025-09-04,24.40999984741211,25.729999542236328,23.979999542236328,25.649999618530273,25.625747680664062,81641200
2025-09-05,26.81999969482422,26.969999313354492,25.600000381469727,26.450000762939453,26.424991607666016,110749400
2025-09-08,26.959999084472656,27.43000030517578,26.68000030517578,27.079999923706055,27.05439567565918,72341700
2025-09-09,27.170000076293945,27.3700008392334,26.56999969482422,27.18000030517578,27.1543025970459,55882300
2025-09-10,28.479999542236328,28.829999923706055,28.06999969482422,28.600000381469727,28.572959899902344,86721600
2025-09-11,29.059999465942383,29.610000610351562,28.969999313354492,29.170000076293945,29.142419815063477,69919800
2025-09-12,29.3700008392334,29.549999237060547,28.790000915527344,29.299999237060547,29.272294998168945,52502600
2025-09-15,29.139999389648438,30.030000686645508,28.920000076293945,30.0,29.971635818481445,61268000
2025-09-16,30.329999923706055,30.649999618530273,29.790000915527344,30.479999542236328,30.45117950439453,54148200
2025-09-17,30.280000686645508,31.25,29.15999984741211,30.469999313354492,30.441190719604492,80483900
2025-09-18,32.7599983215332,34.13999938964844,32.43000030517578,33.63999938964844,33.608192443847656,104513300
2025-09-19,33.560001373291016,33.599998474121094,32.119998931884766,33.02000045776367,32.9887809753418,66106100
2025-09-22,33.20000076293945,34.75,33.189998626708984,34.43000030517578,34.39744567871094,62948200
2025-09-23,34.70000076293945,35.29999923706055,33.66999816894531,34.29999923706055,34.277523040771484,63661700
2025-09-24,33.959999084472656,34.38999938964844,32.810001373291016,34.20000076293945,34.17759323120117,58369900
2025-09-25,32.439998626708984,34.060001373291016,31.360000610351562,33.849998474121094,33.82781982421875,79969600
2025-09-26,33.93000030517578,34.22999954223633,32.83000183105469,34.02000045776367,33.997711181640625,60944500
2025-09-29,35.029998779296875,35.4900016784668,33.9900016784668,34.02000045776367,33.997711181640625,56593700
2025-09-30,34.06999969482422,34.959999084472656,33.56999969482422,34.84000015258789,34.81717300415039,60696800
2025-10-01,34.18000030517578,36.97999954223633,33.97999954223633,36.86000061035156,36.83584976196289,67094700
2025-10-02,38.959999084472656,39.31999969482422,38.13999938964844,39.08000183105469,39.05439376831055,68834400
2025-10-03,39.47999954223633,40.060001373291016,37.619998931884766,38.22999954223633,38.20494842529297,69252500
2025-10-06,42.83000183105469,43.369998931884766,41.65999984741211,41.709999084472656,41.68267059326172,99880300
2025-10-07,42.779998779296875,43.02000045776367,38.70000076293945,38.83000183105469,38.80455780029297,96375900
2025-10-08,38.869998931884766,42.939998626708984,38.68000030517578,42.779998779296875,42.75196838378906,77149800
2025-10-09,42.58000183105469,42.84000015258789,41.0099983215332,42.2400016784668,42.21232604980469,63095700
2025-10-10,42.52000045776367,42.84000015258789,34.16999816894531,34.209999084472656,34.187583923339844,204858900
2025-10-13,38.22999954223633,39.470001220703125,37.369998931884766,39.13999938964844,39.11435317993164,89274100
2025-10-14,36.619998931884766,39.0099983215332,35.95000076293945,36.630001068115234,36.60599899291992,100358200
2025-10-15,39.54999923706055,40.16999816894531,37.709999084472656,39.97999954223633,39.95380401611328,96059800
2025-10-16,41.45000076293945,41.93000030517578,39.279998779296875,40.56999969482422,40.54341506958008,89397000
2025-10-17,39.61000061035156,40.79999923706055,38.31999969482422,40.290000915527344,40.26360321044922,92083400
2025-10-20,41.15999984741211,43.040000915527344,41.130001068115234,42.2400016784668,42.21232604980469,62424500
2025-10-21,41.810001373291016,42.029998779296875,40.52000045776367,41.5099983215332,41.4827995300293,54386700
2025-10-22,40.08000183105469,40.810001373291016,35.970001220703125,38.38999938964844,38.364845275878906,110646700
2025-10-23,37.72999954223633,41.470001220703125,37.54999923706055,41.16999816894531,41.14302062988281,72467000
2025-10-24,43.43000030517578,44.15999984741211,42.959999084472656,43.13999938964844,43.111732482910156,69872500
2025-10-27,45.4900016784668,47.15999984741211,45.13999938964844,46.84000015258789,46.80930709838867,72684100
2025-10-28,46.439998626708984,47.61000061035156,45.939998626708984,46.959999084472656,46.929229736328125,53995000
2025-10-29,49.369998931884766,50.7599983215332,48.04999923706055,49.380001068115234,49.3476448059082,88268800
2025-10-30,48.5,49.970001220703125,47.27000045776367,47.38999938964844,47.35894775390625,76956300
2025-10-31,48.77000045776367,49.9900016784668,46.709999084472656,47.779998779296875,47.74869155883789,75650400
2025-11-03,49.5,50.189998626708984,48.029998779296875,48.58000183105469,48.54817199707031,52610600
2025-11-04,44.77000045776367,46.880001068115234,42.529998779296875,42.79999923706055,42.77195358276367,87734300
2025-11-05,43.220001220703125,48.43000030517578,43.209999084472656,46.83000183105469,46.79931640625,76488900
2025-11-06,46.459999084472656,46.9900016784668,42.150001525878906,43.0099983215332,42.981815338134766,106419600
2025-11-07,41.099998474121094,41.7400016784668,37.040000915527344,41.7400016784668,41.71265411376953,143013500
2025-11-10,45.060001373291016,45.52000045776367,43.459999084472656,44.959999084472656,44.930538177490234,74223300
2025-11-11,43.720001220703125,44.040000915527344,41.650001525878906,41.810001373291016,41.7826042175293,80862700
2025-11-12,44.0099983215332,44.630001068115234,42.849998474121094,43.709999084472656,43.681358337402344,77730900
2025-11-13,42.16999816894531,42.63999938964844,38.0,39.220001220703125,39.19430160522461,126123700
2025-11-14,35.7400016784668,40.599998474121094,35.150001525878906,38.86000061035156,38.834537506103516,125398600
2025-11-17,37.900001525878906,40.08000183105469,35.529998779296875,36.84000015258789,36.815860748291016,101936600
2025-11-18,35.310001373291016,36.0099983215332,33.150001525878906,34.349998474121094,34.327491760253906,153515800
2025-11-19,34.720001220703125,37.29999923706055,34.20000076293945,35.959999084472656,35.93643569946289,120458900
2025-11-20,38.790000915527344,39.189998626708984,30.40999984741211,30.809999465942383,30.789812088012695,228883600
2025-11-21,30.850000381469727,33.040000915527344,28.1200008392334,31.729999542236328,31.709209442138672,205537900
2025-11-24,32.689998626708984,36.310001373291016,32.650001525878906,35.86000061035156,35.83650207519531,108832500
2025-11-25,34.34000015258789,36.45000076293945,32.04999923706055,36.16999816894531,36.146297454833984,108634700
2025-11-26,37.439998626708984,40.150001525878906,37.29999923706055,39.189998626708984,39.16432189941406,104203900
2025-11-28,39.650001525878906,41.33000183105469,39.25,41.2599983215332,41.23296356201172,57190400
2025-12-01,39.58000183105469,42.36000061035156,39.459999084472656,41.310001373291016,41.28293228149414,79426200
2025-12-02,42.790000915527344,44.61000061035156,42.029998779296875,43.79999923706055,43.77130126953125,111736200
2025-12-03,44.45000076293945,46.68000030517578,43.150001525878906,46.58000183105469,46.54948043823242,94299300
2025-12-04,45.88999938964844,46.099998474121094,44.439998626708984,45.15999984741211,45.130409240722656,77656900
2025-12-05,46.470001220703125,48.04999923706055,46.29999923706055,46.5,46.46953201293945,77049800
2025-12-08,47.560001373291016,48.599998474121094,46.70000076293945,47.9900016784668,47.95855712890625,69225000
2025-12-09,47.040000915527344,48.04999923706055,46.470001220703125,47.790000915527344,47.75868606567383,56373300
2025-12-10,47.650001525878906,50.09000015258789,47.0099983215332,49.650001525878906,49.617469787597656,91153100
2025-12-11,48.0099983215332,48.900001525878906,44.65999984741211,48.790000915527344,48.758033752441406,88063000
2025-12-12,46.91999816894531,47.380001068115234,41.060001373291016,41.709999084472656,41.68267059326172,138088200
2025-12-15,43.11000061035156,43.41999816894531,40.79999923706055,41.18000030517578,41.153018951416016,78218600
2025-12-16,40.75,41.65999984741211,39.2400016784668,40.4900016784668,40.463470458984375,94566700
2025-12-17,41.0,41.31999969482422,35.70000076293945,36.0099983215332,35.98640441894531,126113900
2025-12-18,39.970001220703125,40.41999816894531,38.11000061035156,38.58000183105469,38.55472183227539,97164000
2025-12-19,39.599998474121094,42.36000061035156,39.5,41.720001220703125,41.692665100097656,92529100
2025-12-22,44.45000076293945,44.560001373291016,42.72999954223633,43.2599983215332,43.231651306152344,62717400
2025-12-23,42.619998931884766,43.79999923706055,42.220001220703125,43.70000076293945,43.67136764526367,44455700
2025-12-24,43.720001220703125,44.36000061035156,43.59000015258789,44.209999084472656,44.1810302734375,30717800
2025-12-26,44.75,44.790000915527344,43.810001373291016,44.209999084472656,44.1810302734375,38006400
2025-12-29,42.97999954223633,44.33000183105469,42.349998474121094,43.81999969482422,43.79128646850586,54612100
2025-12-30,44.150001525878906,44.75,43.56999969482422,43.66999816894531,43.64138412475586,40697400
2025-12-31,43.88999938964844,44.150001525878906,42.0099983215332,42.029998779296875,42.00246047973633,44754800
2026-01-02,45.130001068115234,48.09000015258789,45.08000183105469,47.2400016784668,47.209049224853516,132719700
2026-01-05,50.349998474121094,51.220001220703125,48.630001068115234,49.220001220703125,49.18775177001953,94987500
2026-01-06,51.11000061035156,54.29999923706055,51.06999969482422,54.0099983215332,53.974609375,92678600
2026-01-07,52.20000076293945,52.7400016784668,50.84000015258789,52.290000915527344,52.2557373046875,65698500
2026-01-08,51.79999923706055,51.810001373291016,48.130001068115234,49.650001525878906,49.617469787597656,79844800
2026-01-09,51.09000015258789,54.7599983215332,50.310001373291016,53.95000076293945,53.914649963378906,87214400
2026-01-12,52.38999938964844,55.150001525878906,52.349998474121094,54.650001525878906,54.614192962646484,53193700
2026-01-13,55.689998626708984,57.630001068115234,55.43000030517578,56.06999969482422,56.033260345458984,61895400
2026-01-14,54.88999938964844,55.439998626708984,53.0,55.380001068115234,55.34371566772461,70434900
2026-01-15,60.959999084472656,61.66999816894531,58.0099983215332,58.08000183105469,58.04194641113281,89664300
2026-01-16,61.189998626708984,62.189998626708984,59.5,60.75,60.7101936340332,58559500
2026-01-20,57.34000015258789,61.04999923706055,57.220001220703125,57.939998626708984,57.902034759521484,71408300
2026-01-21,60.2400016784668,65.11000061035156,59.459999084472656,63.47999954223633,63.43840408325195,103027300
2026-01-22,66.9000015258789,66.95999908447266,63.040000915527344,63.720001220703125,63.67824935913086,62594200
2026-01-23,62.47999954223633,63.36000061035156,60.150001525878906,61.599998474121094,61.559635162353516,58613600
2026-01-26,60.75,61.959999084472656,59.599998474121094,60.70000076293945,60.66022872924805,42592400
2026-01-27,63.310001373291016,65.98999786376953,62.540000915527344,64.95999908447266,64.91743469238281,61155400
2026-01-28,69.0,70.93000030517578,67.9800033569336,70.08999633789062,70.0440673828125,74205500
2026-01-29,70.4000015258789,71.9800033569336,62.650001525878906,70.47000122070312,70.423828125,78058200
2026-01-30,67.12000274658203,69.86000061035156,60.290000915527344,61.790000915527344,61.749515533447266,83504200
2026-02-02,59.459999084472656,66.94000244140625,59.099998474121094,65.19999694824219,65.15727233886719,66961000
2026-02-03,66.80999755859375,67.62000274658203,57.02000045776367,61.20000076293945,61.1599006652832,101338500
2026-02-04,59.439998626708984,61.029998779296875,49.33000183105469,53.189998626708984,53.155147552490234,139149400
2026-02-05,51.310001373291016,55.4900016784668,50.0099983215332,53.25,53.21510696411133,109350300
2026-02-06,56.400001525878906,62.25,55.66999816894531,61.75,61.709537506103516,108594200
2026-02-09,59.9900016784668,65.05000305175781,59.290000915527344,64.02999877929688,63.98804473876953,66670500
2026-02-10,64.66999816894531,65.20999908447266,61.41999816894531,63.34000015258789,63.29849624633789,58273900
2026-02-11,67.20999908447266,69.0999984741211,63.22999954223633,68.05000305175781,68.00541687011719,89724200
2026-02-12,69.66999816894531,70.86000061035156,62.77000045776367,63.099998474121094,63.05865478515625,90896100
2026-02-13,63.93000030517578,66.25,61.43000030517578,64.58999633789062,64.54767608642578,79931300
2026-02-17,62.02000045776367,65.95999908447266,59.560001373291016,64.3499984741211,64.30783081054688,79420400
2026-02-18,65.26000213623047,68.44999694824219,64.06999969482422,66.29000091552734,66.24656677246094,69349000
2026-02-19,64.33000183105469,65.51000213623047,62.959999084472656,65.2300033569336,65.18726348876953,68827500
2026-02-20,63.7599983215332,68.22000122070312,63.58000183105469,67.11000061035156,67.06602478027344,81017900
2026-02-23,65.8499984741211,67.6500015258789,63.470001220703125,65.86000061035156,65.81684875488281,66926300
2026-02-24,68.11000061035156,70.0,66.3499984741211,68.52999877929688,68.48509216308594,66892100
2026-02-25,70.88999938964844,72.36000061035156,70.4800033569336,71.86000061035156,71.81291198730469,52929300
2026-02-26,71.02999877929688,71.11000061035156,61.630001068115234,65.33999633789062,65.29718017578125,97787900
2026-02-27,61.5099983215332,63.7599983215332,60.65999984741211,62.77000045776367,62.7288703918457,70112700
2026-03-02,58.11000061035156,62.81999969482422,58.04999923706055,62.7599983215332,62.718875885009766,81699800
2026-03-03,55.119998931884766,55.86000061035156,51.36000061035156,53.41999816894531,53.38499450683594,131198300
2026-03-04,55.959999084472656,57.720001220703125,54.380001068115234,56.619998931884766,56.58290100097656,78143300
2026-03-05,55.31999969482422,57.689998626708984,51.130001068115234,54.79999923706055,54.76409149169922,110055800
2026-03-06,50.09000015258789,53.36000061035156,46.79999923706055,47.88999938964844,47.858619689941406,125241500
2026-03-09,45.5099983215332,53.779998779296875,44.529998779296875,53.31999969482422,53.28506088256836,114897700
2026-03-10,53.36000061035156,57.779998779296875,53.36000061035156,54.59000015258789,54.554229736328125,104717600
2026-03-11,55.5,57.7400016784668,55.349998474121094,56.09000015258789,56.05324935913086,83007700
2026-03-12,53.529998779296875,53.880001068115234,49.529998779296875,50.279998779296875,50.24705505371094,105674400
2026-03-13,51.880001068115234,53.959999084472656,50.040000915527344,50.720001220703125,50.686767578125,83244300
2026-03-16,54.060001373291016,55.68000030517578,53.0099983215332,53.689998626708984,53.65481948852539,79819200
2026-03-17,55.099998474121094,55.400001525878906,53.29999923706055,54.95000076293945,54.91399383544922,59567700
2026-03-18,55.029998779296875,56.47999954223633,54.0,54.02000045776367,53.98460388183594,75470000
2026-03-19,49.529998779296875,56.11000061035156,48.5,54.849998474121094,54.81406021118164,93732700
2026-03-20,54.689998626708984,55.36000061035156,49.0,51.13999938964844,51.10649108886719,101773000
2026-03-23,54.630001068115234,56.810001373291016,52.279998779296875,53.029998779296875,52.9952507019043,115257400
2026-03-24,51.540000915527344,56.09000015258789,51.540000915527344,54.959999084472656,54.923988342285156,92153500
2026-03-25,56.63999938964844,58.25,55.59000015258789,57.040000915527344,57.00262451171875,84440300
2026-03-26,54.189998626708984,54.439998626708984,48.869998931884766,48.970001220703125,48.93791580200195,116603800
2026-03-27,48.040000915527344,49.380001068115234,45.959999084472656,46.61000061035156,46.57946014404297,99401400
2026-03-30,47.86000061035156,48.290000915527344,39.52000045776367,40.619998931884766,40.5933837890625,139746200
2026-03-31,42.880001068115234,48.18000030517578,42.61000061035156,47.90999984741211,47.87860870361328,138002100
2026-04-01,50.040000915527344,54.09000015258789,49.619998931884766,52.2599983215332,52.22575759887695,121955600
2026-04-02,46.060001373291016,53.06999969482422,46.04999923706055,52.75,52.71543502807617,104471700
2026-04-06,53.75,55.599998474121094,52.880001068115234,54.810001373291016,54.77408981323242,68780400
2026-04-07,54.31999969482422,56.599998474121094,52.130001068115234,56.54999923706055,56.51294708251953,107326500
2026-04-08,66.33000183105469,67.9800033569336,63.560001373291016,67.5,67.45577239990234,111697300
2026-04-09,68.12000274658203,72.27999877929688,68.12000274658203,71.9800033569336,71.9328384399414,79331600
2026-04-10,74.30000305175781,78.30000305175781,74.30000305175781,76.38999938964844,76.3399429321289,78863600
2026-04-13,75.58999633789062,80.73999786376953,75.25,80.55999755859375,80.50720977783203,64504600
2026-04-14,83.2699966430664,85.56999969482422,80.70999908447266,85.30999755859375,85.25409698486328,61657000
2026-04-15,84.66000366210938,85.9800033569336,79.76000213623047,85.95999908447266,85.90367889404297,68425400
2026-04-16,85.01000213623047,89.38999938964844,83.30999755859375,88.37000274658203,88.31210327148438,63777500
2026-04-17,93.19999694824219,94.75,90.66000366210938,94.68000030517578,94.61796569824219,67081400
2026-04-20,95.97000122070312,96.93000030517578,92.02999877929688,95.94000244140625,95.87713623046875,49367800
2026-04-21,97.97000122070312,99.94999694824219,95.31999969482422,98.08999633789062,98.02572631835938,65206900
2026-04-22,102.94000244140625,106.08999633789062,99.5999984741211,105.63999938964844,105.5707778930664,58165200
2026-04-23,108.62000274658203,116.7699966430664,107.45999908447266,112.7699966430664,112.69610595703125,96510200
2026-04-24,125.20999908447266,130.1199951171875,120.23999786376953,128.32000732421875,128.23593139648438,83092400
2026-04-27,128.3300018310547,129.58999633789062,117.79000091552734,123.38999938964844,123.30915069580078,73334600
2026-04-28,108.75,115.62000274658203,103.98999786376953,109.55999755859375,109.48821258544922,94099700
2026-04-29,114.76000213623047,118.31999969482422,112.30000305175781,117.97000122070312,117.8927001953125,55503700
2026-04-30,122.80999755859375,127.44999694824219,117.5,126.9800033569336,126.89680480957031,58536700
2026-05-01,124.38999938964844,131.3800048828125,121.66000366210938,130.39999389648438,130.31454467773438,40940300
2026-05-04,132.1999969482422,133.6699981689453,123.80000305175781,127.55000305175781,127.4664306640625,46455700
2026-05-05,135.0,147.25999450683594,134.02000427246094,144.16000366210938,144.0655517578125,52130100
2026-05-06,157.83999633789062,166.0,149.05999755859375,165.85000610351562,165.7413330078125,65579200
2026-05-07,162.1199951171875,162.89999389648438,147.61000061035156,152.10000610351562,152.00035095214844,72375200
2026-05-08,163.0,177.5,161.50999450683594,176.94000244140625,176.82406616210938,47016500
2026-05-11,181.0,191.2899932861328,178.94000244140625,190.4199981689453,190.29522705078125,50496000
2026-05-12,177.6199951171875,182.24000549316406,150.5800018310547,172.52000427246094,172.40696716308594,91705600
2026-05-13,183.83999633789062,188.49000549316406,172.25999450683594,184.24000549316406,184.11927795410156,59522300
2026-05-14,182.6699981689453,189.55999755859375,178.27999877929688,186.19000244140625,186.06800842285156,43319000
2026-05-15,167.0,174.39999389648438,161.13999938964844,164.17999267578125,164.07241821289062,62126600
2026-05-18,172.9499969482422,174.61000061035156,142.69000244140625,151.75,151.65057373046875,75610500
2026-05-19,141.24000549316406,160.60000610351562,135.02000427246094,151.88999938964844,151.7904815673828,85384000
2026-05-20,161.0,173.6999969482422,161.0,173.1999969482422,173.08651733398438,58913200
2026-05-21,171.25999450683594,179.97000122070312,168.22999572753906,178.38999938964844,178.2731170654297,52278700
2026-05-22,184.8000030517578,195.27000427246094,183.33999633789062,190.55999755859375,190.4351348876953,45133000
2026-05-26,211.3800048828125,228.5,209.88999938964844,225.7899932861328,225.6420440673828,52533000
2026-05-27,242.66000366210938,242.66000366210938,204.0,217.97999572753906,217.83717346191406,74732700
2026-05-28,219.0,231.88999938964844,207.55999755859375,224.6300048828125,224.48281860351562,47153500
2026-05-29,231.82000732421875,239.07000732421875,218.55999755859375,224.33999633789062,224.19300842285156,37035700
2026-06-01,217.27000427246094,234.05999755859375,210.13999938964844,227.02999877929688,226.88124084472656,37499600
2026-06-02,243.17999267578125,267.0799865722656,238.82000732421875,266.32000732421875,266.1455078125,42799700
2026-06-03,281.4700012207031,284.5799865722656,257.260009765625,280.5400085449219,280.356201171875,49817200
2026-06-04,242.0399932861328,274.5,228.5500030517578,262.70001220703125,262.52789306640625,59036000
2026-06-05,230.85000610351562,233.69000244140625,181.80999755859375,182.5399932861328,182.42037963867188,108280300
2026-06-08,210.6199951171875,222.19000244140625,201.69000244140625,211.44000244140625,211.30145263671875,68180500
2026-06-09,227.05999755859375,231.02000427246094,157.55999755859375,201.67999267578125,201.5478515625,124754300
2026-06-10,191.5399932861328,212.99000549316406,177.3000030517578,180.64999389648438,180.53163146972656,94924200
2026-06-11,192.3000030517578,225.6300048828125,192.3000030517578,223.99000549316406,223.84324645996094,72493400
2026-06-12,222.22000122070312,242.39999389648438,214.74000549316406,234.67999267578125,234.52622985839844,50419100
2026-06-15,265.989990234375,274.8800048828125,261.6000061035156,272.5,272.3214416503906,39914100
2026-06-16,267.1300048828125,274.92999267578125,226.0,226.19000244140625,226.0417938232422,54771900
2026-06-17,247.4199981689453,259.7900085449219,233.3000030517578,233.86000061035156,233.70677185058594,49127300
2026-06-18,266.0400085449219,286.1499938964844,265.0,279.2900085449219,279.10699462890625,49319800
2026-06-22,299.260009765625,302.0,286.239990234375,300.7699890136719,300.5729064941406,36399600
2026-06-23,236.0,252.97999572753906,223.0,231.4199981689453,231.2683563232422,70699700
2026-06-24,233.11000061035156,237.0,211.1300048828125,229.57000732421875,229.41958618164062,57018500
2026-06-25,268.04998779296875,268.3999938964844,225.74000549316406,252.61000061035156,252.44448852539062,57401800
2026-06-26,226.24000549316406,231.25,212.10000610351562,215.60000610351562,215.458740234375,51987400
2026-06-29,216.36000061035156,238.64999389648438,192.3000030517578,236.52000427246094,236.36502075195312,48952600
2026-06-30,241.4499969482422,272.0,240.58999633789062,266.7099914550781,266.5352478027344,36721000
2026-07-01,237.7899932861328,246.47000122070312,215.3800048828125,217.5500030517578,217.40745544433594,60156300
2026-07-02,219.22999572753906,226.1300048828125,168.8800048828125,181.47000122070312,181.35108947753906,91060900
2026-07-06,197.2100067138672,210.8000030517578,194.22000122070312,194.64999389648438,194.52244567871094,42756600
2026-07-07,165.39999389648438,171.8800048828125,150.0800018310547,165.27999877929688,165.1717071533203,78957300
2026-07-08,159.2100067138672,176.75,158.8699951171875,174.82000732421875,174.70545959472656,63175900
2026-07-09,199.80999755859375,204.5500030517578,189.4600067138672,192.4499969482422,192.3238983154297,52530500
2026-07-10,182.39999389648438,195.94000244140625,176.8000030517578,192.25999450683594,192.13401794433594,37626300
2026-07-13,174.61000061035156,177.6699981689453,161.5500030517578,165.3699951171875,165.2616424560547,52686700
2026-07-14,187.69000244140625,188.42999267578125,170.25999450683594,176.66000366210938,176.54425048828125,49269200
2026-07-15,183.77000427246094,184.0,150.0,165.5500030517578,165.4415283203125,67008900
2026-07-16,150.44000244140625,155.8300018310547,138.0,142.47999572753906,142.3866424560547,76391300
2026-07-17,124.7300033569336,144.39999389648438,116.47000122070312,135.47000122070312,135.38124084472656,105762300
2026-07-20,143.52000427246094,148.74000549316406,135.6699981689453,136.80999755859375,136.72035217285156,52804300
2026-07-21,155.83999633789062,160.63999938964844,148.8699951171875,158.5399932861328,158.4361114501953,55698500
2026-07-22,147.10000610351562,165.75,147.0,160.99000549316406,160.884521484375,46926500
2026-07-23,152.16000366210938,162.9199981689453,150.64999389648438,157.5,157.3968048095703,57831400
2026-07-24,151.4499969482422,154.5,132.5500030517578,136.80999755859375,136.72035217285156,71734900
2026-07-27,140.64999389648438,148.02000427246094,115.44999694824219,128.14999389648438,128.06602478027344,90434900
2026-07-28,113.1500015258789,114.94999694824219,101.52999877929688,109.54000091552734,109.46822357177734,125338900
2026-07-29,107.62000274658203,112.66999816894531,91.5,91.98999786376953,91.92972564697266,149950200
2026-07-30,107.37999725341797,118.0,105.12000274658203,114.72000122070312,114.64483642578125,109931900
2026-07-31,129.89999389648438,133.8800048828125,112.41999816894531,114.72000122070312,114.64483642578125,102613300
2026-08-03,106.1500015258789,118.87000274658203,102.08999633789062,116.70999908447266,116.63352966308594,81117500
2026-08-04,131.50999450683594,142.4199981689453,129.66000366210938,139.89999389648438,139.80831909179688,78456600
2026-08-05,135.5399932861328,144.33999633789062,130.0,132.07000732421875,131.9834747314453,67515700
2026-08-06,125.2300033569336,140.0,120.75,132.3300018310547,132.24330139160156,57025200
2026-08-07,141.97000122070312,143.9199981689453,131.55999755859375,140.25,140.15809631347656,61350700
2026-08-10,142.8000030517578,143.4499969482422,130.0,130.0,129.91482543945312,50105400
2026-08-11,136.25999450683594,136.60000610351562,130.05999755859375,133.0,132.91285705566406,38282500
2026-08-12,147.3000030517578,147.6999969482422,141.88999938964844,142.16000366210938,142.0668487548828,55970000
2026-08-13,142.16000366210938,154.1300048828125,141.83999633789062,145.36000061035156,145.26475524902344,54831600
2026-08-14,143.7899932861328,146.64999389648438,138.89999389648438,144.9499969482422,144.8550262451172,45331100
2026-08-17,150.61000061035156,156.9199981689453,148.89999389648438,151.52999877929688,151.4307098388672,43560500
2026-08-18,134.1999969482422,137.60000610351562,122.4000015258789,129.10000610351562,129.01541137695312,87105200
2026-08-19,132.6300048828125,133.74000549316406,116.83999633789062,120.73999786376953,120.660888671875,78078100
2026-08-20,119.98999786376953,124.55999755859375,117.41999816894531,122.20999908447266,122.12992095947266,50500900
2026-08-21,126.58999633789062,126.79000091552734,116.70999908447266,120.5999984741211,120.52098083496094,48174900
2026-08-24,115.06999969482422,115.06999969482422,106.0,111.16000366210938,111.08716583251953,67194300
2026-08-25,117.37000274658203,119.87999725341797,113.12999725341797,115.66999816894531,115.59420776367188,47392300
2026-08-26,114.69999694824219,117.38999938964844,112.52999877929688,116.5999984741211,116.52359771728516,39918800
2026-08-27,123.4000015258789,124.87999725341797,117.69000244140625,123.05000305175781,122.96937561035156,55965600
2026-08-28,119.91999816894531,121.19999694824219,110.20999908447266,111.33999633789062,111.26704406738281,60995600
2026-08-31,112.41000366210938,115.05000305175781,110.33000183105469,112.79000091552734,112.71609497070312,34269700
2026-09-01,106.36000061035156,108.63999938964844,102.30999755859375,105.91000366210938,105.84060668945312,63954400
2026-09-02,104.5,108.06999969482422,101.33999633789062,106.3499984741211,106.28031158447266,47235300
2026-09-03,103.0,107.48999786376953,98.62000274658203,106.73999786376953,106.67005920410156,55094500
2026-09-04,111.22000122070312,118.18000030517578,109.7300033569336,117.27999877929688,117.20315551757812,63548000
2026-09-08,125.12000274658203,127.54000091552734,121.5999984741211,123.2699966430664,123.18922424316406,52642700
2026-09-09,121.23999786376953,128.47999572753906,121.23999786376953,125.87000274658203,125.78752899169922,40630800
2026-09-10,116.3499984741211,119.31999969482422,113.55000305175781,115.76000213623047,115.68415069580078,54498500
2026-09-11,120.70999908447266,124.5,117.87000274658203,121.81999969482422,121.74018096923828,53536100
2026-09-14,101.52999877929688,105.38999938964844,99.87000274658203,101.12999725341797,101.06373596191406,101135900
2026-09-15,104.55000305175781,105.94000244140625,100.95999908447266,102.31999969482422,102.2529525756836,57147000
2026-09-16,107.44000244140625,109.31999969482422,101.05999755859375,103.97000122070312,103.9018783569336,74637500
2026-09-17,113.33000183105469,115.4800033569336,112.01000213623047,114.81999969482422,114.74476623535156,56833100
2026-09-18,117.02999877929688,123.9000015258789,116.68000030517578,123.66999816894531,123.5889663696289,45459700
2026-09-21,132.07000732421875,144.0,129.6199951171875,141.92999267578125,141.8369903564453,62514300
2026-09-22,137.6699981689453,152.63999938964844,137.4600067138672,151.9499969482422,151.9499969482422,66530800
2026-09-23,149.88999938964844,151.0,139.5800018310547,146.25,146.25,62051700
2026-09-24,138.47000122070312,147.1999969482422,136.89999389648438,146.3300018310547,146.3300018310547,65335900
2026-09-25,149.24000549316406,153.89999389648438,147.38999938964844,151.4499969482422,151.4499969482422,56478800
2026-09-28,148.13999938964844,149.99000549316406,135.2100067138672,142.2899932861328,142.2899932861328,70559400
2026-09-29,148.94000244140625,152.3699951171875,145.49000549316406,147.0,147.0,53567600
2026-09-30,147.9499969482422,150.77000427246094,144.41000366210938,147.86000061035156,147.86000061035156,48729500
2026-10-01,148.55999755859375,156.7100067138672,144.30999755859375,153.69000244140625,153.69000244140625,74003000
2026-10-02,165.38999938964844,169.75,162.39999389648438,163.7100067138672,163.7100067138672,62660800
2026-10-05,161.66000366210938,164.3800048828125,158.0800018310547,164.27000427246094,164.27000427246094,36216300
