Date,Open,High,Low,Close,Adj Close,Volume
2001-07-13,24.100000381469727,24.530000686645508,23.52666664123535,24.21666717529297,19.87210464477539,603300
2001-07-16,23.78333282470703,23.850000381469727,22.81333351135254,22.81333351135254,18.720535278320312,180000
2001-07-17,22.649999618530273,23.75,22.633333206176758,23.75,19.489166259765625,287100
2001-07-18,23.03333282470703,23.203332901000977,22.766666412353516,22.766666412353516,18.68224334716797,301800
2001-07-19,24.133333206176758,24.233333587646484,23.733333587646484,23.733333587646484,19.47548484802246,405000
2001-07-20,23.25,23.633333206176758,23.25,23.616666793823242,19.3797550201416,360000
2001-07-23,23.75,23.75,22.899999618530273,22.899999618530273,18.791658401489258,195300
2001-07-24,22.766666412353516,22.766666412353516,22.266666412353516,22.28333282470703,18.285619735717773,150300
2001-07-25,22.200000762939453,22.616666793823242,21.883333206176758,21.883333206176758,17.957380294799805,179100
2001-07-26,22.850000381469727,24.149999618530273,22.766666412353516,23.916667938232422,19.625934600830078,281700
2001-07-27,24.166667938232422,24.733333587646484,24.166667938232422,24.469999313354492,20.07999038696289,121500
2001-07-30,24.59666633605957,24.84666633605957,24.43000030517578,24.633333206176758,20.214027404785156,7800
2001-07-31,25.133333206176758,25.133333206176758,24.633333206176758,24.633333206176758,20.214027404785156,152100
2001-08-01,25.583332061767578,26.233333587646484,25.583332061767578,25.916667938232422,21.267120361328125,28500
2001-08-02,26.566667556762695,26.649999618530273,26.383333206176758,26.416667938232422,21.677425384521484,64800
2001-08-03,26.416667938232422,26.416667938232422,25.916667938232422,26.083332061767578,21.403884887695312,9600
2001-08-06,25.516666412353516,25.71666717529297,25.46666717529297,25.616666793823242,21.020933151245117,21900
2001-08-07,25.200000762939453,25.219999313354492,25.0,25.219999313354492,20.695449829101562,18600
2001-08-08,25.113332748413086,25.516666412353516,24.933332443237305,24.933332443237305,20.46019744873047,18900
2001-08-09,24.0,24.25,24.0,24.25,19.899452209472656,3000
2001-08-10,24.200000762939453,24.333332061767578,24.200000762939453,24.299999237060547,19.94048309326172,12600
2001-08-13,24.833332061767578,24.933332443237305,24.700000762939453,24.883333206176758,20.419170379638672,24300
2001-08-14,25.066667556762695,25.066667556762695,24.983333587646484,24.983333587646484,20.501224517822266,4200
2001-08-15,24.583332061767578,24.583332061767578,24.00666618347168,24.00666618347168,19.699777603149414,6300
2001-08-16,23.333332061767578,23.700000762939453,23.100000381469727,23.700000762939453,19.448131561279297,13500
2001-08-17,23.333332061767578,23.333332061767578,22.866666793823242,22.866666793823242,18.76429557800293,1500
2001-08-20,23.0,23.149999618530273,22.850000381469727,23.116666793823242,18.969451904296875,32700
2001-08-21,23.100000381469727,23.100000381469727,22.53333282470703,22.53333282470703,18.490764617919922,4200
2001-08-22,22.729999542236328,23.233333587646484,22.5,23.233333587646484,19.065183639526367,8400
2001-08-23,23.3700008392334,23.663333892822266,23.309999465942383,23.350000381469727,19.160919189453125,3000
2001-08-24,23.75666618347168,24.483333587646484,23.666667938232422,24.356666564941406,19.986989974975586,1200
2001-08-27,24.5,25.1299991607666,24.5,24.899999618530273,20.432851791381836,12300
2001-08-28,24.450000762939453,24.549999237060547,24.316667556762695,24.316667556762695,19.95417022705078,3000
2001-08-29,24.433332443237305,24.433332443237305,23.46666717529297,23.46666717529297,19.25665855407715,900
2001-08-30,22.549999237060547,22.833332061767578,22.5,22.833332061767578,18.73694610595703,3600
2001-08-31,22.666667938232422,23.15999984741211,22.666667938232422,22.946666717529297,18.8299503326416,6000
2001-09-04,22.866666793823242,23.156667709350586,22.333332061767578,22.333332061767578,18.326644897460938,3300
2001-09-05,22.246667861938477,22.246667861938477,21.53333282470703,21.566667556762695,17.697526931762695,22500
2001-09-06,21.333332061767578,21.666667938232422,20.46666717529297,20.566667556762695,16.876930236816406,792000
2001-09-07,20.383333206176758,21.226667404174805,20.383333206176758,20.71666717529297,17.00002098083496,9900
2001-09-10,20.613332748413086,20.913333892822266,20.613332748413086,20.696666717529297,16.983610153198242,3900
2001-09-17,19.0,19.593332290649414,18.799999237060547,18.799999237060547,15.427210807800293,24600
2001-09-18,18.75,18.906667709350586,18.503332138061523,18.906667709350586,15.514737129211426,1200
2001-09-19,17.123332977294922,17.316667556762695,15.899999618530273,17.316667556762695,14.209989547729492,40200
2001-09-20,16.549999237060547,17.066667556762695,16.200000762939453,16.200000762939453,13.293656349182129,51000
2001-09-21,15.133333206176758,16.100000381469727,15.133333206176758,15.416666984558105,12.650854110717773,11400
2001-09-24,16.333332061767578,16.950000762939453,16.333332061767578,16.950000762939453,13.909107208251953,28500
2001-09-25,17.233333587646484,17.233333587646484,16.5,16.5,13.53984260559082,12900
2001-09-26,16.899999618530273,16.899999618530273,16.0,16.03333282470703,13.156891822814941,9600
2001-09-27,15.333333015441895,15.550000190734863,14.963333129882812,15.550000190734863,12.760266304016113,3600
2001-09-28,15.916666984558105,16.166667938232422,15.633333206176758,15.983332633972168,13.115862846374512,14400
2001-10-01,15.733332633972168,15.733332633972168,15.449999809265137,15.449999809265137,12.678211212158203,5100
2001-10-02,15.75,15.75,15.166666984558105,15.166666984558105,12.445709228515625,12900
2001-10-03,15.0,16.78333282470703,14.966667175292969,16.616666793823242,13.63557243347168,12900
2001-10-04,17.0,17.979999542236328,16.633333206176758,17.583332061767578,14.428813934326172,22800
2001-10-05,17.333332061767578,17.799999237060547,16.633333206176758,17.690000534057617,14.516348838806152,23700
2001-10-08,17.333332061767578,18.566667556762695,17.299999237060547,18.399999618530273,15.09897518157959,49200
2001-10-09,17.96666717529297,17.96666717529297,17.516666412353516,17.566667556762695,14.415141105651855,22200
2001-10-10,17.53333282470703,18.566667556762695,17.416667938232422,18.566667556762695,15.23574447631836,28200
2001-10-11,19.26333236694336,20.27666664123535,19.26333236694336,20.213333129882812,16.58698272705078,62100
2001-10-12,19.733333587646484,20.016666412353516,19.266666412353516,19.866666793823242,16.302513122558594,26400
2001-10-15,19.71666717529297,19.71666717529297,19.31999969482422,19.450000762939453,15.960592269897461,7800
2001-10-16,19.766666412353516,20.049999237060547,19.5,20.049999237060547,16.452959060668945,6600
2001-10-17,20.549999237060547,20.600000381469727,19.233333587646484,19.233333587646484,15.782805442810059,15000
2001-10-18,18.75,18.883333206176758,18.299999237060547,18.53333282470703,15.208385467529297,13200
2001-10-19,18.149999618530273,18.68000030517578,18.149999618530273,18.68000030517578,15.328727722167969,6900
2001-10-22,18.516666412353516,19.600000381469727,18.516666412353516,19.600000381469727,16.083688735961914,23100
2001-10-23,19.799999237060547,20.086666107177734,19.469999313354492,19.516666412353516,16.015304565429688,4500
2001-10-24,20.066667556762695,20.296667098999023,19.97333335876465,20.1299991607666,16.518598556518555,16800
2001-10-25,19.700000762939453,21.0,19.450000762939453,21.0,17.23252296447754,10200
2001-10-26,21.133333206176758,21.183332443237305,20.799999237060547,21.079999923706055,17.298166275024414,22500
2001-10-29,20.416667938232422,20.416667938232422,19.916667938232422,19.916667938232422,16.343547821044922,7500
2001-10-30,19.183332443237305,19.183332443237305,18.676666259765625,18.71666717529297,15.358826637268066,16800
2001-10-31,19.43666648864746,20.046667098999023,19.406667709350586,19.406667709350586,15.925034523010254,8100
2001-11-01,19.78333282470703,20.64666748046875,19.78333282470703,20.600000381469727,16.904277801513672,3612900
2001-11-02,20.983333587646484,20.996667861938477,20.503332138061523,20.799999237060547,17.06839942932129,2115300
2001-11-05,21.549999237060547,21.6299991607666,21.433332443237305,21.6299991607666,17.749500274658203,2100
2001-11-06,21.200000762939453,22.28333282470703,21.200000762939453,22.233333587646484,18.24459457397461,13500
2001-11-07,22.059999465942383,22.636667251586914,22.020000457763672,22.393333435058594,18.375885009765625,144000
2001-11-08,22.666667938232422,23.17333221435547,21.766666412353516,21.786666870117188,17.878053665161133,627300
2001-11-09,22.00666618347168,22.200000762939453,21.753332138061523,21.963333129882812,18.02303123474121,207900
2001-11-12,21.53333282470703,22.516666412353516,21.5,22.389999389648438,18.373149871826172,76800
2001-11-13,23.233333587646484,23.46666717529297,22.97333335876465,23.383333206176758,19.188276290893555,18900
2001-11-14,24.0,24.0,22.96666717529297,23.5,19.284006118774414,60900
2001-11-15,23.383333206176758,23.583332061767578,23.049999237060547,23.266666412353516,19.0925350189209,200400
2001-11-16,23.416667938232422,23.46666717529297,23.0,23.183332443237305,19.024158477783203,24600
2001-11-19,23.42333221435547,23.44333267211914,22.75,23.086666107177734,18.944828033447266,24300
2001-11-20,22.78333282470703,22.833332061767578,21.77666664123535,21.77666664123535,17.869850158691406,29100
2001-11-21,21.683332443237305,22.049999237060547,21.51333236694336,22.049999237060547,18.094146728515625,42300
2001-11-23,22.049999237060547,22.469999313354492,22.049999237060547,22.416667938232422,18.395036697387695,13200
2001-11-26,22.733333587646484,23.333332061767578,22.733333587646484,23.31999969482422,19.136308670043945,9300
2001-11-27,22.799999237060547,23.89666748046875,22.656667709350586,23.343332290649414,19.155445098876953,43500
2001-11-28,23.016666412353516,23.016666412353516,22.303333282470703,22.303333282470703,18.302030563354492,18600
2001-11-29,22.433332443237305,22.946666717529297,22.21666717529297,22.913333892822266,18.80259132385254,19200
2001-11-30,22.633333206176758,22.709999084472656,22.34000015258789,22.613332748413086,18.556411743164062,50400
2001-12-03,22.366666793823242,22.643333435058594,22.21666717529297,22.316667556762695,18.312965393066406,10500
2001-12-04,22.683332443237305,23.416667938232422,22.683332443237305,23.416667938232422,19.21563148498535,14400
2001-12-05,24.083332061767578,25.46666717529297,24.083332061767578,25.28333282470703,20.74741554260254,33000
2001-12-06,25.116666793823242,25.43666648864746,24.85333251953125,25.116666793823242,20.610647201538086,28500
2001-12-07,24.933332443237305,24.933332443237305,24.0,24.21666717529297,19.87210464477539,19200
2001-12-10,24.133333206176758,24.133333206176758,23.656667709350586,23.700000762939453,19.448131561279297,132000
2001-12-11,24.133333206176758,24.433332443237305,23.93666648864746,23.953332901000977,19.656017303466797,30600
2001-12-12,24.21666717529297,24.309999465942383,23.75,23.883333206176758,19.598581314086914,4800
2001-12-13,23.583332061767578,23.583332061767578,22.753332138061523,22.753332138061523,18.671289443969727,36600
2001-12-14,22.916667938232422,23.386667251586914,22.75,23.219999313354492,19.054244995117188,75900
2001-12-17,23.543333053588867,23.850000381469727,23.496667861938477,23.733333587646484,19.47548484802246,31500
2001-12-18,23.963333129882812,23.963333129882812,23.71666717529297,23.916667938232422,19.625934600830078,45000
2001-12-19,23.0,23.30666732788086,22.683332443237305,22.683332443237305,18.613862991333008,519600
2001-12-20,22.333332061767578,22.433332443237305,21.52666664123535,21.536666870117188,17.672901153564453,62400
2001-12-21,22.0,22.079999923706055,21.866666793823242,22.079999923706055,18.118770599365234,24900
2001-12-24,22.03333282470703,22.03333282470703,21.916667938232422,21.916667938232422,17.9847354888916,4500
2001-12-26,22.363332748413086,22.540000915527344,22.040000915527344,22.183332443237305,18.203554153442383,34200
2001-12-27,22.336666107177734,22.57666778564453,22.336666107177734,22.52666664123535,18.48529815673828,103800
2001-12-28,22.799999237060547,22.959999084472656,22.566667556762695,22.71666717529297,18.641210556030273,132300
2001-12-31,22.733333587646484,22.733333587646484,22.100000381469727,22.166667938232422,18.189889907836914,23100
2002-01-02,22.633333206176758,23.066667556762695,22.46666717529297,23.066667556762695,18.928415298461914,207900
2002-01-03,23.5,24.906667709350586,23.5,24.833332061767578,20.37813949584961,251700
2002-01-04,25.299999237060547,25.329999923706055,24.299999237060547,24.746667861938477,20.307025909423828,111600
2002-01-07,25.0,25.0,24.133333206176758,24.203332901000977,19.861160278320312,24900
2002-01-08,24.15333366394043,24.663333892822266,23.983333587646484,24.266666412353516,19.913135528564453,79500
2002-01-09,24.666667938232422,25.036666870117188,24.133333206176758,24.133333206176758,19.803720474243164,19200
2002-01-10,24.036666870117188,24.15333366394043,23.823333740234375,23.860000610351562,19.579425811767578,32700
2002-01-11,24.266666412353516,24.266666412353516,23.666667938232422,23.733333587646484,19.47548484802246,43800
2002-01-14,23.666667938232422,23.676666259765625,23.253332138061523,23.270000457763672,19.09526824951172,52200
2002-01-15,23.549999237060547,23.549999237060547,23.003332138061523,23.333332061767578,19.14724349975586,765300
2002-01-16,22.649999618530273,22.823333740234375,22.34666633605957,22.34666633605957,18.33758544921875,1594800
2002-01-17,22.700000762939453,22.916667938232422,22.316667556762695,22.883333206176758,18.777971267700195,25200
2002-01-18,22.166667938232422,22.559999465942383,22.166667938232422,22.299999237060547,18.299291610717773,18000
2002-01-22,22.433332443237305,22.433332443237305,21.299999237060547,21.299999237060547,17.47870445251465,16500
2002-01-23,21.75,22.053333282470703,21.366666793823242,21.933332443237305,17.998409271240234,34500
2002-01-24,22.133333206176758,22.573333740234375,22.133333206176758,22.273332595825195,18.277414321899414,27900
2002-01-25,22.25666618347168,22.666667938232422,22.166667938232422,22.489999771118164,18.455211639404297,4500
2002-01-28,22.799999237060547,22.96666717529297,22.540000915527344,22.886667251586914,18.78071403503418,9300
2002-01-29,23.25,23.25,22.293333053588867,22.360000610351562,18.348522186279297,27300
2002-01-30,22.233333587646484,22.933332443237305,22.233333587646484,22.933332443237305,18.81900405883789,16800
2002-01-31,23.333332061767578,23.333332061767578,22.809999465942383,23.113332748413086,18.96671485900879,12600
2002-02-01,22.983333587646484,22.983333587646484,22.883333206176758,22.883333206176758,18.777971267700195,7200
2002-02-04,22.916667938232422,22.916667938232422,22.299999237060547,22.456666946411133,18.427854537963867,14400
2002-02-05,22.333332061767578,22.579999923706055,22.133333206176758,22.133333206176758,18.162534713745117,2700
2002-02-06,22.333332061767578,22.333332061767578,21.950000762939453,22.066667556762695,18.107833862304688,429900
2002-02-07,21.78333282470703,22.100000381469727,21.350000381469727,21.350000381469727,17.519729614257812,11400
2002-02-08,21.53333282470703,21.829999923706055,21.206666946411133,21.816667556762695,17.902677536010742,62100
2002-02-11,22.049999237060547,22.65999984741211,22.049999237060547,22.65999984741211,18.594703674316406,207000
2002-02-12,22.46666717529297,22.92333221435547,22.260000228881836,22.53333282470703,18.490764617919922,14700
2002-02-13,22.99333381652832,23.049999237060547,22.969999313354492,23.03333282470703,18.90106964111328,9900
2002-02-14,23.270000457763672,23.34666633605957,22.773332595825195,22.90999984741211,18.79985809326172,12900
2002-02-15,22.700000762939453,22.700000762939453,22.360000610351562,22.360000610351562,18.348522186279297,1800
2002-02-19,22.0,22.00666618347168,21.3799991607666,21.3799991607666,17.54435157775879,26400
2002-02-20,21.600000381469727,21.816667556762695,20.940000534057617,21.816667556762695,17.902677536010742,38700
2002-02-21,21.113332748413086,21.25666618347168,20.416667938232422,20.46666717529297,16.79487419128418,246300
2002-02-22,20.5,20.6200008392334,20.18000030517578,20.553333282470703,16.865985870361328,104400
2002-02-25,20.71666717529297,21.733333587646484,20.71666717529297,21.633333206176758,17.752227783203125,182100
2002-02-26,21.75,21.799999237060547,21.143333435058594,21.316667556762695,17.492385864257812,14700
2002-02-27,21.633333206176758,21.93000030517578,21.073333740234375,21.219999313354492,17.413055419921875,90300
2002-02-28,21.393333435058594,21.393333435058594,20.566667556762695,20.566667556762695,16.876930236816406,325500
2002-03-01,21.25,22.53333282470703,21.25,22.47333335876465,18.44153594970703,250200
2002-03-04,22.833332061767578,24.049999237060547,22.636667251586914,23.950000762939453,19.653287887573242,172800
2002-03-05,23.883333206176758,24.53333282470703,23.883333206176758,24.356666564941406,19.986989974975586,492600
2002-03-06,24.133333206176758,24.399999618530273,23.67333221435547,24.30666732788086,19.945964813232422,504600
2002-03-07,24.833332061767578,24.89666748046875,24.149999618530273,24.51333236694336,20.115550994873047,304200
2002-03-08,25.066667556762695,25.50666618347168,25.066667556762695,25.399999618530273,20.8431453704834,40500
2002-03-11,24.899999618530273,25.19333267211914,24.516666412353516,24.893333435058594,20.427379608154297,145800
2002-03-12,23.866666793823242,24.106666564941406,23.75,24.010000228881836,19.702516555786133,18900
2002-03-13,23.583332061767578,23.65999984741211,23.166667938232422,23.356666564941406,19.166393280029297,330000
2002-03-14,23.583332061767578,23.583332061767578,23.226667404174805,23.293333053588867,19.114423751831055,9600
2002-03-15,23.266666412353516,23.700000762939453,23.266666412353516,23.636667251586914,19.396156311035156,32400
2002-03-18,24.200000762939453,24.433332443237305,23.866666793823242,23.916667938232422,19.625934600830078,45300
2002-03-19,24.046667098999023,24.31333351135254,23.983333587646484,24.066667556762695,19.7490177154541,42900
2002-03-20,23.48666763305664,23.583332061767578,23.23666763305664,23.23666763305664,19.067930221557617,22500
2002-03-21,23.333332061767578,23.833332061767578,23.126667022705078,23.833332061767578,19.557531356811523,217500
2002-03-22,23.766666412353516,23.883333206176758,23.566667556762695,23.566667556762695,19.338716506958008,20100
2002-03-25,23.633333206176758,23.799999237060547,22.92333221435547,22.92333221435547,18.810800552368164,27000
2002-03-26,22.96666717529297,23.56333351135254,22.816667556762695,23.28333282470703,19.106216430664062,27900
2002-03-27,23.399999618530273,23.479999542236328,23.123332977294922,23.31999969482422,19.136308670043945,310200
2002-03-28,23.816667556762695,24.0,23.74333381652832,23.74333381652832,19.48369598388672,481500
2002-04-01,23.46666717529297,24.496667861938477,23.46666717529297,24.333332061767578,19.96784210205078,128100
2002-04-02,24.066667556762695,24.066667556762695,23.6200008392334,23.6200008392334,19.382482528686523,21300
2002-04-03,23.549999237060547,23.566667556762695,22.926666259765625,23.1200008392334,18.972185134887695,237000
2002-04-04,23.383333206176758,23.383333206176758,22.950000762939453,23.200000762939453,19.03783416748047,468000
2002-04-05,23.100000381469727,23.116666793823242,22.933332443237305,23.00666618347168,18.879180908203125,4500
2002-04-08,22.24333381652832,23.03333282470703,22.083332061767578,22.933332443237305,18.81900405883789,33600
2002-04-09,22.850000381469727,22.850000381469727,22.350000381469727,22.416667938232422,18.395036697387695,36900
2002-04-10,22.46666717529297,22.566667556762695,21.85333251953125,22.5,18.463420867919922,92700
2002-04-11,22.200000762939453,22.49333381652832,21.913333892822266,22.049999237060547,18.094146728515625,24000
2002-04-12,22.200000762939453,22.233333587646484,21.803333282470703,22.166667938232422,18.189889907836914,42300
2002-04-15,22.5,22.666667938232422,22.200000762939453,22.649999618530273,18.586505889892578,28500
2002-04-16,23.666667938232422,23.98666763305664,23.6200008392334,23.886667251586914,19.601299285888672,46500
2002-04-17,24.299999237060547,24.690000534057617,24.09000015258789,24.406667709350586,20.028017044067383,1386600
2002-04-18,23.916667938232422,24.083332061767578,23.333332061767578,23.676666259765625,19.428987503051758,34800
2002-04-19,23.833332061767578,23.983333587646484,23.299999237060547,23.366666793823242,19.17459487915039,37500
2002-04-22,23.03333282470703,23.03333282470703,22.766666412353516,22.950000762939453,18.832683563232422,471300
2002-04-23,23.049999237060547,23.28333282470703,22.413333892822266,22.5,18.463420867919922,67800
2002-04-24,22.700000762939453,22.766666412353516,21.733333587646484,21.766666412353516,17.86164665222168,41400
2002-04-25,21.733333587646484,21.983333587646484,21.450000762939453,21.950000762939453,18.01209259033203,251400
2002-04-26,22.166667938232422,22.200000762939453,20.976667404174805,21.0,17.23252296447754,239400
2002-04-29,21.149999618530273,21.626667022705078,20.860000610351562,21.049999237060547,17.273550033569336,209400
2002-04-30,21.116666793823242,21.950000762939453,21.116666793823242,21.5,17.642822265625,93300
2002-05-01,21.433332443237305,21.82666778564453,20.856666564941406,21.579999923706055,17.708459854125977,27900
2002-05-02,21.566667556762695,21.916667938232422,20.656667709350586,20.700000762939453,16.986345291137695,89400
2002-05-03,20.416667938232422,20.416667938232422,19.649999618530273,19.84666633605957,16.286108016967773,99300
2002-05-06,20.083332061767578,20.266666412353516,19.406667709350586,19.450000762939453,15.960592269897461,21300
2002-05-07,19.516666412353516,19.639999389648438,18.950000762939453,19.333332061767578,15.864864349365234,542700
2002-05-08,20.733333587646484,21.709999084472656,20.616666793823242,21.600000381469727,17.724884033203125,215100
2002-05-09,21.53333282470703,21.613332748413086,20.899999618530273,21.25666618347168,17.443147659301758,46800
2002-05-10,21.049999237060547,21.049999237060547,19.906667709350586,20.059999465942383,16.46115493774414,72900
2002-05-13,20.383333206176758,21.1299991607666,20.333332061767578,21.1299991607666,17.339195251464844,37800
2002-05-14,22.350000381469727,22.53333282470703,22.003332138061523,22.48666763305664,18.452476501464844,107700
2002-05-15,22.0,23.049999237060547,21.81999969482422,22.303333282470703,18.302030563354492,87300
2002-05-16,22.333332061767578,22.6299991607666,22.03333282470703,22.6299991607666,18.570100784301758,42600
2002-05-17,22.933332443237305,22.946666717529297,22.333332061767578,22.64666748046875,18.583765029907227,40800
2002-05-20,22.433332443237305,22.46666717529297,22.166667938232422,22.363332748413086,18.351266860961914,17700
2002-05-21,22.433332443237305,22.53333282470703,21.56333351135254,21.75,17.847965240478516,45000
2002-05-22,21.5,21.833332061767578,21.149999618530273,21.213333129882812,17.40758514404297,147000
2002-05-23,21.666667938232422,21.666667938232422,21.0,21.663333892822266,17.776845932006836,41700
2002-05-24,20.899999618530273,21.030000686645508,20.78333282470703,20.899999618530273,17.15046501159668,49500
2002-05-28,21.0,21.0,20.566667556762695,20.816667556762695,17.08207130432129,16200
2002-05-29,20.333332061767578,20.413333892822266,20.133333206176758,20.18666648864746,16.565101623535156,38400
2002-05-30,19.733333587646484,20.116666793823242,19.450000762939453,19.963333129882812,16.381832122802734,57300
2002-05-31,20.21666717529297,20.46666717529297,19.916667938232422,19.933332443237305,16.357215881347656,375600
2002-06-03,19.700000762939453,19.700000762939453,18.916667938232422,18.96666717529297,15.563969612121582,80700
2002-06-04,18.899999618530273,19.600000381469727,18.799999237060547,19.3799991607666,15.903156280517578,65400
2002-06-05,19.566667556762695,19.566667556762695,19.0,19.496667861938477,15.998899459838867,40500
2002-06-06,18.93666648864746,19.016666412353516,18.633333206176758,18.796667098999023,15.424485206604004,91500
2002-06-07,17.600000381469727,18.21666717529297,17.333332061767578,18.213333129882812,14.945789337158203,100800
2002-06-10,18.166667938232422,18.413333892822266,17.989999771118164,18.02666664123535,14.79261302947998,359100
2002-06-11,18.086666107177734,18.1299991607666,17.25,17.25,14.15528678894043,324900
2002-06-12,17.450000762939453,17.816667556762695,17.023332595825195,17.780000686645508,14.590203285217285,94800
2002-06-13,17.636667251586914,18.113332748413086,17.446666717529297,17.536666870117188,14.390522956848145,1902600
2002-06-14,16.666667938232422,17.666667938232422,16.600000381469727,17.5,14.360430717468262,42600
2002-06-17,17.950000762939453,18.549999237060547,17.950000762939453,18.383333206176758,15.085294723510742,53700
2002-06-18,18.366666793823242,18.899999618530273,18.166667938232422,18.166667938232422,14.90750503540039,68400
2002-06-19,17.516666412353516,17.75,16.916667938232422,16.950000762939453,13.909107208251953,352500
2002-06-20,17.25,17.25,16.083332061767578,16.200000762939453,13.293656349182129,125700
2002-06-21,16.170000076293945,16.376667022705078,15.683333396911621,15.760000228881836,12.932596206665039,125700
2002-06-24,15.783332824707031,16.549999237060547,15.566666603088379,16.46666717529297,13.512482643127441,62100
2002-06-25,16.583332061767578,16.583332061767578,15.483332633972168,15.566666603088379,12.773946762084961,76800
2002-06-26,14.800000190734863,15.566666603088379,14.800000190734863,15.50333309173584,12.72197437286377,26700
2002-06-27,16.166667938232422,16.3799991607666,15.75,16.233333587646484,13.321014404296875,240300
2002-06-28,16.266666412353516,16.703332901000977,15.949999809265137,15.970000267028809,13.104925155639648,105000
2002-07-01,16.100000381469727,16.21666717529297,15.25,15.25,12.514090538024902,75600
2002-07-02,15.0,15.116666793823242,14.566666603088379,14.696666717529297,12.060029983520508,51000
2002-07-03,14.416666984558105,15.216667175292969,14.416666984558105,15.199999809265137,12.473063468933105,70200
2002-07-05,16.0,16.450000762939453,15.933333396911621,16.450000762939453,13.498807907104492,39000
2002-07-08,16.483333587646484,16.483333587646484,15.833333015441895,15.833333015441895,12.992776870727539,16800
2002-07-09,15.600000381469727,15.616666793823242,15.266667366027832,15.266667366027832,12.527769088745117,29400
2002-07-10,15.449999809265137,15.453332901000977,14.696666717529297,14.796667098999023,12.142088890075684,36900
2002-07-11,14.516667366027832,15.539999961853027,14.380000114440918,15.539999961853027,12.752067565917969,107400
2002-07-12,15.666666984558105,15.983332633972168,15.426667213439941,15.84333324432373,13.000982284545898,114000
2002-07-15,15.466667175292969,16.0,15.24666690826416,15.883333206176758,13.033803939819336,63600
2002-07-16,16.399999618530273,16.933332443237305,16.0,16.209999084472656,13.301863670349121,239700
2002-07-17,17.183332443237305,17.183332443237305,15.930000305175781,16.28333282470703,13.362041473388672,317100
2002-07-18,16.22333335876465,16.433332443237305,15.83666706085205,15.916666984558105,13.061156272888184,61200
2002-07-19,15.583333015441895,16.053333282470703,15.366666793823242,15.466667175292969,12.691885948181152,149400
2002-07-22,15.5,15.726667404174805,15.0,15.116666793823242,12.404682159423828,150300
2002-07-23,15.083333015441895,15.270000457763672,14.333333015441895,14.333333015441895,11.761878967285156,245100
2002-07-24,13.866666793823242,14.936667442321777,13.866666793823242,14.936667442321777,12.25697135925293,103800
2002-07-25,14.383333206176758,14.383333206176758,12.973333358764648,13.526666641235352,11.099933624267578,259500
2002-07-26,13.566666603088379,13.596667289733887,12.916666984558105,13.216667175292969,10.845548629760742,89400
2002-07-29,13.699999809265137,14.176667213439941,13.466667175292969,14.133333206176758,11.597762107849121,77100
2002-07-30,14.180000305175781,14.643333435058594,13.9399995803833,14.516667366027832,11.912322998046875,69000
2002-07-31,14.19333267211914,14.216667175292969,13.65999984741211,13.800000190734863,11.324227333068848,72600
2002-08-01,13.699999809265137,13.899999618530273,13.039999961853027,13.039999961853027,10.700572967529297,51600
2002-08-02,13.0,13.0,12.323332786560059,12.50333309173584,10.260187149047852,153900
2002-08-05,12.5,12.50333309173584,11.703332901000977,11.796667098999023,9.68030071258545,80100
2002-08-06,12.25,12.819999694824219,12.233332633972168,12.5,10.257452964782715,76800
2002-08-07,13.216667175292969,13.216667175292969,12.166666984558105,12.763333320617676,10.473544120788574,217800
2002-08-08,12.536666870117188,13.333333015441895,12.383333206176758,13.236666679382324,10.861957550048828,54300
2002-08-09,12.866666793823242,13.256667137145996,12.770000457763672,13.166666984558105,10.804519653320312,78000
2002-08-12,12.766667366027832,12.899999618530273,12.716667175292969,12.850000381469727,10.544658660888672,104400
2002-08-13,12.866666793823242,13.270000457763672,12.386667251586914,12.386667251586914,10.164450645446777,30600
2002-08-14,12.350000381469727,13.183333396911621,12.203332901000977,13.143333435058594,10.785369873046875,85200
2002-08-15,13.383333206176758,13.58666706085205,13.033332824707031,13.416666984558105,11.009666442871094,109200
2002-08-16,13.300000190734863,14.449999809265137,13.283332824707031,14.25,11.69349479675293,243600
2002-08-19,14.25,15.083333015441895,14.229999542236328,14.920000076293945,12.243291854858398,129300
2002-08-20,14.666666984558105,14.666666984558105,14.216667175292969,14.283332824707031,11.720845222473145,124200
2002-08-21,14.716667175292969,14.99666690826416,14.356666564941406,14.883333206176758,12.213208198547363,66300
2002-08-22,14.883333206176758,15.273332595825195,14.683333396911621,14.966667175292969,12.281593322753906,170100
2002-08-23,14.466667175292969,14.623332977294922,14.0,14.079999923706055,11.55399227142334,120000
2002-08-26,14.0,14.206666946411133,13.670000076293945,14.096667289733887,11.567671775817871,73800
2002-08-27,14.149999618530273,14.149999618530273,13.366666793823242,13.466667175292969,11.05069637298584,135900
2002-08-28,13.016667366027832,13.289999961853027,12.706666946411133,12.770000457763672,10.479013442993164,70200
2002-08-29,12.5,13.00333309173584,12.363332748413086,12.813332557678223,10.514571189880371,136800
2002-08-30,12.546667098999023,12.949999809265137,12.546667098999023,12.666666984558105,10.394222259521484,150000
2002-09-03,12.41333293914795,12.41333293914795,11.966667175292969,12.033332824707031,9.874507904052734,83400
2002-09-04,12.0,12.216667175292969,11.649999618530273,12.100000381469727,9.929215431213379,157200
2002-09-05,11.866666793823242,11.866666793823242,11.5600004196167,11.58666706085205,9.507975578308105,143400
2002-09-06,12.300000190734863,12.350000381469727,12.170000076293945,12.270000457763672,10.068717002868652,120000
2002-09-09,11.933333396911621,12.263333320617676,11.816666603088379,12.233332633972168,10.03862476348877,93000
2002-09-10,12.266667366027832,12.729999542236328,12.233332633972168,12.513333320617676,10.268393516540527,99900
2002-09-11,13.066666603088379,13.066666603088379,12.703332901000977,12.716667175292969,10.435251235961914,166200
2002-09-12,12.25,12.313332557678223,11.90666675567627,11.90666675567627,9.770564079284668,131400
2002-09-13,11.766667366027832,12.006667137145996,11.633333206176758,11.733332633972168,9.628329277038574,169200
2002-09-16,11.533332824707031,11.533332824707031,11.133333206176758,11.216667175292969,9.20435619354248,192300
2002-09-17,11.699999809265137,11.699999809265137,10.920000076293945,10.979999542236328,9.01014518737793,264900
2002-09-18,10.766667366027832,11.0,10.603333473205566,10.783332824707031,8.848762512207031,846300
2002-09-19,10.5600004196167,10.793333053588867,10.41333293914795,10.520000457763672,8.632671356201172,274800
2002-09-20,10.626667022705078,10.6899995803833,10.303333282470703,10.363332748413086,8.504114151000977,48900
2002-09-23,10.199999809265137,10.199999809265137,9.720000267028809,9.896666526794434,8.121163368225098,193800
2002-09-24,9.796667098999023,10.25,9.773332595825195,9.930000305175781,8.148523330688477,168600
2002-09-25,10.216667175292969,10.776666641235352,10.0600004196167,10.616666793823242,8.711995124816895,193500
2002-09-26,10.716667175292969,10.84333324432373,10.1899995803833,10.399999618530273,8.534199714660645,68400
2002-09-27,10.220000267028809,10.616666793823242,10.143333435058594,10.153332710266113,8.331783294677734,42300
2002-09-30,9.833333015441895,9.896666526794434,9.69333267211914,9.84333324432373,8.077398300170898,29100
2002-10-01,10.066666603088379,10.399999618530273,9.720000267028809,10.399999618530273,8.534199714660645,57300
2002-10-02,10.333333015441895,10.766667366027832,10.153332710266113,10.203332901000977,8.372817993164062,217800
2002-10-03,10.020000457763672,10.066666603088379,9.80666732788086,9.899999618530273,8.1239013671875,41400
2002-10-04,9.850000381469727,9.850000381469727,9.279999732971191,9.383333206176758,7.699923038482666,435600
2002-10-07,9.119999885559082,9.293333053588867,8.963333129882812,8.963333129882812,7.355275630950928,44400
2002-10-08,9.100000381469727,9.100000381469727,8.616666793823242,8.866666793823242,7.275954246520996,106500
2002-10-09,8.75,9.050000190734863,8.649999618530273,8.649999618530273,7.0981597900390625,60000
2002-10-10,8.699999809265137,9.523332595825195,8.699999809265137,9.34333324432373,7.667104244232178,686700
2002-10-11,9.800000190734863,10.40999984741211,9.800000190734863,10.183333396911621,8.356406211853027,661500
2002-10-14,10.050000190734863,10.283332824707031,9.916666984558105,10.216667175292969,8.383760452270508,100200
2002-10-15,11.149999618530273,11.229999542236328,10.9399995803833,11.229999542236328,9.215292930603027,143400
2002-10-16,10.266667366027832,10.333333015441895,10.0,10.0,8.205962181091309,127200
2002-10-17,10.760000228881836,10.90666675567627,10.619999885559082,10.756667137145996,8.826881408691406,282600
2002-10-18,10.50333309173584,11.020000457763672,10.399999618530273,10.94333267211914,8.980058670043945,140400
2002-10-21,10.800000190734863,11.616666793823242,10.653332710266113,11.616666793823242,9.532591819763184,95100
2002-10-22,10.766667366027832,11.203332901000977,10.699999809265137,10.833333015441895,8.889790534973145,106200
2002-10-23,10.989999771118164,11.683333396911621,10.819999694824219,11.666666984558105,9.573622703552246,66900
2002-10-24,11.800000190734863,12.100000381469727,11.286666870117188,11.333333015441895,9.300089836120605,276300
2002-10-25,11.403332710266113,11.899999618530273,11.403332710266113,11.880000114440918,9.748680114746094,78900
2002-10-28,12.266667366027832,12.350000381469727,11.893333435058594,11.963333129882812,9.817068099975586,75900
2002-10-29,11.953332901000977,12.066666603088379,11.09000015258789,11.563332557678223,9.48883056640625,165000
2002-10-30,11.670000076293945,12.346667289733887,11.603333473205566,12.206666946411133,10.016745567321777,104700
2002-10-31,12.399999618530273,12.493332862854004,12.066666603088379,12.166666984558105,9.983922004699707,64500
2002-11-01,12.033332824707031,12.883333206176758,12.033332824707031,12.760000228881836,10.470808029174805,132000
2002-11-04,13.333333015441895,13.930000305175781,13.270000457763672,13.449999809265137,11.037016868591309,570300
2002-11-05,13.166666984558105,13.483332633972168,12.883333206176758,13.199999809265137,10.831867218017578,107400
2002-11-06,13.399999618530273,13.699999809265137,13.023332595825195,13.569999694824219,11.135492324829102,150600
2002-11-07,13.166666984558105,13.196666717529297,12.600000381469727,12.616666793823242,10.353184700012207,428700
2002-11-08,12.666666984558105,12.743332862854004,12.216667175292969,12.399999618530273,10.175392150878906,188100
2002-11-11,12.100000381469727,12.100000381469727,11.58666706085205,11.733332633972168,9.628329277038574,207000
2002-11-12,11.916666984558105,12.513333320617676,11.853333473205566,12.166666984558105,9.983922004699707,96600
2002-11-13,12.149999618530273,12.446666717529297,11.916666984558105,12.106666564941406,9.934683799743652,81000
2002-11-14,12.666666984558105,13.126667022705078,12.516667366027832,13.100000381469727,10.749813079833984,308700
2002-11-15,12.733332633972168,13.180000305175781,12.673333168029785,13.100000381469727,10.749813079833984,184200
2002-11-18,13.416666984558105,13.573332786560059,13.149999618530273,13.149999618530273,10.790842056274414,100200
2002-11-19,13.076666831970215,13.180000305175781,12.736666679382324,12.816666603088379,10.517304420471191,201900
2002-11-20,13.029999732971191,13.74666690826416,13.026666641235352,13.643333435058594,11.195667266845703,93000
2002-11-21,14.116666793823242,14.833333015441895,14.100000381469727,14.833333015441895,12.172175407409668,270300
2002-11-22,14.433333396911621,14.896666526794434,14.433333396911621,14.696666717529297,12.060029983520508,355800
2002-11-25,14.949999809265137,15.256667137145996,14.803333282470703,15.186667442321777,12.462124824523926,225300
2002-11-26,14.866666793823242,15.0,14.470000267028809,14.553333282470703,11.942413330078125,126900
2002-11-27,15.0,15.49666690826416,14.933333396911621,15.446666717529297,12.675475120544434,152700
2002-11-29,15.600000381469727,15.600000381469727,15.066666603088379,15.066666603088379,12.363648414611816,81000
2002-12-02,15.949999809265137,16.0,15.083333015441895,15.266667366027832,12.527769088745117,816600
2002-12-03,14.833333015441895,14.876667022705078,14.366666793823242,14.453332901000977,11.860347747802734,305100
2002-12-04,13.5,13.890000343322754,13.386667251586914,13.606666564941406,11.16557788848877,1289400
2002-12-05,13.75,13.793333053588867,13.333333015441895,13.533332824707031,11.105399131774902,562500
2002-12-06,13.083333015441895,13.630000114440918,13.083333015441895,13.386667251586914,10.985045433044434,412200
2002-12-09,13.083333015441895,13.100000381469727,12.470000267028809,12.583333015441895,10.325838088989258,367800
2002-12-10,12.733332633972168,13.166666984558105,12.533332824707031,13.149999618530273,10.790842056274414,252600
2002-12-11,12.833333015441895,13.333333015441895,12.783332824707031,13.050000190734863,10.708780288696289,146100
2002-12-12,13.083333015441895,13.316666603088379,12.826666831970215,12.916666984558105,10.599367141723633,706500
2002-12-13,12.600000381469727,12.66333293914795,12.466667175292969,12.50333309173584,10.260187149047852,273000
2002-12-16,12.566666603088379,13.116666793823242,12.453332901000977,13.083333015441895,10.736132621765137,102900
2002-12-17,12.916666984558105,13.243332862854004,12.733332633972168,12.803333282470703,10.506366729736328,1558200
2002-12-18,12.333333015441895,12.333333015441895,11.886667251586914,11.989999771118164,9.838948249816895,228300
2002-12-19,12.0,12.19333267211914,11.673333168029785,11.896666526794434,9.762360572814941,394200
2002-12-20,11.966667175292969,12.133333206176758,11.83666706085205,11.923333168029785,9.784241676330566,520200
2002-12-23,11.966667175292969,12.273332595825195,11.966667175292969,12.149999618530273,9.97024154663086,988200
2002-12-24,12.133333206176758,12.166666984558105,11.966667175292969,11.983332633972168,9.833475112915039,35700
2002-12-26,12.263333320617676,12.386667251586914,11.899999618530273,11.933333396911621,9.792450904846191,60000
2002-12-27,11.986666679382324,12.016667366027832,11.800000190734863,11.850000381469727,9.724065780639648,179700
2002-12-30,12.033332824707031,12.033332824707031,11.506667137145996,11.600000381469727,9.518917083740234,168600
2002-12-31,11.5,11.673333168029785,11.353333473205566,11.5600004196167,9.486092567443848,119400
2003-01-02,11.766667366027832,12.346667289733887,11.5600004196167,12.326666831970215,10.11522102355957,386100
2003-01-03,12.316666603088379,12.579999923706055,12.203332901000977,12.513333320617676,10.268393516540527,114600
2003-01-06,12.766667366027832,13.279999732971191,12.716667175292969,13.149999618530273,10.790842056274414,130800
2003-01-07,13.266667366027832,13.513333320617676,13.00333309173584,13.083333015441895,10.736132621765137,97200
2003-01-08,12.916666984558105,12.933333396911621,12.529999732971191,12.59333324432373,10.3340425491333,83700
2003-01-09,12.933333396911621,13.263333320617676,12.933333396911621,12.979999542236328,10.651338577270508,348600
2003-01-10,12.833333015441895,13.366666793823242,12.736666679382324,13.270000457763672,10.889313697814941,254700
2003-01-13,13.576666831970215,13.576666831970215,12.933333396911621,13.063332557678223,10.719722747802734,77400
2003-01-14,13.033332824707031,13.356666564941406,12.966667175292969,13.100000381469727,10.749813079833984,97200
2003-01-15,13.083333015441895,13.083333015441895,12.699999809265137,12.833333015441895,10.53098201751709,70800
2003-01-16,12.833333015441895,12.833333015441895,12.356666564941406,12.383333206176758,10.161714553833008,587700
2003-01-17,11.916666984558105,12.013333320617676,11.649999618530273,11.666666984558105,9.573622703552246,707700
2003-01-21,11.833333015441895,11.863332748413086,11.506667137145996,11.59000015258789,9.510711669921875,70800
2003-01-22,11.583333015441895,11.796667098999023,11.506667137145996,11.510000228881836,9.445062637329102,121800
2003-01-23,11.833333015441895,11.986666679382324,11.636667251586914,11.926667213439941,9.786979675292969,499200
2003-01-24,11.699999809265137,11.699999809265137,11.333333015441895,11.433333396911621,9.382147789001465,123600
2003-01-27,11.266667366027832,11.40999984741211,11.133333206176758,11.216667175292969,9.20435619354248,168000
2003-01-28,11.333333015441895,11.433333396911621,11.133333206176758,11.33666706085205,9.302823066711426,126600
2003-01-29,11.136667251586914,11.74666690826416,11.133333206176758,11.633333206176758,9.54626750946045,155100
2003-01-30,11.649999618530273,11.649999618530273,11.069999694824219,11.073332786560059,9.086737632751465,138600
2003-01-31,10.600000381469727,11.113332748413086,10.569999694824219,11.0,9.026556968688965,322500
2003-02-03,11.0,11.24666690826416,10.99666690826416,11.0,9.026556968688965,3028500
2003-02-04,10.800000190734863,10.9399995803833,10.800000190734863,10.826666831970215,8.884323120117188,49500
2003-02-05,11.0,11.3100004196167,10.866666793823242,10.899999618530273,8.944499015808105,52800
2003-02-06,10.866666793823242,10.923333168029785,10.683333396911621,10.706666946411133,8.785846710205078,71400
2003-02-07,10.816666603088379,10.816666603088379,10.596667289733887,10.600000381469727,8.698322296142578,32700
2003-02-10,10.600000381469727,10.776666641235352,10.473333358764648,10.776666641235352,8.843291282653809,50700
2003-02-11,10.850000381469727,11.046667098999023,10.75333309173584,10.779999732971191,8.846028327941895,33300
2003-02-12,10.84333324432373,10.979999542236328,10.733332633972168,10.776666641235352,8.843291282653809,40200
2003-02-13,10.666666984558105,10.726667404174805,10.50333309173584,10.65666675567627,8.74482250213623,285000
2003-02-14,10.833333015441895,11.316666603088379,10.833333015441895,11.316666603088379,9.286413192749023,75000
2003-02-18,11.473333358764648,11.763333320617676,11.473333358764648,11.743332862854004,9.636534690856934,279900
2003-02-19,11.766667366027832,11.779999732971191,11.433333396911621,11.576666831970215,9.499772071838379,149100
2003-02-20,11.75,11.856666564941406,11.636667251586914,11.833333015441895,9.7103853225708,549300
2003-02-21,11.800000190734863,11.829999923706055,11.506667137145996,11.75,9.642003059387207,374700
2003-02-24,11.666666984558105,11.856666564941406,11.606666564941406,11.616666793823242,9.532591819763184,170400
2003-02-25,11.350000381469727,11.630000114440918,11.199999809265137,11.520000457763672,9.453269958496094,340200
2003-02-26,11.4399995803833,11.66333293914795,11.223333358764648,11.223333358764648,9.209827423095703,104400
2003-02-27,11.393333435058594,11.600000381469727,11.303333282470703,11.59333324432373,9.513445854187012,925200
2003-02-28,11.666666984558105,11.949999809265137,11.66333293914795,11.949999809265137,9.80612564086914,2178600
2003-03-03,12.100000381469727,12.113332748413086,11.50333309173584,11.506667137145996,9.442327499389648,207900
2003-03-04,11.5,11.566666603088379,11.366666793823242,11.366666793823242,9.327444076538086,27600
2003-03-05,11.399999618530273,11.59333324432373,11.350000381469727,11.50333309173584,9.439590454101562,64500
2003-03-06,11.366666793823242,11.5600004196167,11.366666793823242,11.466667175292969,9.409502983093262,27600
2003-03-07,11.100000381469727,11.393333435058594,11.100000381469727,11.283332824707031,9.259060859680176,93300
2003-03-10,11.199999809265137,11.260000228881836,11.036666870117188,11.066666603088379,9.081267356872559,52800
2003-03-11,11.033332824707031,11.16333293914795,11.016667366027832,11.016667366027832,9.040234565734863,29400
2003-03-12,11.166666984558105,11.333333015441895,10.970000267028809,11.329999923706055,9.297351837158203,84000
2003-03-13,11.666666984558105,12.166666984558105,11.49666690826416,12.149999618530273,9.97024154663086,176700
2003-03-14,12.166666984558105,12.333333015441895,11.866666793823242,11.936667442321777,9.795185089111328,568800
2003-03-17,11.866666793823242,12.760000228881836,11.80666732788086,12.649999618530273,10.380539894104004,589800
2003-03-18,12.699999809265137,12.876667022705078,12.516667366027832,12.846667289733887,10.541926383972168,499800
2003-03-19,12.666666984558105,12.8100004196167,12.453332901000977,12.733332633972168,10.44892692565918,160200
2003-03-20,12.566666603088379,12.983332633972168,12.50333309173584,12.783332824707031,10.489954948425293,114600
2003-03-21,13.016667366027832,13.146666526794434,12.886667251586914,13.116666793823242,10.763489723205566,381900
2003-03-24,12.666666984558105,12.6899995803833,12.40666675567627,12.40666675567627,10.180862426757812,2379000
2003-03-25,12.433333396911621,12.766667366027832,12.383333206176758,12.6899995803833,10.413365364074707,312300
2003-03-26,12.666666984558105,12.796667098999023,12.533332824707031,12.626667022705078,10.361396789550781,132000
2003-03-27,12.350000381469727,12.526666641235352,12.273332595825195,12.433333396911621,10.20274829864502,1483800
2003-03-28,12.300000190734863,12.463333129882812,12.073332786560059,12.133333206176758,9.956567764282227,84900
2003-03-31,11.866666793823242,11.880000114440918,11.606666564941406,11.646666526794434,9.557211875915527,360900
2003-04-01,11.666666984558105,11.893333435058594,11.666666984558105,11.720000267028809,9.617384910583496,30300
2003-04-02,12.333333015441895,12.579999923706055,12.216667175292969,12.5,10.257452964782715,111300
2003-04-03,12.566666603088379,12.726667404174805,12.356666564941406,12.516667366027832,10.271132469177246,356700
2003-04-04,12.366666793823242,12.40999984741211,12.039999961853027,12.183333396911621,9.997597694396973,165900
2003-04-07,12.800000190734863,12.800000190734863,12.333333015441895,12.366666793823242,10.148042678833008,126300
2003-04-08,12.133333206176758,12.133333206176758,11.833333015441895,11.853333473205566,9.726798057556152,217500
2003-04-09,11.853333473205566,12.010000228881836,11.670000076293945,11.733332633972168,9.628329277038574,308100
2003-04-10,11.666666984558105,11.863332748413086,11.583333015441895,11.720000267028809,9.617384910583496,43800
2003-04-11,11.933333396911621,11.933333396911621,11.569999694824219,11.58666706085205,9.507975578308105,22500
2003-04-14,11.716667175292969,11.960000038146973,11.609999656677246,11.960000038146973,9.814332962036133,43200
2003-04-15,11.716667175292969,12.149999618530273,11.703332901000977,11.946666717529297,9.803386688232422,38100
2003-04-16,12.399999618530273,12.646666526794434,12.353333473205566,12.476667404174805,10.23830509185791,365700
2003-04-17,12.550000190734863,13.063332557678223,12.476667404174805,13.0,10.667753219604492,357300
2003-04-21,12.933333396911621,13.096667289733887,12.916666984558105,13.0600004196167,10.716989517211914,276600
2003-04-22,12.833333015441895,13.483332633972168,12.833333015441895,13.476667404174805,11.0589017868042,489600
2003-04-23,13.433333396911621,13.623332977294922,13.369999885559082,13.569999694824219,11.135492324829102,54000
2003-04-24,13.366666793823242,13.493332862854004,13.256667137145996,13.393333435058594,10.990513801574707,125700
2003-04-25,13.0,13.026666641235352,12.699999809265137,12.770000457763672,10.479013442993164,86100
2003-04-28,12.770000457763672,13.15999984741211,12.770000457763672,13.126667022705078,10.771692276000977,41700
2003-04-29,13.316666603088379,13.5,13.223333358764648,13.399999618530273,10.995991706848145,1008900
2003-04-30,13.239999771118164,13.293333053588867,13.076666831970215,13.133333206176758,10.777161598205566,574500
2003-05-01,13.133333206176758,13.213333129882812,12.916666984558105,13.123332977294922,10.76895809173584,116700
2003-05-02,13.293333053588867,13.630000114440918,13.293333053588867,13.539999961853027,11.110876083374023,84600
2003-05-05,13.766667366027832,14.116666793823242,13.636667251586914,13.793333053588867,11.318755149841309,186600
2003-05-06,13.766667366027832,14.149999618530273,13.766667366027832,13.923333168029785,11.425434112548828,53400
2003-05-07,13.766667366027832,14.00333309173584,13.603333473205566,13.699999809265137,11.242170333862305,535200
2003-05-08,13.433333396911621,13.563332557678223,13.369999885559082,13.376667022705078,10.976842880249023,84300
2003-05-09,13.69333267211914,14.0,13.666666984558105,14.0,11.488344192504883,83100
2003-05-12,13.966667175292969,14.296667098999023,13.886667251586914,14.289999961853027,11.726318359375,260700
2003-05-13,14.083333015441895,14.19333267211914,14.0,14.053333282470703,11.532111167907715,804300
2003-05-14,14.216667175292969,14.220000267028809,13.773332595825195,14.050000190734863,11.529376983642578,769800
2003-05-15,14.300000190734863,14.363332748413086,14.100000381469727,14.206666946411133,11.657939910888672,90300
2003-05-16,14.133333206176758,14.149999618530273,13.920000076293945,14.023332595825195,11.507495880126953,79800
2003-05-19,13.766667366027832,13.833333015441895,13.383333206176758,13.386667251586914,10.985045433044434,129300
2003-05-20,13.516667366027832,13.5600004196167,13.243332862854004,13.399999618530273,10.995991706848145,154200
2003-05-21,13.333333015441895,13.476667404174805,13.216667175292969,13.456666946411133,11.042490005493164,72900
2003-05-22,13.399999618530273,13.74666690826416,13.369999885559082,13.606666564941406,11.16557788848877,65700
2003-05-23,13.583333015441895,13.796667098999023,13.583333015441895,13.699999809265137,11.242170333862305,30900
2003-05-27,13.633333206176758,14.493332862854004,13.633333206176758,14.416666984558105,11.83026123046875,137100
2003-05-28,14.5,14.75,14.423333168029785,14.473333358764648,11.876761436462402,85200
2003-05-29,14.649999618530273,15.09333324432373,14.649999618530273,14.920000076293945,12.243291854858398,69600
2003-05-30,15.100000381469727,15.216667175292969,15.083333015441895,15.133333206176758,12.41835880279541,545100
2003-06-02,15.399999618530273,15.399999618530273,14.789999961853027,14.826666831970215,12.166705131530762,854400
2003-06-03,14.699999809265137,15.063332557678223,14.699999809265137,15.023332595825195,12.328089714050293,381000
2003-06-04,15.100000381469727,15.609999656677246,15.100000381469727,15.576666831970215,12.78215217590332,75000
2003-06-05,15.166666984558105,15.796667098999023,15.143333435058594,15.75,12.924392700195312,285600
2003-06-06,16.416667938232422,16.446666717529297,15.403332710266113,15.486666679382324,12.70830249786377,269100
2003-06-09,15.166666984558105,15.266667366027832,14.896666526794434,15.066666603088379,12.363648414611816,341400
2003-06-10,15.066666603088379,15.263333320617676,14.833333015441895,15.199999809265137,12.473063468933105,51000
2003-06-11,14.733332633972168,15.199999809265137,14.619999885559082,15.199999809265137,12.473063468933105,104700
2003-06-12,15.233332633972168,15.233332633972168,14.83666706085205,15.0,12.308944702148438,164400
2003-06-13,14.833333015441895,14.833333015441895,14.383333206176758,14.516667366027832,11.912322998046875,202200
2003-06-16,14.533332824707031,14.899999618530273,14.420000076293945,14.770000457763672,12.120206832885742,132300
2003-06-17,14.880000114440918,14.916666984558105,14.616666793823242,14.859999656677246,12.194058418273926,244800
2003-06-18,14.800000190734863,15.24666690826416,14.66333293914795,15.176667213439941,12.453914642333984,67800
2003-06-19,15.399999618530273,15.399999618530273,14.970000267028809,15.033332824707031,12.336295127868652,96900
2003-06-20,15.033332824707031,15.033332824707031,14.773332595825195,14.816666603088379,12.15849781036377,47400
2003-06-23,14.739999771118164,14.893333435058594,14.369999885559082,14.420000076293945,11.833000183105469,145800
2003-06-24,14.25,14.5,14.100000381469727,14.300000190734863,11.734526634216309,585600
2003-06-25,14.5,14.706666946411133,14.270000457763672,14.383333206176758,11.802911758422852,199800
2003-06-26,14.433333396911621,14.763333320617676,14.423333168029785,14.726667404174805,12.084643363952637,59400
2003-06-27,14.850000381469727,14.880000114440918,14.506667137145996,14.630000114440918,12.005324363708496,213300
2003-06-30,14.783332824707031,14.883333206176758,14.533332824707031,14.533332824707031,11.926002502441406,355800
2003-07-01,14.483332633972168,14.803333282470703,14.25,14.803333282470703,12.147563934326172,552300
2003-07-02,14.949999809265137,15.296667098999023,14.94333267211914,15.296667098999023,12.552387237548828,222300
2003-07-03,15.066666603088379,15.333333015441895,15.066666603088379,15.130000114440918,12.415620803833008,31200
2003-07-07,15.533332824707031,16.049999237060547,15.466667175292969,16.043333053588867,13.165101051330566,198900
2003-07-08,16.03333282470703,16.280000686645508,15.826666831970215,16.233333587646484,13.321014404296875,252900
2003-07-09,16.21666717529297,16.616666793823242,16.059999465942383,16.39666748046875,13.455044746398926,245400
2003-07-10,16.100000381469727,16.149999618530273,15.763333320617676,15.850000381469727,13.006444931030273,198300
2003-07-11,15.866666793823242,16.049999237060547,15.866666793823242,16.0,13.129538536071777,102300
2003-07-14,16.46666717529297,16.616666793823242,16.333332061767578,16.416667938232422,13.471454620361328,404100
2003-07-15,16.600000381469727,16.733333587646484,16.343332290649414,16.44333267211914,13.493337631225586,267900
2003-07-16,16.666667938232422,16.666667938232422,16.133333206176758,16.416667938232422,13.471454620361328,396000
2003-07-17,15.926667213439941,15.966667175292969,15.539999961853027,15.706666946411133,12.88883113861084,273300
2003-07-18,15.739999771118164,15.893333435058594,15.350000381469727,15.75,12.924392700195312,177900
2003-07-21,15.683333396911621,15.683333396911621,15.30666732788086,15.463333129882812,12.689153671264648,411600
2003-07-22,15.733332633972168,16.01333236694336,15.706666946411133,15.976667404174805,13.110392570495605,163500
2003-07-23,15.966667175292969,16.280000686645508,15.84333324432373,16.280000686645508,13.359307289123535,147000
2003-07-24,16.316667556762695,16.383333206176758,15.83666706085205,15.83666706085205,12.99551010131836,327300
2003-07-25,15.866666793823242,16.15999984741211,15.533332824707031,16.15999984741211,13.260831832885742,170100
2003-07-28,16.083332061767578,16.393333435058594,16.06999969482422,16.35333251953125,13.419480323791504,101400
2003-07-29,16.28333282470703,16.28333282470703,15.873332977294922,15.966667175292969,13.102188110351562,282600
2003-07-30,16.016666412353516,16.016666412353516,15.829999923706055,15.866666793823242,13.020125389099121,141900
2003-07-31,16.25,16.469999313354492,16.100000381469727,16.100000381469727,13.211603164672852,447300
2003-08-01,16.166667938232422,16.299999237060547,16.003332138061523,16.299999237060547,13.375715255737305,327900
2003-08-04,16.266666412353516,16.433332443237305,16.016666412353516,16.360000610351562,13.424957275390625,56700
2003-08-05,16.350000381469727,16.350000381469727,15.833333015441895,15.833333015441895,12.992776870727539,194100
2003-08-06,15.783332824707031,15.963333129882812,15.583333015441895,15.699999809265137,12.883360862731934,162600
2003-08-07,15.666666984558105,15.706666946411133,15.470000267028809,15.566666603088379,12.773946762084961,231900
2003-08-08,15.583333015441895,15.666666984558105,14.953332901000977,15.16333293914795,12.442975044250488,467400
2003-08-11,15.229999542236328,15.506667137145996,15.229999542236328,15.4399995803833,12.670003890991211,245100
2003-08-12,15.433333396911621,15.733332633972168,15.433333396911621,15.733332633972168,12.910713195800781,45300
2003-08-13,15.80666732788086,16.200000762939453,15.736666679382324,16.023332595825195,13.148686408996582,153300
2003-08-14,16.066667556762695,16.219999313354492,15.963333129882812,16.206666946411133,13.299127578735352,42300
2003-08-15,16.15999984741211,16.25,16.15999984741211,16.25,13.334686279296875,4800
2003-08-18,16.260000228881836,17.0,16.260000228881836,17.0,13.9501314163208,331500
2003-08-19,17.049999237060547,17.333332061767578,16.996667861938477,17.333332061767578,14.223664283752441,1208700
2003-08-20,17.066667556762695,17.459999084472656,17.020000457763672,17.166667938232422,14.08690071105957,397500
2003-08-21,17.5,17.84666633605957,17.416667938232422,17.733333587646484,14.551908493041992,1836600
2003-08-22,18.600000381469727,18.71666717529297,18.003332138061523,18.066667556762695,14.82542896270752,3881700
2003-08-25,18.0,18.030000686645508,17.729999542236328,17.84666633605957,14.644903182983398,3254700
2003-08-26,17.633333206176758,17.916667938232422,17.420000076293945,17.916667938232422,14.702353477478027,129000
2003-08-27,17.96666717529297,18.459999084472656,17.963333129882812,18.459999084472656,15.148200035095215,157200
2003-08-28,18.566667556762695,18.65333366394043,18.206666946411133,18.6200008392334,15.27950668334961,1809300
2003-08-29,18.583332061767578,18.796667098999023,18.516666412353516,18.733333587646484,15.372505187988281,1696800
2003-09-02,18.799999237060547,18.803333282470703,18.416667938232422,18.766666412353516,15.399846076965332,278700
2003-09-03,18.766666412353516,18.81333351135254,18.266666412353516,18.399999618530273,15.09897518157959,695100
2003-09-04,18.366666793823242,18.81333351135254,18.30666732788086,18.670000076293945,15.32052993774414,276000
2003-09-05,18.700000762939453,19.32666778564453,18.633333206176758,18.916667938232422,15.522943496704102,480300
2003-09-08,19.233333587646484,19.613332748413086,19.203332901000977,19.55666732788086,16.04813003540039,801000
2003-09-09,19.516666412353516,19.566667556762695,19.239999771118164,19.333332061767578,15.864864349365234,522300
2003-09-10,18.733333587646484,18.816667556762695,18.183332443237305,18.21666717529297,14.948532104492188,3028500
2003-09-11,18.433332443237305,18.706666946411133,17.916667938232422,18.47333335876465,15.159144401550293,836400
2003-09-12,18.333332061767578,18.809999465942383,18.170000076293945,18.56999969482422,15.238472938537598,574200
2003-09-15,18.733333587646484,18.74333381652832,18.266666412353516,18.27666664123535,14.998836517333984,98100
2003-09-16,18.516666412353516,18.989999771118164,18.433332443237305,18.983333587646484,15.57876968383789,1340400
2003-09-17,18.96666717529297,19.086666107177734,18.77666664123535,18.866666793823242,15.48302936553955,156600
2003-09-18,18.623332977294922,19.03333282470703,18.5,18.98666763305664,15.581507682800293,205800
2003-09-19,18.933332443237305,19.079999923706055,18.73666763305664,18.913333892822266,15.521323204040527,62100
2003-09-22,18.633333206176758,18.666667938232422,18.389999389648438,18.47333335876465,15.16023063659668,217800
2003-09-23,18.549999237060547,18.766666412353516,18.416667938232422,18.746667861938477,15.384550094604492,107700
2003-09-24,18.82666778564453,18.82666778564453,17.913333892822266,17.913333892822266,14.700672149658203,202500
2003-09-25,18.083332061767578,18.5,17.866666793823242,17.916667938232422,14.703408241271973,94500
2003-09-26,17.700000762939453,17.90999984741211,17.483333587646484,17.586666107177734,14.432588577270508,888600
2003-09-29,17.833332061767578,17.983333587646484,17.516666412353516,17.883333206176758,14.676051139831543,917400
2003-09-30,17.816667556762695,17.816667556762695,17.35333251953125,17.46666717529297,14.334104537963867,423600
2003-10-01,17.600000381469727,17.766666412353516,17.46666717529297,17.726667404174805,14.547478675842285,337800
2003-10-02,17.766666412353516,18.100000381469727,17.766666412353516,17.959999084472656,14.738959312438965,345900
2003-10-03,18.566667556762695,18.899999618530273,18.46666717529297,18.700000762939453,15.346260070800781,613200
2003-10-06,18.766666412353516,18.883333206176758,18.670000076293945,18.84000015258789,15.461143493652344,214500
2003-10-07,18.77666664123535,19.25,18.633333206176758,19.233333587646484,15.78393840789795,157500
2003-10-08,19.299999237060547,19.333332061767578,19.0,19.126667022705078,15.69640064239502,344400
2003-10-09,19.416667938232422,19.65999984741211,19.136667251586914,19.260000228881836,15.805813789367676,2020500
2003-10-10,19.5,19.566667556762695,19.336666107177734,19.5,16.002769470214844,178500
2003-10-13,19.700000762939453,19.873332977294922,19.453332901000977,19.633333206176758,16.11219596862793,253200
2003-10-14,19.399999618530273,19.799999237060547,19.35333251953125,19.799999237060547,16.24896812438965,73500
2003-10-15,20.316667556762695,20.329999923706055,19.793333053588867,19.84000015258789,16.28179359436035,2100600
2003-10-16,19.833332061767578,20.030000686645508,19.719999313354492,20.023332595825195,16.4322509765625,101700
2003-10-17,20.049999237060547,20.083332061767578,19.416667938232422,19.510000228881836,16.010974884033203,196500
2003-10-20,19.510000228881836,19.726667404174805,19.366666793823242,19.726667404174805,16.18878746032715,187500
2003-10-21,20.0,20.293333053588867,19.96666717529297,20.25,16.61827278137207,241200
2003-10-22,19.950000762939453,19.950000762939453,19.649999618530273,19.77666664123535,16.22982406616211,112200
2003-10-23,19.03333282470703,19.383333206176758,19.0,19.333332061767578,15.866002082824707,941400
2003-10-24,19.25,19.366666793823242,18.920000076293945,19.30666732788086,15.844115257263184,1503000
2003-10-27,19.666667938232422,19.666667938232422,19.383333206176758,19.489999771118164,15.9945650100708,470100
2003-10-28,19.916667938232422,20.60333251953125,19.860000610351562,20.60333251953125,16.908231735229492,543000
2003-10-29,20.600000381469727,20.940000534057617,20.469999313354492,20.833332061767578,17.096981048583984,353100
2003-10-30,21.116666793823242,21.19333267211914,20.850000381469727,21.0,17.233755111694336,325800
2003-10-31,21.0,21.0,20.636667251586914,20.766666412353516,17.042274475097656,141900
2003-11-03,21.03333282470703,21.53333282470703,21.01333236694336,21.46666717529297,17.616729736328125,183300
2003-11-04,21.399999618530273,21.713333129882812,21.333332061767578,21.559999465942383,17.693323135375977,267900
2003-11-05,21.5,21.703332901000977,21.17333221435547,21.696666717529297,17.805482864379883,202200
2003-11-06,21.866666793823242,22.020000457763672,21.523332595825195,21.92333221435547,17.99148941040039,990600
2003-11-07,22.166667938232422,22.233333587646484,21.959999084472656,21.96666717529297,18.027057647705078,443700
2003-11-10,21.950000762939453,21.97333335876465,21.209999084472656,21.32666778564453,17.501842498779297,133200
2003-11-11,21.266666412353516,21.34666633605957,21.036666870117188,21.260000228881836,17.447128295898438,648900
2003-11-12,21.583332061767578,22.040000915527344,21.566667556762695,22.040000915527344,18.087234497070312,571800
2003-11-13,21.866666793823242,22.06333351135254,21.46666717529297,21.75,17.8492431640625,285600
2003-11-14,21.67333221435547,21.816667556762695,21.00666618347168,21.143333435058594,17.35138511657715,168900
2003-11-17,20.766666412353516,20.950000762939453,20.483333587646484,20.829999923706055,17.09424591064453,2065200
2003-11-18,21.149999618530273,21.233333587646484,20.5,20.516666412353516,16.837114334106445,324300
2003-11-19,20.583332061767578,20.933332443237305,20.450000762939453,20.886667251586914,17.140745162963867,663000
2003-11-20,20.666667938232422,21.036666870117188,20.469999313354492,20.483333587646484,16.80974578857422,116700
2003-11-21,20.700000762939453,20.866666793823242,20.5,20.726667404174805,17.00945472717285,269400
2003-11-24,21.0,21.5,21.0,21.399999618530273,17.562021255493164,304800
2003-11-25,21.53333282470703,21.73666763305664,21.46666717529297,21.523332595825195,17.663232803344727,198900
2003-11-26,21.816667556762695,21.833332061767578,21.333332061767578,21.6299991607666,17.75077247619629,137400
2003-11-28,21.649999618530273,21.893333435058594,21.639999389648438,21.863332748413086,17.942256927490234,66900
2003-12-01,22.166667938232422,22.23666763305664,21.803333282470703,22.07666778564453,18.117324829101562,353700
2003-12-02,22.0,22.149999618530273,21.899999618530273,21.906667709350586,17.977821350097656,557100
2003-12-03,22.116666793823242,22.163333892822266,21.5,21.53333282470703,17.671436309814453,240000
2003-12-04,21.583332061767578,21.71666717529297,20.8700008392334,21.286666870117188,17.469009399414062,378900
2003-12-05,20.766666412353516,21.093332290649414,20.55666732788086,20.670000076293945,16.962940216064453,1639800
2003-12-08,20.733333587646484,20.81333351135254,20.350000381469727,20.6200008392334,16.921911239624023,179100
2003-12-09,20.666667938232422,20.863332748413086,19.616666793823242,19.766666412353516,16.221614837646484,1197600
2003-12-10,19.799999237060547,20.036666870117188,19.583332061767578,19.886667251586914,16.320096969604492,1527900
2003-12-11,19.940000534057617,20.6299991607666,19.90333366394043,20.566667556762695,16.878137588500977,473400
2003-12-12,20.700000762939453,20.760000228881836,20.34000015258789,20.579999923706055,16.88908576965332,414600
2003-12-15,21.0,21.0,19.94333267211914,19.94333267211914,16.36660385131836,243000
2003-12-16,20.016666412353516,20.016666412353516,19.420000076293945,19.8700008392334,16.306419372558594,403800
2003-12-17,19.793333053588867,19.93000030517578,19.540000915527344,19.67333221435547,16.145017623901367,112500
2003-12-18,19.866666793823242,20.433332443237305,19.85333251953125,20.333332061767578,16.686647415161133,222600
2003-12-19,20.333332061767578,20.463333129882812,20.100000381469727,20.206666946411133,16.582700729370117,165900
2003-12-22,20.149999618530273,20.3799991607666,20.06333351135254,20.190000534057617,16.569028854370117,102600
2003-12-23,20.25,20.6299991607666,20.25,20.540000915527344,16.856260299682617,127500
2003-12-24,20.600000381469727,20.71666717529297,20.5,20.540000915527344,16.856260299682617,43200
2003-12-26,20.600000381469727,20.706666946411133,20.600000381469727,20.649999618530273,16.946529388427734,49800
2003-12-29,20.71666717529297,21.03333282470703,20.71666717529297,20.97333335876465,17.211875915527344,110700
2003-12-30,21.03333282470703,21.183332443237305,20.873332977294922,21.010000228881836,17.24197006225586,180900
2003-12-31,21.083332061767578,21.183332443237305,20.78333282470703,20.916667938232422,17.16537094116211,418800
2004-01-02,21.116666793823242,21.246667861938477,20.920000076293945,21.0,17.233755111694336,222000
2004-01-05,21.383333206176758,21.76333236694336,21.299999237060547,21.683332443237305,17.79452896118164,309900
2004-01-06,21.75,22.0,21.573333740234375,21.916667938232422,17.98602867126465,510300
2004-01-07,21.983333587646484,22.133333206176758,21.753332138061523,22.113332748413086,18.147418975830078,354900
2004-01-08,22.616666793823242,22.84000015258789,22.25,22.773332595825195,18.689050674438477,625800
2004-01-09,22.666667938232422,23.09666633605957,22.469999313354492,22.78333282470703,18.697246551513672,275700
2004-01-12,22.916667938232422,23.350000381469727,22.700000762939453,23.350000381469727,19.16230010986328,255900
2004-01-13,23.399999618530273,23.40333366394043,22.583332061767578,22.809999465942383,18.719144821166992,735000
2004-01-14,22.883333206176758,22.899999618530273,22.520000457763672,22.706666946411133,18.634349822998047,290100
2004-01-15,22.683332443237305,23.143333435058594,22.476667404174805,22.96666717529297,18.84771156311035,558900
2004-01-16,23.233333587646484,23.416667938232422,22.969999313354492,23.386667251586914,19.192384719848633,93900
2004-01-20,23.516666412353516,23.55666732788086,23.15333366394043,23.389999389648438,19.195119857788086,974400
2004-01-21,23.0,23.0,22.553333282470703,22.796667098999023,18.708202362060547,311700
2004-01-22,23.166667938232422,23.166667938232422,22.376667022705078,22.453332901000977,18.426443099975586,302400
2004-01-23,22.416667938232422,22.51333236694336,21.96666717529297,22.100000381469727,18.136478424072266,614700
2004-01-26,22.166667938232422,22.636667251586914,22.133333206176758,22.626667022705078,18.568687438964844,113100
2004-01-27,22.416667938232422,22.510000228881836,21.946666717529297,21.946666717529297,18.010644912719727,291900
2004-01-28,22.333332061767578,22.399999618530273,21.683332443237305,21.770000457763672,17.865659713745117,464400
2004-01-29,22.0,22.0,21.166667938232422,21.520000457763672,17.66050148010254,950400
2004-01-30,21.583332061767578,21.766666412353516,21.5,21.666667938232422,17.780860900878906,132300
2004-02-02,21.899999618530273,21.913333892822266,21.27666664123535,21.333332061767578,17.507305145263672,243900
2004-02-03,21.25,21.543333053588867,21.25,21.420000076293945,17.578433990478516,153000
2004-02-04,21.083332061767578,21.136667251586914,20.76333236694336,20.773332595825195,17.047746658325195,569400
2004-02-05,21.133333206176758,21.15333366394043,20.866666793823242,21.049999237060547,17.274791717529297,319500
2004-02-06,21.416667938232422,21.920000076293945,21.260000228881836,21.833332061767578,17.917634963989258,1054800
2004-02-09,22.066667556762695,22.066667556762695,21.739999771118164,21.766666412353516,17.862932205200195,387300
2004-02-10,21.78333282470703,21.946666717529297,21.69333267211914,21.816667556762695,17.903955459594727,161400
2004-02-11,21.983333587646484,22.329999923706055,21.963333129882812,22.286666870117188,18.289676666259766,254400
2004-02-12,22.133333206176758,22.39666748046875,21.916667938232422,21.916667938232422,17.98602867126465,142800
2004-02-13,22.166667938232422,22.166667938232422,21.426666259765625,21.666667938232422,17.780860900878906,257700
2004-02-17,21.933332443237305,22.020000457763672,21.739999771118164,21.950000762939453,18.013381958007812,97500
2004-02-18,22.200000762939453,22.303333282470703,22.0,22.100000381469727,18.136478424072266,140700
2004-02-19,22.666667938232422,22.666667938232422,21.82666778564453,21.833332061767578,17.917634963989258,551400
2004-02-20,21.816667556762695,21.816667556762695,21.356666564941406,21.64666748046875,17.764448165893555,270300
2004-02-23,21.666667938232422,21.696666717529297,20.790000915527344,20.983333587646484,17.22007942199707,486300
2004-02-24,20.833332061767578,21.219999313354492,20.75,21.00666618347168,17.239227294921875,312900
2004-02-25,21.200000762939453,21.49333381652832,21.200000762939453,21.416667938232422,17.575702667236328,92700
2004-02-26,21.416667938232422,21.786666870117188,21.25,21.643333435058594,17.76171112060547,112800
2004-02-27,21.71666717529297,21.76333236694336,21.266666412353516,21.476667404174805,17.624929428100586,70500
2004-03-01,21.350000381469727,21.899999618530273,21.333332061767578,21.850000381469727,17.93131446838379,165600
2004-03-02,22.066667556762695,22.15333366394043,21.700000762939453,21.700000762939453,17.808218002319336,285000
2004-03-03,21.633333206176758,21.639999389648438,21.303333282470703,21.440000534057617,17.594846725463867,127200
2004-03-04,21.5,21.700000762939453,21.446666717529297,21.700000762939453,17.808218002319336,840900
2004-03-05,21.299999237060547,21.82666778564453,21.299999237060547,21.586666107177734,17.715211868286133,542700
2004-03-08,21.600000381469727,21.68666648864746,20.733333587646484,20.733333587646484,17.014915466308594,243300
2004-03-09,20.733333587646484,20.74333381652832,20.363332748413086,20.633333206176758,16.93285369873047,1046700
2004-03-10,20.633333206176758,20.786666870117188,20.073333740234375,20.219999313354492,16.593643188476562,260100
2004-03-11,20.066667556762695,20.549999237060547,19.950000762939453,19.96666717529297,16.385751724243164,736200
2004-03-12,20.333332061767578,20.52666664123535,20.239999771118164,20.520000457763672,16.839847564697266,599100
2004-03-15,20.333332061767578,20.333332061767578,19.833332061767578,19.876667022705078,16.311887741088867,198900
2004-03-16,20.116666793823242,20.21666717529297,19.74333381652832,20.100000381469727,16.49516487121582,471000
2004-03-17,20.299999237060547,20.559999465942383,20.299999237060547,20.546667098999023,16.861724853515625,80400
2004-03-18,20.416667938232422,20.489999771118164,20.083332061767578,20.24333381652832,16.612794876098633,81000
2004-03-19,20.03333282470703,20.170000076293945,19.53333282470703,19.593332290649414,16.079364776611328,150000
2004-03-22,19.266666412353516,19.469999313354492,19.043333053588867,19.303333282470703,15.841382026672363,399300
2004-03-23,19.53333282470703,19.600000381469727,19.15333366394043,19.333332061767578,15.866002082824707,97800
2004-03-24,19.40999984741211,19.866666793823242,19.383333206176758,19.666667938232422,16.139558792114258,183300
2004-03-25,20.03333282470703,20.47333335876465,19.899999618530273,20.406667709350586,16.74683952331543,321900
2004-03-26,20.333332061767578,20.5,20.253332138061523,20.26333236694336,16.629207611083984,342900
2004-03-29,20.666667938232422,20.786666870117188,20.5,20.649999618530273,16.946529388427734,311400
2004-03-30,20.46666717529297,20.626667022705078,20.270000457763672,20.600000381469727,16.905492782592773,199500
2004-03-31,20.583332061767578,20.760000228881836,20.376667022705078,20.553333282470703,16.867202758789062,237600
2004-04-01,20.833332061767578,21.113332748413086,20.719999313354492,20.96666717529297,17.20640754699707,361800
2004-04-02,21.666667938232422,21.696666717529297,21.329999923706055,21.666667938232422,17.780860900878906,522000
2004-04-05,21.71666717529297,21.833332061767578,21.540000915527344,21.833332061767578,17.917634963989258,216600
2004-04-06,21.416667938232422,21.46666717529297,21.183332443237305,21.366666793823242,17.53466033935547,726900
2004-04-07,21.333332061767578,21.46666717529297,21.003332138061523,21.34000015258789,17.51276969909668,88200
2004-04-08,21.633333206176758,21.636667251586914,21.233333587646484,21.43666648864746,17.592100143432617,174000
2004-04-12,21.53333282470703,21.546667098999023,21.323333740234375,21.47333335876465,17.6221981048584,245400
2004-04-13,21.633333206176758,21.633333206176758,21.053333282470703,21.176666259765625,17.378742218017578,156900
2004-04-14,20.96666717529297,21.26333236694336,20.82666778564453,20.96666717529297,17.20640754699707,213300
2004-04-15,20.92333221435547,20.933332443237305,20.17333221435547,20.413333892822266,16.752300262451172,146400
2004-04-16,19.90999984741211,20.1299991607666,19.670000076293945,19.956666946411133,16.377544403076172,338100
2004-04-19,20.043333053588867,20.25,19.889999389648438,20.200000762939453,16.577234268188477,111900
2004-04-20,20.260000228881836,20.31999969482422,19.50666618347168,19.573333740234375,16.062952041625977,109200
2004-04-21,19.989999771118164,20.233333587646484,19.81999969482422,20.100000381469727,16.49516487121582,114600
2004-04-22,19.77666664123535,20.433332443237305,19.726667404174805,20.360000610351562,16.708547592163086,109800
2004-04-23,20.413333892822266,20.67333221435547,20.413333892822266,20.610000610351562,16.913705825805664,82200
2004-04-26,20.53333282470703,20.613332748413086,20.053333282470703,20.149999618530273,16.536203384399414,192900
2004-04-27,20.083332061767578,20.270000457763672,19.78333282470703,19.836666107177734,16.27906036376953,59100
2004-04-28,19.600000381469727,19.863332748413086,19.373332977294922,19.420000076293945,15.937124252319336,152100
2004-04-29,19.433332443237305,19.433332443237305,18.559999465942383,18.75,15.38727855682373,431400
2004-04-30,18.866666793823242,19.0,18.386667251586914,18.433332443237305,15.12740707397461,112800
2004-05-03,18.510000228881836,18.913333892822266,18.116666793823242,18.383333206176758,15.086376190185547,204600
2004-05-04,18.666667938232422,19.066667556762695,18.536666870117188,18.75,15.38727855682373,232200
2004-05-05,18.8799991607666,19.15333366394043,18.75,19.049999237060547,15.633492469787598,92100
2004-05-06,18.71666717529297,18.989999771118164,18.6299991607666,18.950000762939453,15.551408767700195,260400
2004-05-07,19.09000015258789,19.420000076293945,19.03333282470703,19.110000610351562,15.68271541595459,177600
2004-05-10,18.81333351135254,19.253332138061523,18.81333351135254,19.049999237060547,15.633492469787598,457500
2004-05-11,19.383333206176758,19.573333740234375,19.296667098999023,19.366666793823242,15.893351554870605,267000
2004-05-12,19.366666793823242,19.366666793823242,18.68000030517578,19.299999237060547,15.838641166687012,317700
2004-05-13,19.200000762939453,19.376667022705078,19.079999923706055,19.213333129882812,15.76751708984375,234900
2004-05-14,19.253332138061523,19.253332138061523,18.803333282470703,18.84666633605957,15.466608047485352,162900
2004-05-17,18.336666107177734,18.753332138061523,18.336666107177734,18.503332138061523,15.184855461120605,145500
2004-05-18,18.893333435058594,19.05666732788086,18.829999923706055,18.916667938232422,15.52405834197998,129300
2004-05-19,19.366666793823242,19.639999389648438,19.136667251586914,19.166667938232422,15.729217529296875,266100
2004-05-20,19.31333351135254,19.31333351135254,18.933332443237305,19.05666732788086,15.638952255249023,20100
2004-05-21,19.28333282470703,19.28333282470703,19.0,19.133333206176758,15.701870918273926,77400
2004-05-24,19.433332443237305,19.450000762939453,19.22333335876465,19.34000015258789,15.871465682983398,66600
2004-05-25,19.246667861938477,19.883333206176758,19.06999969482422,19.80666732788086,16.254444122314453,152400
2004-05-26,19.850000381469727,20.0,19.706666946411133,19.8799991607666,16.31462287902832,118200
2004-05-27,20.18000030517578,20.296667098999023,20.023332595825195,20.200000762939453,16.577234268188477,182100
2004-05-28,20.25666618347168,20.393333435058594,20.149999618530273,20.34000015258789,16.692119598388672,366900
2004-06-01,20.253332138061523,20.386667251586914,20.020000457763672,20.166667938232422,16.549880981445312,283800
2004-06-02,20.086666107177734,20.086666107177734,19.746667861938477,19.889999389648438,16.322832107543945,342000
2004-06-03,19.666667938232422,19.666667938232422,19.296667098999023,19.333332061767578,15.866002082824707,391800
2004-06-04,19.733333587646484,19.899999618530273,19.626667022705078,19.676666259765625,16.147768020629883,203400
2004-06-07,19.953332901000977,20.40999984741211,19.94333267211914,20.366666793823242,16.714012145996094,308700
2004-06-08,20.19333267211914,20.366666793823242,20.1200008392334,20.366666793823242,16.714012145996094,181800
2004-06-09,20.176666259765625,20.213333129882812,19.696666717529297,19.696666717529297,16.16417121887207,132300
2004-06-10,19.946666717529297,19.963333129882812,19.636667251586914,19.746667861938477,16.20520782470703,96000
2004-06-14,19.549999237060547,19.559999465942383,19.196666717529297,19.253332138061523,15.800346374511719,120300
2004-06-15,19.59000015258789,19.616666793823242,19.350000381469727,19.416667938232422,15.934391975402832,81600
2004-06-16,19.399999618530273,19.406667709350586,19.21666717529297,19.343332290649414,15.8742094039917,165900
2004-06-17,19.016666412353516,19.036666870117188,18.690000534057617,18.726667404174805,15.368130683898926,313500
2004-06-18,18.53333282470703,18.916667938232422,18.53333282470703,18.64666748046875,15.302483558654785,158100
2004-06-21,18.799999237060547,18.913333892822266,18.47333335876465,18.483333587646484,15.168448448181152,66600
2004-06-22,18.600000381469727,19.086666107177734,18.583332061767578,19.046667098999023,15.630741119384766,307500
2004-06-23,19.200000762939453,19.530000686645508,19.10333251953125,19.483333587646484,15.98910140991211,545100
2004-06-24,19.483333587646484,19.633333206176758,19.266666412353516,19.329999923706055,15.863264083862305,357300
2004-06-25,19.389999389648438,19.53333282470703,19.363332748413086,19.446666717529297,15.959002494812012,149700
2004-06-28,19.67333221435547,19.67333221435547,19.166667938232422,19.219999313354492,15.772987365722656,81000
2004-06-29,19.280000686645508,19.59000015258789,19.280000686645508,19.59000015258789,16.076623916625977,806700
2004-06-30,19.67333221435547,19.866666793823242,19.540000915527344,19.75,16.207944869995117,539100
2004-07-01,19.5,19.5,18.920000076293945,19.020000457763672,15.608861923217773,575400
2004-07-02,18.866666793823242,18.866666793823242,18.633333206176758,18.663333892822266,15.31615924835205,250800
2004-07-06,18.333332061767578,18.350000381469727,17.790000915527344,17.883333206176758,14.676051139831543,386400
2004-07-07,18.05666732788086,18.260000228881836,18.05666732788086,18.133333206176758,14.881213188171387,254100
2004-07-08,18.053333282470703,18.246667861938477,17.953332901000977,17.953332901000977,14.733494758605957,230400
2004-07-09,18.21666717529297,18.383333206176758,18.149999618530273,18.219999313354492,14.952336311340332,130500
2004-07-12,17.75,17.883333206176758,17.600000381469727,17.786666870117188,14.596720695495605,617400
2004-07-13,17.93666648864746,18.0,17.709999084472656,17.816667556762695,14.621332168579102,445500
2004-07-14,17.083332061767578,17.393333435058594,16.96666717529297,17.083332061767578,14.019523620605469,320700
2004-07-15,17.100000381469727,17.303333282470703,16.956666946411133,17.09000015258789,14.025001525878906,280500
2004-07-16,17.200000762939453,17.200000762939453,16.636667251586914,16.69333267211914,13.699463844299316,468000
2004-07-19,16.75,16.889999389648438,16.549999237060547,16.803333282470703,13.789740562438965,456300
2004-07-20,16.766666412353516,17.21666717529297,16.766666412353516,17.21666717529297,14.12894344329834,264000
2004-07-21,17.46666717529297,17.48666763305664,16.456666946411133,16.456666946411133,13.505248069763184,1143600
2004-07-22,16.59666633605957,17.049999237060547,16.433332443237305,16.916667938232422,13.882749557495117,726000
2004-07-23,16.71666717529297,16.766666412353516,16.366666793823242,16.3700008392334,13.434122085571289,390600
2004-07-26,16.433332443237305,16.49333381652832,16.079999923706055,16.22333335876465,13.313755989074707,573300
2004-07-27,16.31999969482422,16.40999984741211,15.933333396911621,16.309999465942383,13.38488483428955,336900
2004-07-28,16.163333892822266,16.32666778564453,15.84000015258789,16.233333587646484,13.321968078613281,388800
2004-07-29,16.46666717529297,16.80666732788086,16.39666748046875,16.700000762939453,13.704937934875488,390600
2004-07-30,16.700000762939453,17.016666412353516,16.616666793823242,16.89666748046875,13.866334915161133,750600
2004-08-02,16.676666259765625,17.0,16.676666259765625,16.906667709350586,13.874539375305176,258300
2004-08-03,16.856666564941406,16.863332748413086,16.316667556762695,16.316667556762695,13.39035701751709,266700
2004-08-04,16.233333587646484,16.60333251953125,16.136667251586914,16.47333335876465,13.51892375946045,348000
2004-08-05,16.553333282470703,16.666667938232422,16.233333587646484,16.233333587646484,13.321968078613281,280200
2004-08-06,16.253332138061523,16.253332138061523,15.523332595825195,15.653332710266113,12.845989227294922,868800
2004-08-09,15.683333396911621,15.75333309173584,15.546667098999023,15.649999618530273,12.843250274658203,311400
2004-08-10,15.816666603088379,15.883333206176758,15.683333396911621,15.873332977294922,13.026528358459473,138600
2004-08-11,15.00333309173584,15.1899995803833,14.866666793823242,15.136667251586914,12.421985626220703,650700
2004-08-12,14.970000267028809,15.066666603088379,14.666666984558105,14.74666690826416,12.101927757263184,719700
2004-08-13,14.813332557678223,14.813332557678223,14.566666603088379,14.800000190734863,12.145698547363281,365700
2004-08-16,14.973333358764648,15.08666706085205,14.920000076293945,14.99666690826416,12.307092666625977,261600
2004-08-17,15.326666831970215,15.423333168029785,15.239999771118164,15.24666690826416,12.512253761291504,240000
2004-08-18,15.116666793823242,15.833333015441895,15.116666793823242,15.833333015441895,12.993708610534668,402600
2004-08-19,15.766667366027832,15.876667022705078,15.550000190734863,15.696666717529297,12.881548881530762,115200
2004-08-20,15.616666793823242,15.90666675567627,15.566666603088379,15.803333282470703,12.969088554382324,118200
2004-08-23,15.886667251586914,16.1299991607666,15.880000114440918,15.963333129882812,13.100393295288086,418200
2004-08-24,15.966667175292969,16.016666412353516,15.510000228881836,15.616666793823242,12.815897941589355,401100
2004-08-25,15.5,15.856666564941406,15.396666526794434,15.779999732971191,12.949941635131836,289500
2004-08-26,15.776666641235352,15.776666641235352,15.566666603088379,15.630000114440918,12.8268404006958,322200
2004-08-27,15.713333129882812,15.846667289733887,15.65999984741211,15.75,12.925320625305176,115200
2004-08-30,15.633333206176758,15.676667213439941,15.359999656677246,15.40999984741211,12.646293640136719,305100
2004-08-31,15.333333015441895,15.350000381469727,14.966667175292969,15.24666690826416,12.512253761291504,275700
2004-09-01,15.289999961853027,15.623332977294922,15.289999961853027,15.44333267211914,12.673649787902832,93300
2004-09-02,15.359999656677246,15.579999923706055,15.296667098999023,15.546667098999023,12.758453369140625,43200
2004-09-03,15.106666564941406,15.166666984558105,14.800000190734863,14.816666603088379,12.159367561340332,430800
2004-09-07,14.983332633972168,15.033332824707031,14.623332977294922,14.686667442321777,12.052687644958496,171600
2004-09-08,14.666666984558105,14.83666706085205,14.576666831970215,14.619999885559082,11.997979164123535,146100
2004-09-09,14.99666690826416,15.5600004196167,14.866666793823242,15.433333396911621,12.66544246673584,407100
2004-09-10,15.460000038146973,16.06999969482422,15.44333267211914,16.010000228881836,13.138689041137695,949200
2004-09-13,16.299999237060547,16.59666633605957,16.10333251953125,16.329999923706055,13.401294708251953,3798000
2004-09-14,16.299999237060547,16.399999618530273,16.143333435058594,16.373332977294922,13.436858177185059,795300
2004-09-15,16.126667022705078,16.126667022705078,15.803333282470703,15.890000343322754,13.040209770202637,451500
2004-09-16,16.043333053588867,16.100000381469727,15.859999656677246,15.90666675567627,13.053890228271484,524700
2004-09-17,16.06999969482422,16.196666717529297,15.91333293914795,16.176666259765625,13.275465965270996,431400
2004-09-20,16.083332061767578,16.81333351135254,16.046667098999023,16.64666748046875,13.661175727844238,837600
2004-09-21,16.78333282470703,16.920000076293945,16.68666648864746,16.836666107177734,13.817096710205078,1195500
2004-09-22,16.65999984741211,16.67333221435547,16.333332061767578,16.35333251953125,13.42044448852539,482100
2004-09-23,16.399999618530273,16.549999237060547,16.22333335876465,16.416667938232422,13.472424507141113,168000
2004-09-24,16.5,16.543333053588867,15.926667213439941,16.016666412353516,13.144157409667969,448800
2004-09-27,15.720000267028809,16.01333236694336,15.666666984558105,15.786666870117188,12.955410957336426,1411800
2004-09-28,15.770000457763672,15.803333282470703,15.483332633972168,15.609999656677246,12.810428619384766,587100
2004-09-29,15.640000343322754,15.970000267028809,15.640000343322754,15.84000015258789,12.999176979064941,856500
2004-09-30,15.90666675567627,16.163333892822266,15.896666526794434,16.00666618347168,13.135952949523926,1130400
2004-10-01,16.316667556762695,16.753332138061523,16.27666664123535,16.753332138061523,13.748708724975586,610200
2004-10-04,17.0,17.21666717529297,16.899999618530273,16.93666648864746,13.899165153503418,673200
2004-10-05,16.916667938232422,17.040000915527344,16.68666648864746,16.8799991607666,13.852660179138184,389100
2004-10-06,16.866666793823242,16.956666946411133,16.65333366394043,16.956666946411133,13.915574073791504,255000
2004-10-07,16.96666717529297,17.113332748413086,16.81333351135254,16.833332061767578,13.814360618591309,365100
2004-10-08,16.633333206176758,16.696666717529297,16.17333221435547,16.28333282470703,13.36299991607666,404400
2004-10-11,16.226667404174805,16.329999923706055,16.03333282470703,16.31333351135254,13.387624740600586,211200
2004-10-12,15.993332862854004,16.133333206176758,15.850000381469727,16.07666778564453,13.193395614624023,617400
2004-10-13,16.479999542236328,16.649999618530273,16.25,16.32666778564453,13.398561477661133,423000
2004-10-14,16.200000762939453,16.299999237060547,15.816666603088379,15.850000381469727,13.007380485534668,281700
2004-10-15,15.983332633972168,16.043333053588867,15.779999732971191,15.880000114440918,13.031999588012695,207000
2004-10-18,15.833333015441895,15.989999771118164,15.640000343322754,15.989999771118164,13.12228012084961,326100
2004-10-19,16.386667251586914,16.520000457763672,16.166667938232422,16.166667938232422,13.26725959777832,453900
2004-10-20,16.040000915527344,16.433332443237305,15.930000305175781,16.303333282470703,13.379412651062012,273900
2004-10-21,16.3799991607666,16.906667709350586,16.3799991607666,16.81999969482422,13.80341625213623,258900
2004-10-22,16.883333206176758,16.883333206176758,16.233333587646484,16.25,13.335646629333496,345600
2004-10-25,16.316667556762695,16.530000686645508,16.213333129882812,16.383333206176758,13.445066452026367,401400
2004-10-26,16.44333267211914,16.44333267211914,16.156667709350586,16.266666412353516,13.349323272705078,183300
2004-10-27,16.416667938232422,16.906667709350586,16.31999969482422,16.873332977294922,13.847184181213379,416100
2004-10-28,16.899999618530273,17.149999618530273,16.850000381469727,16.983333587646484,13.937461853027344,994500
2004-10-29,16.989999771118164,17.06999969482422,16.799999237060547,16.956666946411133,13.915574073791504,186600
2004-11-01,16.913333892822266,17.049999237060547,16.866666793823242,17.020000457763672,13.967551231384277,465600
2004-11-02,16.950000762939453,17.166667938232422,16.80666732788086,16.946666717529297,13.907368659973145,1016400
2004-11-03,17.503332138061523,17.503332138061523,16.770000457763672,16.81999969482422,13.80341625213623,710700
2004-11-04,16.656667709350586,16.996667861938477,16.606666564941406,16.926666259765625,13.890952110290527,396300
2004-11-05,17.233333587646484,17.393333435058594,17.083332061767578,17.196666717529297,14.112533569335938,687900
2004-11-08,17.196666717529297,17.343332290649414,17.123332977294922,17.203332901000977,14.118003845214844,178500
2004-11-09,17.21666717529297,17.226667404174805,17.023332595825195,17.07666778564453,14.014053344726562,157500
2004-11-10,17.066667556762695,17.066667556762695,16.780000686645508,16.823333740234375,13.806153297424316,405900
2004-11-11,16.950000762939453,17.200000762939453,16.920000076293945,17.166667938232422,14.087913513183594,223200
2004-11-12,17.299999237060547,17.510000228881836,17.100000381469727,17.476667404174805,14.34231948852539,447300
2004-11-15,17.440000534057617,17.843332290649414,17.373332977294922,17.75,14.566629409790039,364500
2004-11-16,17.593332290649414,17.80666732788086,17.510000228881836,17.636667251586914,14.473621368408203,297300
2004-11-17,17.99333381652832,18.356666564941406,17.92333221435547,18.106666564941406,14.859329223632812,676200
2004-11-18,17.996667861938477,18.363332748413086,17.889999389648438,18.343332290649414,15.053550720214844,585000
2004-11-19,18.293333053588867,18.293333053588867,17.793333053588867,17.796667098999023,14.604928016662598,687300
2004-11-22,17.68000030517578,17.863332748413086,17.610000610351562,17.860000610351562,14.656903266906738,259200
2004-11-23,17.893333435058594,17.98666763305664,17.623332977294922,17.733333587646484,14.552952766418457,188700
2004-11-24,17.89666748046875,17.940000534057617,17.78333282470703,17.8799991607666,14.673307418823242,180900
2004-11-26,17.93666648864746,17.93666648864746,17.773332595825195,17.77666664123535,14.588506698608398,50100
2004-11-29,17.99333381652832,18.073333740234375,17.65999984741211,17.73666763305664,14.555685997009277,360600
2004-11-30,17.799999237060547,17.799999237060547,17.5,17.5,14.361461639404297,324900
2004-12-01,17.616666793823242,18.233333587646484,17.616666793823242,18.233333587646484,14.963281631469727,238500
2004-12-02,18.083332061767578,18.446666717529297,18.030000686645508,18.079999923706055,14.837443351745605,648900
2004-12-03,18.636667251586914,18.75,18.420000076293945,18.433332443237305,15.12740707397461,417000
2004-12-06,18.450000762939453,18.643333435058594,18.28333282470703,18.549999237060547,15.223151206970215,219000
2004-12-07,18.57666778564453,18.773332595825195,18.18000030517578,18.183332443237305,14.92224407196045,383100
2004-12-08,18.083332061767578,18.083332061767578,17.81333351135254,17.873332977294922,14.667845726013184,575400
2004-12-09,17.416667938232422,17.786666870117188,17.206666946411133,17.65333366394043,14.487299919128418,1047300
2004-12-10,17.796667098999023,17.796667098999023,17.459999084472656,17.459999084472656,14.328639030456543,206400
2004-12-13,17.706666946411133,17.706666946411133,17.540000915527344,17.616666793823242,14.457209587097168,138300
2004-12-14,17.77666664123535,17.99333381652832,17.77666664123535,17.906667709350586,14.69520092010498,711000
2004-12-15,17.940000534057617,18.123332977294922,17.89666748046875,17.983333587646484,14.758123397827148,341700
2004-12-16,17.983333587646484,18.1200008392334,17.636667251586914,17.739999771118164,14.55842399597168,849300
2004-12-17,17.746667861938477,17.760000228881836,17.52666664123535,17.573333740234375,14.421640396118164,747600
2004-12-20,17.600000381469727,17.739999771118164,17.360000610351562,17.373332977294922,14.257511138916016,572700
2004-12-21,17.450000762939453,17.649999618530273,17.393333435058594,17.613332748413086,14.454477310180664,1310100
2004-12-22,17.683332443237305,17.766666412353516,17.60333251953125,17.700000762939453,14.525595664978027,409200
2004-12-23,17.700000762939453,17.786666870117188,17.65999984741211,17.739999771118164,14.55842399597168,279300
2004-12-27,17.770000457763672,17.866666793823242,17.56333351135254,17.639999389648438,14.47635555267334,125100
2004-12-28,17.586666107177734,17.733333587646484,17.549999237060547,17.670000076293945,14.50097370147705,212700
2004-12-29,17.706666946411133,17.92333221435547,17.649999618530273,17.836666107177734,14.637749671936035,174900
2004-12-30,17.843332290649414,17.963333129882812,17.843332290649414,17.90999984741211,14.697936058044434,328500
2004-12-31,17.906667709350586,18.01333236694336,17.866666793823242,17.933332443237305,14.717082023620605,359400
2005-01-03,18.126667022705078,18.133333206176758,17.586666107177734,17.633333206176758,14.4708890914917,674700
2005-01-04,17.633333206176758,17.683332443237305,16.860000610351562,17.100000381469727,14.033204078674316,1019700
2005-01-05,16.94333267211914,17.1299991607666,16.753332138061523,16.829999923706055,13.811627388000488,1136100
2005-01-06,16.866666793823242,17.003332138061523,16.709999084472656,16.75,13.7459716796875,1602000
2005-01-07,16.856666564941406,17.03333282470703,16.65999984741211,16.833332061767578,13.814360618591309,585300
2005-01-10,16.856666564941406,17.02666664123535,16.793333053588867,16.833332061767578,13.814360618591309,247500
2005-01-11,16.55666732788086,16.636667251586914,16.360000610351562,16.446666717529297,13.497042655944824,678900
2005-01-12,16.65333366394043,16.77666664123535,16.416667938232422,16.67333221435547,13.683058738708496,341100
2005-01-13,16.610000610351562,16.73666763305664,16.483333587646484,16.51333236694336,13.551753997802734,2932500
2005-01-14,16.649999618530273,16.829999923706055,16.6200008392334,16.700000762939453,13.704937934875488,198300
2005-01-18,16.666667938232422,16.85333251953125,16.600000381469727,16.836666107177734,13.817096710205078,106200
2005-01-19,16.816667556762695,16.816667556762695,16.360000610351562,16.386667251586914,13.447800636291504,588900
2005-01-20,16.266666412353516,16.483333587646484,16.219999313354492,16.233333587646484,13.321968078613281,741000
2005-01-21,16.39666748046875,16.39666748046875,16.066667556762695,16.066667556762695,13.18519115447998,882600
2005-01-24,16.1200008392334,16.1200008392334,15.710000038146973,15.710000038146973,12.892492294311523,3387300
2005-01-25,15.933333396911621,16.066667556762695,15.933333396911621,15.973333358764648,13.108596801757812,463800
2005-01-26,16.23666763305664,16.44333267211914,15.899999618530273,16.393333435058594,13.453269958496094,871500
2005-01-27,16.406667709350586,16.586666107177734,16.329999923706055,16.573333740234375,13.600991249084473,296400
2005-01-28,16.633333206176758,16.666667938232422,16.31333351135254,16.40999984741211,13.466947555541992,193800
2005-01-31,16.666667938232422,16.709999084472656,16.553333282470703,16.613332748413086,13.633816719055176,404100
2005-02-01,16.626667022705078,16.860000610351562,16.626667022705078,16.816667556762695,13.80068302154541,306000
2005-02-02,16.883333206176758,16.916667938232422,16.753332138061523,16.816667556762695,13.80068302154541,80100
2005-02-03,16.670000076293945,16.69333267211914,16.47333335876465,16.579999923706055,13.606460571289062,155400
2005-02-04,16.80666732788086,17.296667098999023,16.770000457763672,17.280000686645508,14.18091869354248,223200
2005-02-07,17.246667861938477,17.440000534057617,17.200000762939453,17.233333587646484,14.142626762390137,166800
2005-02-08,17.206666946411133,17.68666648864746,17.206666946411133,17.579999923706055,14.427119255065918,735600
2005-02-09,17.583332061767578,17.583332061767578,17.139999389648438,17.15333366394043,14.076973915100098,266400
2005-02-10,17.46666717529297,17.46666717529297,17.1299991607666,17.260000228881836,14.164501190185547,163800
2005-02-11,17.266666412353516,17.926666259765625,17.200000762939453,17.80666732788086,14.613136291503906,981900
2005-02-14,17.843332290649414,17.913333892822266,17.75,17.860000610351562,14.656903266906738,195000
2005-02-15,17.94333267211914,18.18666648864746,17.80666732788086,17.959999084472656,14.738959312438965,686400
2005-02-16,17.823333740234375,17.953332901000977,17.700000762939453,17.82666778564453,14.629545211791992,499800
2005-02-17,17.790000915527344,17.93666648864746,17.53333282470703,17.559999465942383,14.410701751708984,264300
2005-02-18,17.50666618347168,17.663333892822266,17.5,17.546667098999023,14.399767875671387,325200
2005-02-22,17.386667251586914,17.950000762939453,17.386667251586914,17.51333236694336,14.372403144836426,468900
2005-02-23,17.666667938232422,17.666667938232422,17.25666618347168,17.44333267211914,14.314958572387695,381900
2005-02-24,17.56999969482422,17.829999923706055,17.3799991607666,17.81999969482422,14.62407398223877,674700
2005-02-25,17.883333206176758,18.15999984741211,17.793333053588867,18.136667251586914,14.88394546508789,622800
2005-02-28,18.21666717529297,18.336666107177734,17.809999465942383,17.920000076293945,14.706136703491211,423300
2005-03-01,18.149999618530273,18.32666778564453,18.079999923706055,18.316667556762695,15.031662940979004,420000
2005-03-02,18.316667556762695,18.316667556762695,17.946666717529297,18.053333282470703,14.815563201904297,365700
2005-03-03,18.049999237060547,18.049999237060547,17.64666748046875,17.809999465942383,14.615865707397461,614100
2005-03-04,17.926666259765625,18.03333282470703,17.733333587646484,17.80666732788086,14.613136291503906,199500
2005-03-07,17.916667938232422,18.266666412353516,17.913333892822266,18.10333251953125,14.856595993041992,371100
2005-03-08,18.03333282470703,18.266666412353516,17.799999237060547,17.829999923706055,14.63227653503418,469500
2005-03-09,17.90999984741211,18.03333282470703,17.719999313354492,17.719999313354492,14.542013168334961,357600
2005-03-10,17.75,17.976667404174805,17.626667022705078,17.953332901000977,14.733494758605957,584700
2005-03-11,18.023332595825195,18.079999923706055,17.469999313354492,17.553333282470703,14.405235290527344,385800
2005-03-14,17.566667556762695,17.649999618530273,17.503332138061523,17.579999923706055,14.427119255065918,241800
2005-03-15,17.666667938232422,17.67333221435547,17.270000457763672,17.273332595825195,14.17545223236084,320400
2005-03-16,17.226667404174805,17.46666717529297,17.05666732788086,17.10333251953125,14.035941123962402,721200
2005-03-17,17.136667251586914,17.24333381652832,17.083332061767578,17.139999389648438,14.066030502319336,519900
2005-03-18,17.110000610351562,17.123332977294922,16.883333206176758,16.920000076293945,13.885483741760254,430800
2005-03-21,17.02666664123535,17.093332290649414,16.809999465942383,16.97333335876465,13.929254531860352,1236900
2005-03-22,17.176666259765625,17.183332443237305,16.81333351135254,16.81333351135254,13.79794979095459,431400
2005-03-23,16.93666648864746,17.1200008392334,16.93666648864746,17.00666618347168,13.956605911254883,406500
2005-03-24,17.126667022705078,17.176666259765625,17.020000457763672,17.030000686645508,13.975754737854004,153300
2005-03-28,17.170000076293945,17.266666412353516,16.989999771118164,16.989999771118164,13.942928314208984,225900
2005-03-29,16.946666717529297,17.05666732788086,16.709999084472656,16.709999084472656,13.713143348693848,168300
2005-03-30,16.883333206176758,17.133333206176758,16.803333282470703,17.133333206176758,14.060561180114746,159000
2005-03-31,17.133333206176758,17.133333206176758,16.96666717529297,16.989999771118164,13.942928314208984,209700
2005-04-01,17.116666793823242,17.176666259765625,16.76333236694336,16.770000457763672,13.762392044067383,221700
2005-04-04,16.713333129882812,16.770000457763672,16.59000015258789,16.706666946411133,13.710407257080078,302100
2005-04-05,16.700000762939453,16.876667022705078,16.64666748046875,16.69333267211914,13.699463844299316,387300
2005-04-06,16.833332061767578,16.92333221435547,16.700000762939453,16.706666946411133,13.710407257080078,135600
2005-04-07,16.799999237060547,17.003332138061523,16.713333129882812,16.989999771118164,13.942928314208984,181800
2005-04-08,17.049999237060547,17.093332290649414,16.926666259765625,16.940000534057617,13.901899337768555,305700
2005-04-11,16.96666717529297,17.010000228881836,16.770000457763672,16.799999237060547,13.787009239196777,160200
2005-04-12,16.766666412353516,16.793333053588867,16.386667251586914,16.760000228881836,13.754180908203125,304200
2005-04-13,16.733333587646484,16.733333587646484,16.323333740234375,16.366666793823242,13.431387901306152,278700
2005-04-14,16.32666778564453,16.389999389648438,16.1200008392334,16.123332977294922,13.23169994354248,371700
2005-04-15,15.866666793823242,15.886667251586914,15.566666603088379,15.616666793823242,12.815897941589355,764100
2005-04-18,15.623332977294922,15.84333324432373,15.563332557678223,15.69333267211914,12.878814697265625,603600
2005-04-19,16.010000228881836,16.106666564941406,15.91333293914795,16.040000915527344,13.163305282592773,255900
2005-04-20,16.28333282470703,16.316667556762695,15.789999961853027,15.813332557678223,12.977293968200684,423300
2005-04-21,16.126667022705078,16.399999618530273,16.083332061767578,16.386667251586914,13.447800636291504,433500
2005-04-22,16.316667556762695,16.329999923706055,16.0,16.133333206176758,13.239901542663574,254400
2005-04-25,16.233333587646484,16.28333282470703,16.083332061767578,16.19333267211914,13.289141654968262,195600
2005-04-26,16.133333206176758,16.44333267211914,16.073333740234375,16.139999389648438,13.24537181854248,147000
2005-04-27,15.923333168029785,16.139999389648438,15.84333324432373,16.02666664123535,13.152366638183594,166200
2005-04-28,16.126667022705078,16.126667022705078,15.833333015441895,15.833333015441895,12.993708610534668,742500
2005-04-29,15.923333168029785,16.053333282470703,15.633333206176758,16.010000228881836,13.138689041137695,1150800
2005-05-02,16.010000228881836,16.093332290649414,15.916666984558105,16.0,13.13048267364502,124800
2005-05-03,16.049999237060547,16.143333435058594,15.930000305175781,15.960000038146973,13.097658157348633,367200
2005-05-04,16.03333282470703,16.389999389648438,16.030000686645508,16.31999969482422,13.393088340759277,462000
2005-05-05,16.366666793823242,16.530000686645508,16.296667098999023,16.360000610351562,13.425920486450195,183600
2005-05-06,16.44333267211914,16.520000457763672,16.35333251953125,16.479999542236328,13.524395942687988,123600
2005-05-09,16.49333381652832,16.549999237060547,16.34666633605957,16.543333053588867,13.576375007629395,118200
2005-05-10,16.483333587646484,16.483333587646484,16.31999969482422,16.366666793823242,13.431387901306152,81900
2005-05-11,16.47333335876465,16.47333335876465,16.15999984741211,16.393333435058594,13.453269958496094,257400
2005-05-12,16.496667861938477,16.64666748046875,16.40333366394043,16.456666946411133,13.505248069763184,180300
2005-05-13,16.540000915527344,17.066667556762695,16.540000915527344,16.979999542236328,13.93472671508789,830700
2005-05-16,17.0,17.07666778564453,16.873332977294922,17.043333053588867,13.986699104309082,178200
2005-05-17,17.02666664123535,17.176666259765625,16.963333129882812,17.176666259765625,14.096121788024902,333300
2005-05-18,17.28333282470703,17.426666259765625,17.07666778564453,17.383333206176758,14.265721321105957,1954500
2005-05-19,17.440000534057617,17.583332061767578,17.333332061767578,17.416667938232422,14.29308032989502,2020800
2005-05-20,17.40999984741211,17.56333351135254,17.30666732788086,17.546667098999023,14.399767875671387,204900
2005-05-23,17.566667556762695,17.68666648864746,17.463333129882812,17.586666107177734,14.432588577270508,168300
2005-05-24,17.543333053588867,17.803333282470703,17.5,17.796667098999023,14.604928016662598,364500
2005-05-25,17.766666412353516,17.766666412353516,17.516666412353516,17.64666748046875,14.48182487487793,292800
2005-05-26,17.78333282470703,18.0,17.78333282470703,17.946666717529297,14.728026390075684,255600
2005-05-27,17.946666717529297,17.946666717529297,17.719999313354492,17.8700008392334,14.665108680725098,873000
2005-05-31,17.94333267211914,18.0,17.793333053588867,17.833332061767578,14.635017395019531,846900
2005-06-01,17.829999923706055,18.083332061767578,17.76333236694336,17.96666717529297,14.744438171386719,683100
2005-06-02,17.96666717529297,18.233333587646484,17.96666717529297,18.229999542236328,14.960541725158691,461400
2005-06-03,18.266666412353516,18.266666412353516,18.046667098999023,18.073333740234375,14.83197021484375,948000
2005-06-06,18.016666412353516,18.016666412353516,17.82666778564453,17.950000762939453,14.730758666992188,820800
2005-06-07,18.020000457763672,18.21666717529297,17.773332595825195,17.80666732788086,14.613136291503906,1004700
2005-06-08,18.03333282470703,18.09000015258789,17.889999389648438,17.94333267211914,14.725285530090332,520500
2005-06-09,17.94333267211914,18.290000915527344,17.833332061767578,18.28333282470703,15.004308700561523,415500
2005-06-10,18.206666946411133,18.219999313354492,17.93000030517578,18.00666618347168,14.777265548706055,468900
2005-06-13,17.950000762939453,18.14666748046875,17.899999618530273,17.976667404174805,14.752647399902344,173400
2005-06-14,17.969999313354492,18.049999237060547,17.81999969482422,17.856666564941406,14.654166221618652,139500
2005-06-15,17.926666259765625,17.98666763305664,17.593332290649414,17.89666748046875,14.686991691589355,499800
2005-06-16,17.89666748046875,18.110000610351562,17.89666748046875,18.03333282470703,14.799148559570312,334800
2005-06-17,18.049999237060547,18.14666748046875,17.950000762939453,18.03333282470703,14.799148559570312,166200
2005-06-20,17.8799991607666,18.010000228881836,17.81999969482422,17.950000762939453,14.730758666992188,213600
2005-06-21,17.96666717529297,18.100000381469727,17.96666717529297,18.066667556762695,14.826492309570312,225000
2005-06-22,18.149999618530273,18.21666717529297,18.05666732788086,18.206666946411133,14.941390991210938,356700
2005-06-23,18.260000228881836,18.65333366394043,18.206666946411133,18.213333129882812,14.946863174438477,1476300
2005-06-24,18.226667404174805,18.226667404174805,17.856666564941406,17.866666793823242,14.662373542785645,185100
2005-06-27,17.799999237060547,17.81999969482422,17.520000457763672,17.586666107177734,14.432588577270508,1243200
2005-06-28,17.75,17.80666732788086,17.649999618530273,17.793333053588867,14.602190971374512,398400
2005-06-29,17.833332061767578,17.833332061767578,17.67333221435547,17.71666717529297,14.539268493652344,516000
2005-06-30,17.770000457763672,17.833332061767578,17.56333351135254,17.573333740234375,14.421640396118164,843300
2005-07-01,17.666667938232422,17.703332901000977,17.553333282470703,17.6200008392334,14.459948539733887,125700
2005-07-05,17.56999969482422,17.90333366394043,17.543333053588867,17.8700008392334,14.665108680725098,154500
2005-07-06,17.8700008392334,18.166667938232422,17.8700008392334,18.02666664123535,14.793675422668457,664800
2005-07-07,17.739999771118164,18.100000381469727,17.739999771118164,18.100000381469727,14.853861808776855,778200
2005-07-08,18.100000381469727,18.510000228881836,18.100000381469727,18.48666763305664,15.171175003051758,743700
2005-07-11,18.666667938232422,18.913333892822266,18.666667938232422,18.906667709350586,15.515853881835938,432000
2005-07-12,18.899999618530273,19.133333206176758,18.850000381469727,19.066667556762695,15.647156715393066,873300
2005-07-13,19.066667556762695,19.163333892822266,18.94333267211914,19.1200008392334,15.690925598144531,1061100
2005-07-14,19.5,19.5,19.163333892822266,19.316667556762695,15.852317810058594,5923800
2005-07-15,19.316667556762695,19.31999969482422,19.05666732788086,19.260000228881836,15.805813789367676,751500
2005-07-18,19.200000762939453,19.233333587646484,19.053333282470703,19.15999984741211,15.72375774383545,806400
2005-07-19,19.22333335876465,19.553333282470703,19.22333335876465,19.549999237060547,16.043811798095703,773700
2005-07-20,19.203332901000977,19.816667556762695,19.19333267211914,19.739999771118164,16.19972801208496,646800
2005-07-21,19.719999313354492,19.93666648864746,19.34000015258789,19.420000076293945,15.937124252319336,349500
2005-07-22,19.65999984741211,19.71666717529297,19.40999984741211,19.546667098999023,16.041080474853516,578100
2005-07-25,19.626667022705078,19.74333381652832,19.456666946411133,19.50666618347168,16.008243560791016,262500
2005-07-26,19.65999984741211,19.799999237060547,19.566667556762695,19.78333282470703,16.23529052734375,360600
2005-07-27,19.616666793823242,19.700000762939453,19.386667251586914,19.633333206176758,16.11219596862793,539700
2005-07-28,19.666667938232422,19.733333587646484,19.523332595825195,19.733333587646484,16.194263458251953,162300
2005-07-29,19.643333435058594,19.700000762939453,19.5,19.613332748413086,16.095787048339844,796200
2005-08-01,19.656667709350586,19.71666717529297,19.540000915527344,19.64666748046875,16.12314224243164,851100
2005-08-02,19.700000762939453,20.083332061767578,19.700000762939453,20.066667556762695,16.467815399169922,365400
2005-08-03,19.99333381652832,20.046667098999023,19.883333206176758,19.969999313354492,16.38848114013672,368100
2005-08-04,19.809999465942383,19.809999465942383,19.540000915527344,19.540000915527344,16.035606384277344,491100
2005-08-05,19.46666717529297,19.586666107177734,19.34666633605957,19.440000534057617,15.953540802001953,247800
2005-08-08,19.463333129882812,19.549999237060547,19.31333351135254,19.31333351135254,15.849588394165039,239100
2005-08-09,19.383333206176758,19.636667251586914,19.383333206176758,19.573333740234375,16.062952041625977,154800
2005-08-10,19.583332061767578,19.739999771118164,19.25,19.299999237060547,15.838641166687012,1062000
2005-08-11,19.266666412353516,19.52666664123535,19.23666763305664,19.51333236694336,16.013717651367188,211800
2005-08-12,19.31999969482422,19.336666107177734,19.09666633605957,19.166667938232422,15.729217529296875,1021200
2005-08-15,19.166667938232422,19.469999313354492,19.136667251586914,19.416667938232422,15.934391975402832,211800
2005-08-16,19.360000610351562,19.360000610351562,19.00666618347168,19.02666664123535,15.614334106445312,213600
2005-08-17,19.149999618530273,19.350000381469727,19.149999618530273,19.293333053588867,15.83317756652832,908100
2005-08-18,19.149999618530273,19.52666664123535,19.09666633605957,19.116666793823242,15.688186645507812,304800
2005-08-19,19.183332443237305,19.286666870117188,19.113332748413086,19.1200008392334,15.690925598144531,857400
2005-08-22,19.299999237060547,19.40999984741211,19.209999084472656,19.399999618530273,15.9207124710083,1209000
2005-08-23,19.366666793823242,19.46666717529297,19.260000228881836,19.34000015258789,15.871465682983398,209700
2005-08-24,19.26333236694336,19.579999923706055,19.18666648864746,19.200000762939453,15.75657844543457,776100
2005-08-25,19.266666412353516,19.383333206176758,19.200000762939453,19.31999969482422,15.855058670043945,7514700
2005-08-26,19.31333351135254,19.31333351135254,19.083332061767578,19.14666748046875,15.712807655334473,745200
2005-08-29,19.100000381469727,19.416667938232422,19.06999969482422,19.3700008392334,15.896089553833008,310800
2005-08-30,19.270000457763672,19.446666717529297,19.149999618530273,19.446666717529297,15.959002494812012,175200
2005-08-31,19.426666259765625,19.666667938232422,19.31999969482422,19.649999618530273,16.125871658325195,522600
2005-09-01,19.52666664123535,19.626667022705078,19.413333892822266,19.459999084472656,15.969951629638672,1964100
2005-09-02,19.489999771118164,19.523332595825195,19.34000015258789,19.389999389648438,15.912506103515625,218400
2005-09-06,19.520000457763672,19.726667404174805,19.51333236694336,19.700000762939453,16.166912078857422,212100
2005-09-07,19.670000076293945,19.823333740234375,19.536666870117188,19.713333129882812,16.17784881591797,282000
2005-09-08,19.700000762939453,20.043333053588867,19.700000762939453,19.99333381652832,16.407630920410156,526500
2005-09-09,20.03333282470703,20.139999389648438,19.899999618530273,20.06999969482422,16.470552444458008,2484000
2005-09-12,20.093332290649414,20.1200008392334,19.98666763305664,20.03333282470703,16.440448760986328,123900
2005-09-13,20.0,20.30666732788086,19.98666763305664,20.213333129882812,16.588171005249023,981000
2005-09-14,20.399999618530273,20.399999618530273,20.00666618347168,20.100000381469727,16.49516487121582,288600
2005-09-15,20.100000381469727,20.1200008392334,19.850000381469727,19.899999618530273,16.331031799316406,232500
2005-09-16,19.983333587646484,19.98666763305664,19.773332595825195,19.96666717529297,16.385751724243164,196800
2005-09-19,19.906667709350586,19.96666717529297,19.613332748413086,19.68000030517578,16.150495529174805,244500
2005-09-20,19.72333335876465,19.920000076293945,19.549999237060547,19.549999237060547,16.043811798095703,346800
2005-09-21,19.476667404174805,19.476667404174805,19.200000762939453,19.280000686645508,15.822234153747559,366300
2005-09-22,19.15999984741211,19.31333351135254,18.969999313354492,19.190000534057617,15.748369216918945,575400
2005-09-23,19.143333435058594,19.44333267211914,19.053333282470703,19.34666633605957,15.876945495605469,299400
2005-09-26,19.626667022705078,19.666667938232422,19.290000915527344,19.389999389648438,15.920454978942871,345000
2005-09-27,19.366666793823242,19.43000030517578,19.046667098999023,19.17333221435547,15.742565155029297,896100
2005-09-28,19.176666259765625,19.376667022705078,19.046667098999023,19.15999984741211,15.73161506652832,292200
2005-09-29,19.170000076293945,19.523332595825195,19.053333282470703,19.459999084472656,15.977930068969727,245100
2005-09-30,19.510000228881836,19.856666564941406,19.5,19.753332138061523,16.218780517578125,522900
2005-10-03,19.899999618530273,20.1299991607666,19.899999618530273,19.940000534057617,16.37204933166504,2934300
2005-10-04,19.940000534057617,20.083332061767578,19.67333221435547,19.67333221435547,16.15309715270996,262200
2005-10-05,19.676666259765625,19.68666648864746,19.34666633605957,19.34666633605957,15.88487434387207,225600
2005-10-06,19.360000610351562,19.44333267211914,18.8700008392334,19.083332061767578,15.668669700622559,2484000
2005-10-07,19.15999984741211,19.266666412353516,19.09666633605957,19.190000534057617,15.756250381469727,289500
2005-10-10,19.03333282470703,19.03333282470703,18.610000610351562,18.610000610351562,15.280029296875,527700
2005-10-11,18.649999618530273,18.700000762939453,18.206666946411133,18.280000686645508,15.009078025817871,1189200
2005-10-12,18.200000762939453,18.32666778564453,18.036666870117188,18.239999771118164,14.976231575012207,989700
2005-10-13,18.280000686645508,18.583332061767578,18.14666748046875,18.553333282470703,15.233505249023438,281700
2005-10-14,18.600000381469727,18.703332901000977,18.35333251953125,18.52666664123535,15.211601257324219,220200
2005-10-17,18.546667098999023,18.613332748413086,18.40333366394043,18.559999465942383,15.238970756530762,230700
2005-10-18,18.549999237060547,18.549999237060547,18.34666633605957,18.426666259765625,15.129496574401855,202800
2005-10-19,18.14666748046875,18.51333236694336,17.983333587646484,18.5,15.189709663391113,568200
2005-10-20,18.549999237060547,18.78333282470703,18.453332901000977,18.53333282470703,15.217083930969238,473100
2005-10-21,18.71666717529297,18.829999923706055,18.65999984741211,18.713333129882812,15.36486530303955,417600
2005-10-24,18.773332595825195,18.926666259765625,18.606666564941406,18.926666259765625,15.540026664733887,302400
2005-10-25,18.816667556762695,18.816667556762695,18.579999923706055,18.639999389648438,15.304664611816406,320400
2005-10-26,18.69333267211914,18.866666793823242,18.583332061767578,18.626667022705078,15.293713569641113,407100
2005-10-27,18.573333740234375,18.60333251953125,18.18666648864746,18.226667404174805,14.965286254882812,817200
2005-10-28,17.983333587646484,18.209999084472656,17.75666618347168,18.209999084472656,14.9515962600708,1075800
2005-10-31,18.440000534057617,18.69333267211914,18.43000030517578,18.600000381469727,15.27181339263916,866700
2005-11-01,18.5,18.51333236694336,18.343332290649414,18.399999618530273,15.10760498046875,836100
2005-11-02,18.479999542236328,19.073333740234375,18.479999542236328,19.046667098999023,15.638550758361816,261900
2005-11-03,19.333332061767578,19.543333053588867,19.28333282470703,19.399999618530273,15.928664207458496,1457400
2005-11-04,19.19333267211914,19.540000915527344,19.19333267211914,19.47333335876465,15.988876342773438,1249500
2005-11-07,19.53333282470703,19.610000610351562,19.350000381469727,19.5,16.01077651977539,1322400
2005-11-08,19.5,19.6200008392334,19.333332061767578,19.476667404174805,15.991618156433105,138600
2005-11-09,19.793333053588867,19.809999465942383,19.406667709350586,19.773332595825195,16.235200881958008,303000
2005-11-10,19.833332061767578,19.979999542236328,19.60333251953125,19.920000076293945,16.355619430541992,301500
2005-11-11,20.09666633605957,20.110000610351562,19.84666633605957,19.866666793823242,16.31184196472168,911400
2005-11-14,19.913333892822266,19.983333587646484,19.84666633605957,19.933332443237305,16.366573333740234,1260600
2005-11-15,19.916667938232422,20.040000915527344,19.75,19.786666870117188,16.24614906311035,211200
2005-11-16,19.84000015258789,19.84666633605957,19.636667251586914,19.77666664123535,16.237943649291992,339600
2005-11-17,19.733333587646484,20.02666664123535,19.67333221435547,20.0,16.421306610107422,580200
2005-11-18,20.196666717529297,20.463333129882812,20.149999618530273,20.35333251953125,16.711416244506836,686400
2005-11-21,20.30666732788086,20.393333435058594,20.190000534057617,20.260000228881836,16.634794235229492,203400
2005-11-22,20.229999542236328,20.656667709350586,20.229999542236328,20.540000915527344,16.86467742919922,1948500
2005-11-23,20.573333740234375,20.81333351135254,20.566667556762695,20.59000015258789,16.905733108520508,436200
2005-11-25,20.656667709350586,20.78333282470703,20.633333206176758,20.72333335876465,17.015214920043945,338100
2005-11-28,20.84000015258789,20.84000015258789,20.469999313354492,20.48666763305664,16.820898056030273,470100
2005-11-29,20.56999969482422,20.690000534057617,20.383333206176758,20.383333206176758,16.736051559448242,348600
2005-11-30,20.459999084472656,20.73666763305664,20.456666946411133,20.616666793823242,16.92763328552246,271500
2005-12-01,20.866666793823242,21.360000610351562,20.866666793823242,21.316667556762695,17.50237464904785,1682700
2005-12-02,21.329999923706055,21.546667098999023,21.286666870117188,21.299999237060547,17.48869514465332,386400
2005-12-05,21.266666412353516,21.266666412353516,20.93666648864746,21.01333236694336,17.25331687927246,248100
2005-12-06,21.246667861938477,21.463333129882812,21.136667251586914,21.21666717529297,17.42027473449707,1305300
2005-12-07,21.206666946411133,21.206666946411133,20.883333206176758,20.94333267211914,17.19584083557129,391500
2005-12-08,21.010000228881836,21.126667022705078,20.5,20.65333366394043,16.957744598388672,567600
2005-12-09,20.676666259765625,20.98666763305664,20.559999465942383,20.93666648864746,17.19037437438965,255000
2005-12-12,21.116666793823242,21.14666748046875,20.959999084472656,21.09666633605957,17.321746826171875,309600
2005-12-13,21.093332290649414,21.30666732788086,20.96666717529297,21.116666793823242,17.33816146850586,343800
2005-12-14,21.1200008392334,21.18666648864746,20.946666717529297,21.059999465942383,17.291635513305664,169200
2005-12-15,21.1299991607666,21.149999618530273,20.93000030517578,20.97333335876465,17.220478057861328,154800
2005-12-16,20.976667404174805,21.00666618347168,20.860000610351562,20.866666793823242,17.132892608642578,210600
2005-12-19,20.866666793823242,20.866666793823242,20.42333221435547,20.446666717529297,16.788055419921875,243900
2005-12-20,20.433332443237305,20.666667938232422,20.299999237060547,20.483333587646484,16.81815528869629,451200
2005-12-21,20.5,20.703332901000977,20.450000762939453,20.536666870117188,16.86195182800293,372000
2005-12-22,20.636667251586914,20.81333351135254,20.600000381469727,20.790000915527344,17.06995391845703,261000
2005-12-23,20.873332977294922,20.979999542236328,20.81333351135254,20.85333251953125,17.1219482421875,144600
2005-12-27,21.00666618347168,21.030000686645508,20.60333251953125,20.633333206176758,16.941314697265625,1374600
2005-12-28,20.633333206176758,20.703332901000977,20.446666717529297,20.64666748046875,16.95226287841797,182100
2005-12-29,20.700000762939453,20.73666763305664,20.446666717529297,20.463333129882812,16.801734924316406,180600
2005-12-30,20.333332061767578,20.389999389648438,20.15999984741211,20.323333740234375,16.68679428100586,2471100
2006-01-03,20.553333282470703,21.03333282470703,20.24333381652832,20.876667022705078,17.1411075592041,469500
2006-01-04,21.083332061767578,21.209999084472656,21.03333282470703,21.18000030517578,17.390165328979492,299100
2006-01-05,21.48666763305664,21.69333267211914,21.386667251586914,21.623332977294922,17.754175186157227,1715700
2006-01-06,21.96666717529297,22.163333892822266,21.726667404174805,22.116666793823242,18.15922737121582,892200
2006-01-09,22.21666717529297,22.42333221435547,22.116666793823242,22.356666564941406,18.356285095214844,2550000
2006-01-10,22.06333351135254,22.389999389648438,22.06333351135254,22.383333206176758,18.3781795501709,1974900
2006-01-11,22.433332443237305,22.709999084472656,22.350000381469727,22.649999618530273,18.59713363647461,544800
2006-01-12,22.656667709350586,22.786666870117188,22.383333206176758,22.40999984741211,18.400074005126953,882600
2006-01-13,22.316667556762695,22.376667022705078,22.066667556762695,22.233333587646484,18.255023956298828,501000
2006-01-17,21.956666946411133,21.979999542236328,21.746667861938477,21.886667251586914,17.97039031982422,647100
2006-01-18,21.343332290649414,21.73666763305664,21.31999969482422,21.683332443237305,17.80343246459961,3969000
2006-01-19,22.200000762939453,22.469999313354492,22.190000534057617,22.290000915527344,18.301551818847656,768600
2006-01-20,22.066667556762695,22.066667556762695,21.413333892822266,21.456666946411133,17.617328643798828,2289300
2006-01-23,21.530000686645508,21.666667938232422,21.34666633605957,21.546667098999023,17.69122314453125,1102500
2006-01-24,21.833332061767578,21.933332443237305,21.6299991607666,21.766666412353516,17.871862411499023,245700
2006-01-25,21.850000381469727,21.850000381469727,21.55666732788086,21.786666870117188,17.888267517089844,239400
2006-01-26,21.959999084472656,22.356666564941406,21.84666633605957,22.25,18.268709182739258,492900
2006-01-27,22.299999237060547,22.85333251953125,22.299999237060547,22.453332901000977,18.43566131591797,541500
2006-01-30,22.549999237060547,22.549999237060547,22.343332290649414,22.440000534057617,18.424705505371094,280200
2006-01-31,22.333332061767578,22.366666793823242,22.086666107177734,22.143333435058594,18.181119918823242,212700
2006-02-01,22.09000015258789,22.399999618530273,21.969999313354492,22.366666793823242,18.36449432373047,381900
2006-02-02,22.383333206176758,22.510000228881836,21.983333587646484,22.03333282470703,18.090803146362305,295500
2006-02-03,21.950000762939453,22.05666732788086,21.770000457763672,21.799999237060547,17.89922523498535,304200
2006-02-06,21.883333206176758,22.110000610351562,21.766666412353516,22.066667556762695,18.118173599243164,121800
2006-02-07,22.083332061767578,22.200000762939453,21.92333221435547,22.116666793823242,18.15922737121582,253800
2006-02-08,22.336666107177734,22.51333236694336,22.200000762939453,22.503332138061523,18.47670555114746,333300
2006-02-09,22.566667556762695,22.799999237060547,22.363332748413086,22.420000076293945,18.40827751159668,395700
2006-02-10,22.336666107177734,22.34666633605957,21.893333435058594,22.266666412353516,18.282384872436523,201300
2006-02-13,22.100000381469727,22.133333206176758,21.8700008392334,21.989999771118164,18.055233001708984,305700
2006-02-14,22.023332595825195,22.226667404174805,21.833332061767578,22.209999084472656,18.235862731933594,312600
2006-02-15,22.14666748046875,22.329999923706055,22.053333282470703,22.270000457763672,18.285133361816406,221100
2006-02-16,22.496667861938477,22.53333282470703,22.30666732788086,22.5,18.47397232055664,254400
2006-02-17,22.350000381469727,22.386667251586914,22.123332977294922,22.123332977294922,18.164697647094727,197700
2006-02-21,22.040000915527344,22.116666793823242,21.639999389648438,21.700000762939453,17.817115783691406,663300
2006-02-22,21.626667022705078,21.996667861938477,21.446666717529297,21.899999618530273,17.98133087158203,2075100
2006-02-23,21.816667556762695,21.90999984741211,21.663333892822266,21.663333892822266,17.787015914916992,1335300
2006-02-24,21.649999618530273,21.799999237060547,21.573333740234375,21.706666946411133,17.822599411010742,1876800
2006-02-27,21.676666259765625,21.883333206176758,21.676666259765625,21.799999237060547,17.89922523498535,335700
2006-02-28,21.766666412353516,21.93000030517578,21.57666778564453,21.65333366394043,17.778804779052734,2030400
2006-03-01,21.889999389648438,22.56333351135254,21.889999389648438,22.489999771118164,18.46575927734375,735300
2006-03-02,22.406667709350586,22.713333129882812,22.333332061767578,22.52666664123535,18.4958553314209,541500
2006-03-03,22.456666946411133,22.606666564941406,22.253332138061523,22.25666618347168,18.274181365966797,387900
2006-03-06,22.336666107177734,22.3799991607666,21.963333129882812,22.046667098999023,18.10175323486328,200100
2006-03-07,21.726667404174805,21.78333282470703,21.386667251586914,21.456666946411133,17.617328643798828,546600
2006-03-08,21.383333206176758,21.5,21.083332061767578,21.373332977294922,17.548904418945312,1535100
2006-03-09,21.416667938232422,21.639999389648438,21.079999923706055,21.083332061767578,17.310794830322266,235200
2006-03-10,21.02666664123535,21.303333282470703,20.89666748046875,21.01333236694336,17.25331687927246,2356500
2006-03-13,21.093332290649414,21.21666717529297,20.926666259765625,20.926666259765625,17.18216896057129,230400
2006-03-14,20.926666259765625,21.47333335876465,20.926666259765625,21.40999984741211,17.579008102416992,1035300
2006-03-15,21.633333206176758,21.696666717529297,21.463333129882812,21.656667709350586,17.781536102294922,158700
2006-03-16,21.666667938232422,21.676666259765625,21.086666107177734,21.086666107177734,17.31353187561035,690000
2006-03-17,21.036666870117188,21.21666717529297,20.860000610351562,21.093332290649414,17.319007873535156,708600
2006-03-20,21.1200008392334,21.26333236694336,21.043333053588867,21.1299991607666,17.34910774230957,479700
2006-03-21,21.1299991607666,21.649999618530273,21.079999923706055,21.133333206176758,17.35184669494629,2416200
2006-03-22,21.06999969482422,21.219999313354492,20.979999542236328,21.136667251586914,17.354589462280273,640800
2006-03-23,21.190000534057617,21.416667938232422,21.190000534057617,21.323333740234375,17.507854461669922,402900
2006-03-24,21.363332748413086,21.57666778564453,21.293333053588867,21.56999969482422,17.710384368896484,331800
2006-03-27,21.59000015258789,21.713333129882812,21.51333236694336,21.540000915527344,17.685749053955078,2412300
2006-03-28,21.5,21.600000381469727,21.136667251586914,21.156667709350586,17.371007919311523,456300
2006-03-29,21.049999237060547,21.81999969482422,21.049999237060547,21.74333381652832,17.85269546508789,1086900
2006-03-30,22.03333282470703,22.066667556762695,21.75,21.85333251953125,17.943012237548828,413100
2006-03-31,21.94333267211914,21.98666763305664,21.6299991607666,21.729999542236328,17.84174919128418,279900
2006-04-03,21.706666946411133,22.166667938232422,21.706666946411133,21.883333206176758,17.96764373779297,858000
2006-04-04,21.956666946411133,22.10333251953125,21.863332748413086,21.953332901000977,18.02511978149414,305700
2006-04-05,22.030000686645508,22.456666946411133,22.0,22.399999618530273,18.39185905456543,267300
2006-04-06,22.393333435058594,22.76333236694336,22.393333435058594,22.639999389648438,18.588926315307617,734700
2006-04-07,22.72333335876465,22.78333282470703,22.190000534057617,22.25666618347168,18.274181365966797,426900
2006-04-10,22.18666648864746,22.209999084472656,21.883333206176758,21.979999542236328,18.047016143798828,414900
2006-04-11,22.06333351135254,22.1200008392334,21.610000610351562,21.76333236694336,17.869121551513672,802200
2006-04-12,21.790000915527344,22.046667098999023,21.790000915527344,21.953332901000977,18.02511978149414,239700
2006-04-13,21.96666717529297,22.25666618347168,21.96666717529297,22.049999237060547,18.1044864654541,219900
2006-04-17,22.133333206176758,22.233333587646484,21.633333206176758,21.75666618347168,17.863637924194336,566400
2006-04-18,21.84000015258789,22.503332138061523,21.84000015258789,22.44333267211914,18.427431106567383,478800
2006-04-19,22.479999542236328,22.71666717529297,22.360000610351562,22.696666717529297,18.635448455810547,772500
2006-04-20,22.643333435058594,23.133333206176758,22.626667022705078,22.803333282470703,18.7230281829834,502200
2006-04-21,22.75666618347168,22.790000915527344,22.163333892822266,22.286666870117188,18.298812866210938,454200
2006-04-24,22.07666778564453,22.280000686645508,21.983333587646484,22.226667404174805,18.24955177307129,445200
2006-04-25,22.280000686645508,22.393333435058594,22.15999984741211,22.303333282470703,18.312496185302734,720600
2006-04-26,22.366666793823242,22.43000030517578,22.083332061767578,22.190000534057617,18.21943473815918,383400
2006-04-27,21.876667022705078,22.610000610351562,21.876667022705078,22.459999084472656,18.441123962402344,424800
2006-04-28,22.39666748046875,22.566667556762695,22.219999313354492,22.239999771118164,18.260498046875,333600
2006-05-01,22.260000228881836,22.333332061767578,22.02666664123535,22.03333282470703,18.090803146362305,210600
2006-05-02,22.15999984741211,22.31333351135254,22.116666793823242,22.22333335876465,18.246810913085938,320400
2006-05-03,22.200000762939453,22.433332443237305,22.1299991607666,22.42333221435547,18.411022186279297,233700
2006-05-04,22.510000228881836,22.773332595825195,22.510000228881836,22.67333221435547,18.616287231445312,322500
2006-05-05,22.8700008392334,22.899999618530273,22.696666717529297,22.84000015258789,18.753122329711914,167100
2006-05-08,22.889999389648438,22.983333587646484,22.790000915527344,22.790000915527344,18.71208381652832,302100
2006-05-09,22.706666946411133,22.71666717529297,22.523332595825195,22.573333740234375,18.534181594848633,1642800
2006-05-10,22.476667404174805,22.56333351135254,22.046667098999023,22.100000381469727,18.145540237426758,791700
2006-05-11,22.003332138061523,22.03333282470703,21.47333335876465,21.523332595825195,17.67206382751465,1251000
2006-05-12,21.333332061767578,21.649999618530273,21.270000457763672,21.333332061767578,17.516054153442383,2131200
2006-05-15,21.316667556762695,21.46666717529297,20.85333251953125,21.136667251586914,17.354589462280273,2332800
2006-05-16,21.139999389648438,21.316667556762695,20.873332977294922,21.03333282470703,17.269746780395508,1064400
2006-05-17,20.913333892822266,21.040000915527344,20.566667556762695,20.683332443237305,16.982364654541016,1345200
2006-05-18,20.836666107177734,20.913333892822266,20.35333251953125,20.35333251953125,16.711416244506836,412200
2006-05-19,20.666667938232422,20.85333251953125,20.416667938232422,20.74333381652832,17.031639099121094,698400
2006-05-22,20.459999084472656,20.566667556762695,19.963333129882812,20.229999542236328,16.610153198242188,791700
2006-05-23,20.49333381652832,20.626667022705078,19.953332901000977,19.956666946411133,16.38573455810547,315600
2006-05-24,19.953332901000977,20.323333740234375,19.690000534057617,20.083332061767578,16.489723205566406,897600
2006-05-25,20.196666717529297,20.213333129882812,20.0,20.143333435058594,16.53899574279785,621600
2006-05-26,20.166667938232422,20.356666564941406,20.126667022705078,20.280000686645508,16.651206970214844,514200
2006-05-30,20.203332901000977,20.203332901000977,19.816667556762695,19.816667556762695,16.270784378051758,374400
2006-05-31,19.93666648864746,20.226667404174805,19.889999389648438,20.133333206176758,16.53078269958496,323100
2006-06-01,20.17333221435547,20.606666564941406,20.17333221435547,20.600000381469727,16.913942337036133,278700
2006-06-02,20.816667556762695,20.816667556762695,20.386667251586914,20.559999465942383,16.881101608276367,154200
2006-06-05,20.49333381652832,20.49333381652832,19.950000762939453,19.950000762939453,16.380252838134766,331800
2006-06-06,19.976667404174805,19.976667404174805,19.726667404174805,19.85333251953125,16.300888061523438,194400
2006-06-07,19.809999465942383,19.93666648864746,19.416667938232422,19.416667938232422,15.942360877990723,265200
2006-06-08,19.25666618347168,19.453332901000977,18.82666778564453,19.303333282470703,15.849295616149902,553800
2006-06-09,19.56333351135254,19.703332901000977,19.110000610351562,19.200000762939453,15.764456748962402,407400
2006-06-12,19.24333381652832,19.27666664123535,18.649999618530273,18.649999618530273,15.312873840332031,333900
2006-06-13,18.866666793823242,19.01333236694336,18.546667098999023,18.600000381469727,15.27181339263916,378300
2006-06-14,18.856666564941406,19.003332138061523,18.656667709350586,18.899999618530273,15.518138885498047,733200
2006-06-15,19.183332443237305,19.703332901000977,19.183332443237305,19.6299991607666,16.11751365661621,555000
2006-06-16,19.530000686645508,19.55666732788086,19.266666412353516,19.406667709350586,15.9341459274292,177600
2006-06-19,19.489999771118164,19.50666618347168,19.166667938232422,19.23666763305664,15.794559478759766,296400
2006-06-20,19.226667404174805,19.386667251586914,19.030000686645508,19.1200008392334,15.698771476745605,325500
2006-06-21,19.203332901000977,19.71666717529297,19.203332901000977,19.543333053588867,16.046350479125977,380100
2006-06-22,19.479999542236328,19.479999542236328,19.143333435058594,19.229999542236328,15.789079666137695,290100
2006-06-23,18.996667861938477,19.286666870117188,18.996667861938477,19.10333251953125,15.69515609741211,167400
2006-06-26,19.166667938232422,19.273332595825195,19.1200008392334,19.200000762939453,15.774575233459473,371700
2006-06-27,19.183332443237305,19.183332443237305,18.68666648864746,18.733333587646484,15.391162872314453,311700
2006-06-28,18.463333129882812,18.706666946411133,18.406667709350586,18.700000762939453,15.363775253295898,486600
2006-06-29,18.78333282470703,19.366666793823242,18.700000762939453,19.323333740234375,15.875897407531738,636300
2006-06-30,19.406667709350586,19.416667938232422,19.149999618530273,19.316667556762695,15.8704252243042,153600
2006-07-03,19.40999984741211,19.5,19.366666793823242,19.476667404174805,16.001882553100586,94200
2006-07-05,19.26333236694336,19.270000457763672,18.93666648864746,18.950000762939453,15.569172859191895,231300
2006-07-06,19.06999969482422,19.166667938232422,18.866666793823242,18.933332443237305,15.555481910705566,125400
2006-07-07,18.75,18.816667556762695,18.5,18.6299991607666,15.30626392364502,372900
2006-07-10,18.663333892822266,18.799999237060547,18.059999465942383,18.156667709350586,14.917370796203613,450300
2006-07-11,18.03333282470703,18.636667251586914,18.03333282470703,18.600000381469727,15.281615257263184,376800
2006-07-12,18.520000457763672,18.600000381469727,18.09666633605957,18.123332977294922,14.889988899230957,682200
2006-07-13,17.850000381469727,18.32666778564453,17.816667556762695,17.860000610351562,14.673638343811035,719400
2006-07-14,17.773332595825195,17.97333335876465,17.6299991607666,17.76333236694336,14.594220161437988,776400
2006-07-17,17.856666564941406,17.969999313354492,17.666667938232422,17.766666412353516,14.59695053100586,333900
2006-07-18,17.850000381469727,17.90333366394043,17.28333282470703,17.713333129882812,14.553139686584473,538500
2006-07-19,17.796667098999023,18.280000686645508,17.753332138061523,18.139999389648438,14.90368366241455,405600
2006-07-20,18.329999923706055,18.356666564941406,17.696666717529297,17.703332901000977,14.544923782348633,579900
2006-07-21,17.23666763305664,17.303333282470703,16.93000030517578,16.97333335876465,13.945155143737793,703500
2006-07-24,17.21666717529297,17.57666778564453,17.21666717529297,17.469999313354492,14.353216171264648,952500
2006-07-25,17.639999389648438,17.906667709350586,17.540000915527344,17.766666412353516,14.59695053100586,542400
2006-07-26,17.5,18.00666618347168,17.5,17.823333740234375,14.643512725830078,465300
2006-07-27,18.053333282470703,18.19333267211914,17.866666793823242,17.899999618530273,14.70649528503418,1578900
2006-07-28,18.049999237060547,18.476667404174805,18.049999237060547,18.433332443237305,15.144680976867676,1031400
2006-07-31,18.360000610351562,18.583332061767578,18.333332061767578,18.48666763305664,15.188494682312012,551100
2006-08-01,18.266666412353516,18.266666412353516,17.94333267211914,18.106666564941406,14.876302719116211,560400
2006-08-02,18.149999618530273,18.453332901000977,18.149999618530273,18.30666732788086,15.040614128112793,241800
2006-08-03,18.25666618347168,18.709999084472656,18.21666717529297,18.613332748413086,15.292572021484375,1366800
2006-08-04,18.856666564941406,18.956666946411133,18.246667861938477,18.450000762939453,15.15837574005127,611400
2006-08-07,18.363332748413086,18.469999313354492,18.266666412353516,18.350000381469727,15.076221466064453,228000
2006-08-08,18.40333366394043,18.543333053588867,18.136667251586914,18.246667861938477,14.991323471069336,376200
2006-08-09,18.626667022705078,18.796667098999023,18.299999237060547,18.32666778564453,15.057048797607422,457200
2006-08-10,18.299999237060547,18.6299991607666,18.24333381652832,18.56333351135254,15.251496315002441,208800
2006-08-11,18.383333206176758,18.383333206176758,18.030000686645508,18.079999923706055,14.854388236999512,379200
2006-08-14,18.253332138061523,18.606666564941406,18.219999313354492,18.32666778564453,15.057048797607422,156900
2006-08-15,18.67333221435547,19.023332595825195,18.636667251586914,19.00666618347168,15.615730285644531,263700
2006-08-16,19.116666793823242,19.72333335876465,19.020000457763672,19.6299991607666,16.127859115600586,1693800
2006-08-17,19.6200008392334,19.97333335876465,19.616666793823242,19.67333221435547,16.163467407226562,1537200
2006-08-18,19.53333282470703,19.709999084472656,19.343332290649414,19.683332443237305,16.17167091369629,360900
2006-08-21,19.440000534057617,19.440000534057617,19.219999313354492,19.356666564941406,15.90329360961914,330600
2006-08-22,19.333332061767578,19.559999465942383,19.246667861938477,19.323333740234375,15.875897407531738,550500
2006-08-23,19.573333740234375,19.57666778564453,19.066667556762695,19.19333267211914,15.769094467163086,968100
2006-08-24,19.21666717529297,19.323333740234375,19.06333351135254,19.323333740234375,15.875897407531738,485700
2006-08-25,19.26333236694336,19.52666664123535,19.219999313354492,19.333332061767578,15.884115219116211,467700
2006-08-28,19.35333251953125,19.613332748413086,19.35333251953125,19.610000610351562,16.111419677734375,471600
2006-08-29,19.67333221435547,19.96666717529297,19.523332595825195,19.96666717529297,16.404457092285156,822900
2006-08-30,20.066667556762695,20.356666564941406,19.916667938232422,20.356666564941406,16.724878311157227,702000
2006-08-31,20.28333282470703,20.28333282470703,20.053333282470703,20.149999618530273,16.555084228515625,395700
2006-09-01,20.316667556762695,20.316667556762695,19.8799991607666,19.96666717529297,16.404457092285156,329400
2006-09-05,19.876667022705078,20.219999313354492,19.80666732788086,20.206666946411133,16.60163688659668,806700
2006-09-06,19.96666717529297,19.96666717529297,19.55666732788086,19.559999465942383,16.070343017578125,226200
2006-09-07,19.399999618530273,19.75666618347168,19.293333053588867,19.49333381652832,16.015573501586914,655800
2006-09-08,19.549999237060547,19.729999542236328,19.496667861938477,19.683332443237305,16.17167091369629,158100
2006-09-11,19.65999984741211,20.18000030517578,19.65999984741211,20.03333282470703,16.459238052368164,451800
2006-09-12,20.183332443237305,20.75666618347168,20.166667938232422,20.709999084472656,17.01517677307129,1234500
2006-09-13,20.676666259765625,20.799999237060547,20.479999542236328,20.610000610351562,16.933019638061523,211500
2006-09-14,20.52666664123535,20.69333267211914,20.476667404174805,20.676666259765625,16.987794876098633,414300
2006-09-15,20.796667098999023,21.030000686645508,20.566667556762695,20.65333366394043,16.968624114990234,1365900
2006-09-18,20.68000030517578,21.09000015258789,20.68000030517578,20.90999984741211,17.17949104309082,377100
2006-09-19,20.82666778564453,20.82666778564453,20.350000381469727,20.566667556762695,16.897418975830078,1032000
2006-09-20,20.75,20.816667556762695,20.64666748046875,20.733333587646484,17.034345626831055,497100
2006-09-21,20.766666412353516,20.78333282470703,20.323333740234375,20.333332061767578,16.70570945739746,279600
2006-09-22,20.246667861938477,20.299999237060547,20.06333351135254,20.093332290649414,16.50853157043457,252600
2006-09-25,20.149999618530273,20.6200008392334,19.98666763305664,20.583332061767578,16.911108016967773,773400
2006-09-26,20.483333587646484,20.610000610351562,20.323333740234375,20.56999969482422,16.90015411376953,241800
2006-09-27,20.623332977294922,20.809999465942383,20.413333892822266,20.48666763305664,16.845338821411133,597600
2006-09-28,20.523332595825195,20.706666946411133,20.450000762939453,20.706666946411133,17.02623176574707,348000
2006-09-29,20.690000534057617,20.690000534057617,20.49333381652832,20.49333381652832,16.850814819335938,120000
2006-10-02,20.416667938232422,20.639999389648438,20.299999237060547,20.299999237060547,16.691848754882812,286800
2006-10-03,20.106666564941406,20.293333053588867,19.989999771118164,20.176666259765625,16.59042739868164,349800
2006-10-04,20.170000076293945,20.616666793823242,20.143333435058594,20.616666793823242,16.952224731445312,304200
2006-10-05,20.553333282470703,20.600000381469727,20.43666648864746,20.56999969482422,16.913860321044922,1017900
2006-10-06,20.376667022705078,20.51333236694336,20.329999923706055,20.40999984741211,16.78230094909668,254700
2006-10-09,20.386667251586914,20.773332595825195,20.383333206176758,20.610000610351562,16.94675636291504,491100
2006-10-10,20.600000381469727,20.633333206176758,20.463333129882812,20.549999237060547,16.897415161132812,917100
2006-10-11,20.503332138061523,20.98666763305664,20.46666717529297,20.75666618347168,17.067346572875977,441000
2006-10-12,20.889999389648438,21.066667556762695,20.739999771118164,21.01333236694336,17.27838706970215,941400
2006-10-13,21.066667556762695,21.386667251586914,21.0,21.296667098999023,17.51136589050293,957300
2006-10-16,21.456666946411133,21.55666732788086,21.389999389648438,21.440000534057617,17.629220962524414,243600
2006-10-17,21.19333267211914,21.19333267211914,20.786666870117188,20.89666748046875,17.18246078491211,522600
2006-10-18,20.85333251953125,20.85333251953125,20.303333282470703,20.373332977294922,16.752155303955078,2041500
2006-10-19,20.40333366394043,20.416667938232422,20.100000381469727,20.266666412353516,16.664445877075195,681000
2006-10-20,20.25,20.25,19.956666946411133,20.03333282470703,16.472583770751953,2808600
2006-10-23,19.96666717529297,20.280000686645508,19.90333366394043,20.053333282470703,16.4890193939209,293100
2006-10-24,19.983333587646484,20.176666259765625,19.866666793823242,19.873332977294922,16.341014862060547,367800
2006-10-25,19.873332977294922,20.293333053588867,19.873332977294922,20.25666618347168,16.656211853027344,448800
2006-10-26,20.46666717529297,20.520000457763672,20.213333129882812,20.469999313354492,16.831636428833008,956100
2006-10-27,20.433332443237305,20.433332443237305,19.950000762939453,20.01333236694336,16.456134796142578,2468700
2006-10-30,19.996667861938477,20.293333053588867,19.996667861938477,20.183332443237305,16.595918655395508,420000
2006-10-31,20.266666412353516,20.3700008392334,20.18000030517578,20.293333053588867,16.686365127563477,1251900
2006-11-01,20.5,20.5,19.876667022705078,19.93666648864746,16.393091201782227,343500
2006-11-02,19.866666793823242,19.94333267211914,19.726667404174805,19.833332061767578,16.308124542236328,705900
2006-11-03,19.916667938232422,19.969999313354492,19.760000228881836,19.920000076293945,16.379383087158203,2835300
2006-11-06,19.983333587646484,20.28333282470703,19.916667938232422,20.24333381652832,16.645254135131836,204300
2006-11-07,20.03333282470703,20.65999984741211,20.03333282470703,20.376667022705078,16.7548828125,802200
2006-11-08,20.229999542236328,20.40999984741211,20.1200008392334,20.363332748413086,16.743921279907227,915300
2006-11-09,20.446666717529297,20.476667404174805,19.983333587646484,20.0,16.445167541503906,336300
2006-11-10,19.933332443237305,20.21666717529297,19.933332443237305,20.166667938232422,16.582212448120117,222900
2006-11-13,20.190000534057617,20.53333282470703,20.190000534057617,20.51333236694336,16.86726951599121,1661700
2006-11-14,20.566667556762695,21.10333251953125,20.406667709350586,21.05666732788086,17.31402015686035,570000
2006-11-15,21.113332748413086,21.39666748046875,21.06333351135254,21.233333587646484,17.459287643432617,2043000
2006-11-16,21.233333587646484,21.3700008392334,21.049999237060547,21.290000915527344,17.505884170532227,1357500
2006-11-17,21.183332443237305,21.203332901000977,21.049999237060547,21.170000076293945,17.407217025756836,192900
2006-11-20,21.086666107177734,21.463333129882812,21.03333282470703,21.450000762939453,17.6374454498291,1461900
2006-11-21,21.48666763305664,21.48666763305664,21.066667556762695,21.066667556762695,17.322256088256836,3295500
2006-11-22,21.246667861938477,21.393333435058594,21.15999984741211,21.3700008392334,17.571651458740234,578400
2006-11-24,21.203332901000977,21.39666748046875,21.170000076293945,21.303333282470703,17.51685333251953,173700
2006-11-27,21.219999313354492,21.3700008392334,20.753332138061523,20.753332138061523,17.064607620239258,373200
2006-11-28,20.709999084472656,20.790000915527344,20.566667556762695,20.780000686645508,17.086528778076172,759900
2006-11-29,21.030000686645508,21.03333282470703,20.633333206176758,20.76333236694336,17.072832107543945,473700
2006-11-30,20.829999923706055,21.046667098999023,20.65333366394043,20.959999084472656,17.234539031982422,2117400
2006-12-01,20.959999084472656,20.959999084472656,20.406667709350586,20.663333892822266,16.99060821533203,723900
2006-12-04,20.706666946411133,21.17333221435547,20.696666717529297,21.046667098999023,17.305805206298828,917100
2006-12-05,21.03333282470703,21.266666412353516,21.03333282470703,21.116666793823242,17.36335563659668,138000
2006-12-06,21.083332061767578,21.296667098999023,20.983333587646484,21.209999084472656,17.440095901489258,816000
2006-12-07,21.34000015258789,21.360000610351562,20.899999618530273,20.906667709350586,17.1906795501709,265500
2006-12-08,20.873332977294922,20.97333335876465,20.6299991607666,20.80666732788086,17.10845947265625,791100
2006-12-11,20.809999465942383,20.94333267211914,20.733333587646484,20.76333236694336,17.072832107543945,292800
2006-12-12,20.75,20.836666107177734,20.479999542236328,20.636667251586914,16.968673706054688,403200
2006-12-13,20.906667709350586,20.906667709350586,20.46666717529297,20.479999542236328,16.839860916137695,381300
2006-12-14,20.50666618347168,20.856666564941406,20.50666618347168,20.790000915527344,17.094757080078125,4226400
2006-12-15,20.93000030517578,20.93666648864746,20.753332138061523,20.786666870117188,17.092025756835938,408000
2006-12-18,20.8700008392334,21.03333282470703,20.666667938232422,20.733333587646484,17.04816436767578,2740800
2006-12-19,20.360000610351562,20.59666633605957,20.35333251953125,20.496667861938477,16.853561401367188,331800
2006-12-20,20.733333587646484,20.78333282470703,20.540000915527344,20.59000015258789,16.930309295654297,449100
2006-12-21,20.593332290649414,20.623332977294922,20.219999313354492,20.299999237060547,16.694547653198242,351600
2006-12-22,20.333332061767578,20.366666793823242,20.176666259765625,20.176666259765625,16.59312629699707,555900
2006-12-26,20.133333206176758,20.360000610351562,20.133333206176758,20.333332061767578,16.72196388244629,414300
2006-12-27,20.366666793823242,20.559999465942383,20.366666793823242,20.446666717529297,16.815174102783203,565500
2006-12-28,20.459999084472656,20.50666618347168,20.416667938232422,20.453332901000977,16.820648193359375,123900
2006-12-29,20.416667938232422,20.59666633605957,20.336666107177734,20.336666107177734,16.72470474243164,77700
2007-01-03,20.56333351135254,20.739999771118164,20.083332061767578,20.27666664123535,16.67535972595215,509400
2007-01-04,20.27666664123535,20.73666763305664,20.24333381652832,20.67333221435547,17.0015811920166,462300
2007-01-05,20.31999969482422,20.483333587646484,20.1200008392334,20.280000686645508,16.678102493286133,241500
2007-01-08,20.290000915527344,20.520000457763672,20.209999084472656,20.360000610351562,16.74388885498047,269100
2007-01-09,20.44333267211914,20.536666870117188,20.25666618347168,20.433332443237305,16.804203033447266,429000
2007-01-10,20.333332061767578,20.860000610351562,20.333332061767578,20.78333282470703,17.0920467376709,473100
2007-01-11,20.860000610351562,21.03333282470703,20.803333282470703,20.84666633605957,17.14412498474121,708000
2007-01-12,20.766666412353516,20.899999618530273,20.666667938232422,20.899999618530273,17.187986373901367,179700
2007-01-16,20.816667556762695,20.816667556762695,20.649999618530273,20.729999542236328,17.048187255859375,184200
2007-01-17,20.606666564941406,20.760000228881836,20.53333282470703,20.583332061767578,16.927560806274414,554400
2007-01-18,20.406667709350586,20.406667709350586,19.809999465942383,19.833332061767578,16.310762405395508,803400
2007-01-19,19.82666778564453,20.18000030517578,19.803333282470703,20.020000457763672,16.464282989501953,542700
2007-01-22,19.94333267211914,19.94333267211914,19.700000762939453,19.803333282470703,16.28609848022461,564300
2007-01-23,19.863332748413086,20.003332138061523,19.78333282470703,19.78333282470703,16.269641876220703,466500
2007-01-24,19.92333221435547,20.126667022705078,19.860000610351562,20.086666107177734,16.519107818603516,195600
2007-01-25,20.30666732788086,20.43666648864746,19.959999084472656,20.003332138061523,16.450576782226562,382800
2007-01-26,20.086666107177734,20.350000381469727,19.976667404174805,20.273332595825195,16.672626495361328,225900
2007-01-29,20.233333587646484,20.34000015258789,20.100000381469727,20.15999984741211,16.579416275024414,143700
2007-01-30,20.273332595825195,20.323333740234375,20.196666717529297,20.25,16.65342903137207,130200
2007-01-31,20.036666870117188,20.31333351135254,19.98666763305664,20.270000457763672,16.669878005981445,320100
2007-02-01,20.333332061767578,20.510000228881836,20.27666664123535,20.440000534057617,16.80968475341797,635700
2007-02-02,20.520000457763672,20.636667251586914,20.433332443237305,20.56999969482422,16.916597366333008,743400
2007-02-05,20.639999389648438,20.75666618347168,20.553333282470703,20.64666748046875,16.97964859008789,318600
2007-02-06,20.623332977294922,20.68000030517578,20.356666564941406,20.56999969482422,16.916597366333008,531600
2007-02-07,20.796667098999023,20.96666717529297,20.666667938232422,20.84666633605957,17.14412498474121,997500
2007-02-08,20.76333236694336,20.809999465942383,20.639999389648438,20.766666412353516,17.078338623046875,246900
2007-02-09,20.98666763305664,21.00666618347168,20.40999984741211,20.456666946411133,16.823396682739258,588300
2007-02-12,20.399999618530273,20.399999618530273,20.19333267211914,20.22333335876465,16.631505966186523,71400
2007-02-13,20.32666778564453,20.363332748413086,20.209999084472656,20.329999923706055,16.71923065185547,226200
2007-02-14,20.48666763305664,20.803333282470703,20.47333335876465,20.729999542236328,17.048187255859375,475500
2007-02-15,20.700000762939453,20.866666793823242,20.700000762939453,20.84000015258789,17.138647079467773,1452600
2007-02-16,20.766666412353516,20.860000610351562,20.72333335876465,20.82666778564453,17.127681732177734,703200
2007-02-20,20.656667709350586,20.850000381469727,20.579999923706055,20.82666778564453,17.127681732177734,128700
2007-02-21,20.670000076293945,20.809999465942383,20.639999389648438,20.809999465942383,17.11397361755371,163200
2007-02-22,21.049999237060547,21.27666664123535,21.049999237060547,21.25,17.475826263427734,529200
2007-02-23,21.316667556762695,21.433332443237305,21.273332595825195,21.366666793823242,17.571765899658203,1146000
2007-02-26,21.43666648864746,21.44333267211914,21.233333587646484,21.336666107177734,17.54709243774414,231600
2007-02-27,20.833332061767578,21.133333206176758,20.523332595825195,20.583332061767578,16.927560806274414,459900
2007-02-28,20.6299991607666,20.80666732788086,20.469999313354492,20.626667022705078,16.963199615478516,717300
2007-03-01,20.133333206176758,20.639999389648438,20.133333206176758,20.479999542236328,16.84258270263672,1791300
2007-03-02,20.383333206176758,20.453332901000977,20.06999969482422,20.06999969482422,16.505401611328125,390900
2007-03-05,19.893333435058594,20.233333587646484,19.85333251953125,19.85333251953125,16.327213287353516,306600
2007-03-06,20.19333267211914,20.3700008392334,20.15333366394043,20.32666778564453,16.716480255126953,206400
2007-03-07,20.200000762939453,20.350000381469727,20.136667251586914,20.24333381652832,16.647945404052734,147300
2007-03-08,20.483333587646484,20.573333740234375,20.42333221435547,20.446666717529297,16.815174102783203,351600
2007-03-09,20.773332595825195,20.773332595825195,20.42333221435547,20.573333740234375,16.919340133666992,339600
2007-03-12,20.559999465942383,20.823333740234375,20.559999465942383,20.73666763305664,17.05366325378418,108900
2007-03-13,20.56333351135254,20.676666259765625,20.31333351135254,20.31333351135254,16.70551872253418,99900
2007-03-14,20.383333206176758,20.43666648864746,20.06999969482422,20.43666648864746,16.80694580078125,356700
2007-03-15,20.366666793823242,20.456666946411133,20.336666107177734,20.426666259765625,16.798721313476562,465900
2007-03-16,20.399999618530273,20.450000762939453,20.209999084472656,20.293333053588867,16.689069747924805,154500
2007-03-19,20.416667938232422,20.433332443237305,20.18000030517578,20.18666648864746,16.601350784301758,156900
2007-03-20,20.213333129882812,20.463333129882812,20.213333129882812,20.389999389648438,16.76856803894043,278700
2007-03-21,20.440000534057617,20.84000015258789,20.383333206176758,20.760000228881836,17.072858810424805,207600
2007-03-22,20.636667251586914,20.636667251586914,20.446666717529297,20.47333335876465,16.83710289001465,196800
2007-03-23,20.600000381469727,20.706666946411133,20.52666664123535,20.59666633605957,16.93852424621582,291900
2007-03-26,20.583332061767578,20.6200008392334,20.333332061767578,20.559999465942383,16.92617416381836,222300
2007-03-27,20.51333236694336,20.59666633605957,20.479999542236328,20.479999542236328,16.860319137573242,104700
2007-03-28,20.35333251953125,20.366666793823242,20.21666717529297,20.226667404174805,16.651763916015625,285600
2007-03-29,20.34666633605957,20.34666633605957,19.873332977294922,20.036666870117188,16.495344161987305,843900
2007-03-30,20.15333366394043,20.196666717529297,19.996667861938477,20.100000381469727,16.547489166259766,188400
2007-04-02,20.229999542236328,20.229999542236328,19.940000534057617,20.073333740234375,16.525524139404297,274500
2007-04-03,20.209999084472656,20.286666870117188,20.066667556762695,20.209999084472656,16.63803482055664,60900
2007-04-04,20.209999084472656,20.433332443237305,20.209999084472656,20.3799991607666,16.77799415588379,349200
2007-04-05,20.420000076293945,20.56333351135254,20.420000076293945,20.543333053588867,16.912456512451172,493500
2007-04-09,20.56999969482422,20.593332290649414,20.413333892822266,20.496667861938477,16.874032974243164,193200
2007-04-10,20.50666618347168,20.67333221435547,20.5,20.67333221435547,17.019485473632812,55200
2007-04-11,20.64666748046875,20.64666748046875,20.450000762939453,20.463333129882812,16.846590042114258,231300
2007-04-12,20.446666717529297,20.700000762939453,20.446666717529297,20.67333221435547,17.019485473632812,64800
2007-04-13,20.583332061767578,20.636667251586914,20.43000030517578,20.633333206176758,16.98655128479004,29100
2007-04-16,20.65999984741211,20.803333282470703,20.623332977294922,20.780000686645508,17.1073055267334,265200
2007-04-17,20.799999237060547,20.816667556762695,20.700000762939453,20.760000228881836,17.090837478637695,127500
2007-04-18,21.0,21.34000015258789,20.956666946411133,21.19333267211914,17.44757843017578,644100
2007-04-19,21.036666870117188,21.476667404174805,21.03333282470703,21.31999969482422,17.55185890197754,802200
2007-04-20,21.5,21.536666870117188,21.260000228881836,21.399999618530273,17.61771583557129,316800
2007-04-23,21.34666633605957,21.360000610351562,21.21666717529297,21.23666763305664,17.483259201049805,509700
2007-04-24,21.566667556762695,21.889999389648438,21.516666412353516,21.76333236694336,17.916833877563477,701700
2007-04-25,21.906667709350586,21.983333587646484,21.700000762939453,21.96666717529297,18.084232330322266,218400
2007-04-26,21.956666946411133,21.96666717529297,21.733333587646484,21.959999084472656,18.07874298095703,485100
2007-04-27,21.81333351135254,21.836666107177734,21.623332977294922,21.633333206176758,17.80980110168457,487500
2007-04-30,21.583332061767578,21.59666633605957,21.31999969482422,21.323333740234375,17.554597854614258,191400
2007-05-01,21.366666793823242,21.43666648864746,21.176666259765625,21.376667022705078,17.5985050201416,139500
2007-05-02,21.426666259765625,21.670000076293945,21.416667938232422,21.553333282470703,17.74394416809082,336300
2007-05-03,21.600000381469727,21.790000915527344,21.600000381469727,21.68000030517578,17.84823226928711,185400
2007-05-04,21.766666412353516,21.940000534057617,21.746667861938477,21.883333206176758,18.015623092651367,381600
2007-05-07,21.93000030517578,21.93000030517578,21.793333053588867,21.793333053588867,17.941530227661133,217800
2007-05-08,21.6299991607666,21.766666412353516,21.559999465942383,21.74333381652832,17.90036392211914,266700
2007-05-09,21.666667938232422,22.136667251586914,21.666667938232422,22.136667251586914,18.224180221557617,332400
2007-05-10,21.96666717529297,22.163333892822266,21.67333221435547,21.729999542236328,17.889387130737305,373800
2007-05-11,21.889999389648438,22.06333351135254,21.843332290649414,22.03333282470703,18.139110565185547,194700
2007-05-14,22.196666717529297,22.200000762939453,21.913333892822266,22.003332138061523,18.11441993713379,265500
2007-05-15,21.969999313354492,22.01333236694336,21.709999084472656,21.709999084472656,17.872922897338867,196200
2007-05-16,21.666667938232422,21.73666763305664,21.5,21.713333129882812,17.875675201416016,123900
2007-05-17,21.666667938232422,21.760000228881836,21.5,21.613332748413086,17.793333053588867,462300
2007-05-18,21.746667861938477,21.746667861938477,21.47333335876465,21.64666748046875,17.820783615112305,544200
2007-05-21,21.666667938232422,21.933332443237305,21.59000015258789,21.666667938232422,17.837255477905273,362400
2007-05-22,21.75,21.89666748046875,21.60333251953125,21.766666412353516,17.919574737548828,587400
2007-05-23,21.616666793823242,21.709999084472656,21.426666259765625,21.453332901000977,17.661619186401367,571800
2007-05-24,21.450000762939453,21.46666717529297,20.963333129882812,21.07666778564453,17.35152816772461,952200
2007-05-25,21.15999984741211,21.26333236694336,21.09666633605957,21.18666648864746,17.442087173461914,761400
2007-05-29,21.219999313354492,21.35333251953125,21.219999313354492,21.31999969482422,17.55185890197754,350100
2007-05-30,21.036666870117188,21.183332443237305,21.023332595825195,21.176666259765625,17.433849334716797,255600
2007-05-31,21.383333206176758,21.516666412353516,21.329999923706055,21.503332138061523,17.70278549194336,419700
2007-06-01,21.64666748046875,21.799999237060547,21.643333435058594,21.696666717529297,17.861948013305664,792000
2007-06-04,21.613332748413086,21.816667556762695,21.610000610351562,21.643333435058594,17.81802749633789,315600
2007-06-05,21.639999389648438,21.643333435058594,21.3700008392334,21.540000915527344,17.73296356201172,186300
2007-06-06,21.456666946411133,21.536666870117188,21.26333236694336,21.26333236694336,17.50520896911621,64200
2007-06-07,21.290000915527344,21.32666778564453,20.8700008392334,20.8700008392334,17.18138885498047,295200
2007-06-08,21.06999969482422,21.46666717529297,21.0,21.453332901000977,17.661619186401367,479700
2007-06-11,21.39666748046875,21.540000915527344,21.350000381469727,21.3700008392334,17.593015670776367,210900
2007-06-12,21.209999084472656,21.40999984741211,21.139999389648438,21.200000762939453,17.453065872192383,134700
2007-06-13,21.280000686645508,21.543333053588867,21.280000686645508,21.543333053588867,17.7357177734375,307200
2007-06-14,21.616666793823242,21.90333366394043,21.600000381469727,21.823333740234375,17.96622657775879,194700
2007-06-15,22.1299991607666,22.219999313354492,22.049999237060547,22.190000534057617,18.26808738708496,279300
2007-06-18,22.18000030517578,22.233333587646484,22.083332061767578,22.183332443237305,18.262601852416992,98700
2007-06-19,21.983333587646484,22.016666412353516,21.833332061767578,22.0,18.111677169799805,124500
2007-06-20,21.979999542236328,22.1299991607666,21.85333251953125,21.85333251953125,17.990921020507812,321900
2007-06-21,21.90999984741211,22.53333282470703,21.899999618530273,22.5,18.523298263549805,1065900
2007-06-22,22.456666946411133,22.516666412353516,22.176666259765625,22.233333587646484,18.30376625061035,354300
2007-06-25,22.253332138061523,22.273332595825195,21.90333366394043,21.953332901000977,18.0732479095459,257100
2007-06-26,22.03333282470703,22.03333282470703,21.733333587646484,21.836666107177734,17.977205276489258,264600
2007-06-27,21.899999618530273,22.336666107177734,21.8799991607666,22.32666778564453,18.3806095123291,134100
2007-06-28,22.293333053588867,22.303333282470703,22.116666793823242,22.116666793823242,18.207714080810547,377100
2007-06-29,22.17333221435547,22.209999084472656,21.85333251953125,21.94333267211914,18.090110778808594,135300
2007-07-02,22.143333435058594,22.25,22.06999969482422,22.233333587646484,18.329177856445312,333000
2007-07-03,22.30666732788086,22.329999923706055,22.226667404174805,22.293333053588867,18.378644943237305,336600
2007-07-05,22.28333282470703,22.433332443237305,22.22333335876465,22.433332443237305,18.494060516357422,79200
2007-07-06,22.469999313354492,22.639999389648438,22.43000030517578,22.6200008392334,18.647951126098633,184200
2007-07-09,22.666667938232422,22.816667556762695,22.666667938232422,22.78333282470703,18.782596588134766,354000
2007-07-10,22.600000381469727,22.793333053588867,22.600000381469727,22.60333251953125,18.63420295715332,270900
2007-07-11,22.579999923706055,22.64666748046875,22.42333221435547,22.583332061767578,18.617719650268555,143700
2007-07-12,22.68666648864746,23.183332443237305,22.643333435058594,23.183332443237305,19.11235237121582,258600
2007-07-13,23.239999771118164,23.286666870117188,23.086666107177734,23.139999389648438,19.076641082763672,326700
2007-07-16,23.166667938232422,23.290000915527344,23.116666793823242,23.266666412353516,19.18106460571289,264000
2007-07-17,23.399999618530273,23.75,23.376667022705078,23.626667022705078,19.47783851623535,496200
2007-07-18,23.203332901000977,23.286666870117188,22.99333381652832,23.213333129882812,19.13709831237793,413100
2007-07-19,23.383333206176758,23.453332901000977,23.219999313354492,23.373332977294922,19.26898956298828,184800
2007-07-20,23.433332443237305,23.463333129882812,23.040000915527344,23.09000015258789,19.035411834716797,544800
2007-07-23,23.15999984741211,23.323333740234375,23.06333351135254,23.086666107177734,19.032670974731445,431700
2007-07-24,22.793333053588867,22.96666717529297,22.549999237060547,22.616666793823242,18.645204544067383,562800
2007-07-25,22.863332748413086,22.863332748413086,22.520000457763672,22.670000076293945,18.689163208007812,666300
2007-07-26,22.43666648864746,22.573333740234375,21.8799991607666,22.27666664123535,18.364896774291992,575400
2007-07-27,22.200000762939453,22.413333892822266,21.913333892822266,21.916667938232422,18.0681209564209,605400
2007-07-30,22.15333366394043,22.42333221435547,22.016666412353516,22.309999465942383,18.392385482788086,478800
2007-07-31,22.549999237060547,22.549999237060547,21.953332901000977,21.953332901000977,18.09834098815918,1174500
2007-08-01,22.10333251953125,22.139999389648438,21.583332061767578,22.073333740234375,18.197277069091797,1347000
2007-08-02,22.19333267211914,22.19333267211914,21.833332061767578,22.083332061767578,18.20551300048828,553200
2007-08-03,22.0,22.03333282470703,21.426666259765625,21.426666259765625,17.66416358947754,1453500
2007-08-06,21.450000762939453,21.719999313354492,21.28333282470703,21.709999084472656,17.89773941040039,2033400
2007-08-07,21.573333740234375,21.78333282470703,21.343332290649414,21.69333267211914,17.884004592895508,1598400
2007-08-08,21.913333892822266,22.479999542236328,21.913333892822266,22.18000030517578,18.285213470458984,915600
2007-08-09,21.866666793823242,22.416667938232422,21.833332061767578,22.020000457763672,18.153308868408203,2946300
2007-08-10,21.6299991607666,22.1200008392334,21.53333282470703,21.893333435058594,18.04888343811035,961500
2007-08-13,22.116666793823242,22.116666793823242,21.816667556762695,21.816667556762695,17.985675811767578,336000
2007-08-14,21.899999618530273,21.98666763305664,21.52666664123535,21.540000915527344,17.757587432861328,1852500
2007-08-15,21.309999465942383,21.523332595825195,20.933332443237305,20.946666717529297,17.268449783325195,1248600
2007-08-16,20.816667556762695,21.083332061767578,20.30666732788086,20.93000030517578,17.254714965820312,1069200
2007-08-17,21.566667556762695,21.996667861938477,21.086666107177734,21.293333053588867,17.554244995117188,3301200
2007-08-20,21.43666648864746,21.643333435058594,21.329999923706055,21.543333053588867,17.760343551635742,368400
2007-08-21,21.546667098999023,21.75666618347168,21.546667098999023,21.709999084472656,17.89773941040039,165900
2007-08-22,21.916667938232422,21.93666648864746,21.74333381652832,21.860000610351562,18.021398544311523,251100
2007-08-23,21.926666259765625,21.926666259765625,21.60333251953125,21.65999984741211,17.856525421142578,338700
2007-08-24,21.766666412353516,21.983333587646484,21.676666259765625,21.969999313354492,18.11208152770996,142800
2007-08-27,21.893333435058594,21.916667938232422,21.753332138061523,21.77666664123535,17.952699661254883,64200
2007-08-28,21.65333366394043,21.683332443237305,21.163333892822266,21.213333129882812,17.488292694091797,462300
2007-08-29,21.413333892822266,21.84000015258789,21.413333892822266,21.823333740234375,17.991172790527344,112200
2007-08-30,21.666667938232422,22.083332061767578,21.666667938232422,21.84666633605957,18.010406494140625,287700
2007-08-31,22.083332061767578,22.299999237060547,22.040000915527344,22.253332138061523,18.345666885375977,678300
2007-09-04,22.299999237060547,22.836666107177734,22.299999237060547,22.636667251586914,18.66168785095215,144300
2007-09-05,22.566667556762695,22.583332061767578,22.290000915527344,22.40999984741211,18.474822998046875,390600
2007-09-06,22.586666107177734,22.639999389648438,22.34000015258789,22.60333251953125,18.63420295715332,615300
2007-09-07,22.239999771118164,22.239999771118164,21.84666633605957,22.023332595825195,18.156049728393555,1014900
2007-09-10,22.293333053588867,22.35333251953125,21.843332290649414,22.066667556762695,18.1917724609375,530100
2007-09-11,22.25,22.476667404174805,22.093332290649414,22.343332290649414,18.41986083984375,700500
2007-09-12,22.25,22.413333892822266,21.959999084472656,21.996667861938477,18.13407325744629,270000
2007-09-13,22.0,22.106666564941406,21.89666748046875,21.916667938232422,18.0681209564209,566100
2007-09-14,21.719999313354492,21.889999389648438,21.706666946411133,21.780000686645508,17.955453872680664,442800
2007-09-17,21.68000030517578,21.809999465942383,21.593332290649414,21.713333129882812,17.900495529174805,167700
2007-09-18,21.92333221435547,22.479999542236328,21.793333053588867,22.356666564941406,18.430850982666016,567000
2007-09-19,22.5,22.72333335876465,22.34666633605957,22.456666946411133,18.513294219970703,405900
2007-09-20,22.350000381469727,22.546667098999023,22.350000381469727,22.47333335876465,18.527036666870117,214200
2007-09-21,22.593332290649414,22.713333129882812,22.55666732788086,22.573333740234375,18.609468460083008,200400
2007-09-24,22.616666793823242,22.726667404174805,22.39666748046875,22.50666618347168,18.554529190063477,378900
2007-09-25,22.34000015258789,22.663333892822266,22.34000015258789,22.636667251586914,18.66168785095215,455100
2007-09-26,22.863332748413086,22.8700008392334,22.5,22.52666664123535,18.593183517456055,780600
2007-09-27,22.713333129882812,22.786666870117188,22.60333251953125,22.610000610351562,18.661962509155273,149700
2007-09-28,22.643333435058594,22.729999542236328,22.49333381652832,22.49333381652832,18.565671920776367,324600
2007-10-01,22.626667022705078,23.079999923706055,22.626667022705078,22.963333129882812,18.953601837158203,241800
2007-10-02,22.996667861938477,23.053333282470703,22.84666633605957,23.00666618347168,18.989364624023438,796200
2007-10-03,22.726667404174805,23.059999465942383,22.350000381469727,22.510000228881836,18.579425811767578,377100
2007-10-04,22.50666618347168,22.50666618347168,22.303333282470703,22.469999313354492,18.546415328979492,192600
2007-10-05,22.636667251586914,22.97333335876465,22.583332061767578,22.84666633605957,18.85730743408203,613500
2007-10-08,22.913333892822266,22.956666946411133,22.773332595825195,22.8799991607666,18.884817123413086,783600
2007-10-09,23.166667938232422,23.166667938232422,22.433332443237305,22.713333129882812,18.74724769592285,894600
2007-10-10,22.690000534057617,22.706666946411133,22.463333129882812,22.65999984741211,18.70323371887207,633300
2007-10-11,22.80666732788086,22.80666732788086,21.99333381652832,22.17333221435547,18.301542282104492,503400
2007-10-12,22.28333282470703,22.49333381652832,22.24333381652832,22.44333267211914,18.524402618408203,582900
2007-10-15,22.53333282470703,22.600000381469727,22.350000381469727,22.44333267211914,18.524402618408203,445200
2007-10-16,22.416667938232422,22.633333206176758,22.39666748046875,22.406667709350586,18.494136810302734,736500
2007-10-17,23.0,23.0,22.59666633605957,22.823333740234375,18.838037490844727,732300
2007-10-18,22.71666717529297,22.876667022705078,22.559999465942383,22.833332061767578,18.846298217773438,442800
2007-10-19,22.753332138061523,22.753332138061523,22.143333435058594,22.163333892822266,18.293298721313477,850800
2007-10-22,21.940000534057617,22.433332443237305,21.899999618530273,22.356666564941406,18.45286750793457,538800
2007-10-23,22.406667709350586,22.406667709350586,22.10333251953125,22.406667709350586,18.494136810302734,289500
2007-10-24,21.92333221435547,21.92333221435547,21.209999084472656,21.719999313354492,17.9273681640625,585300
2007-10-25,21.57666778564453,21.579999923706055,20.803333282470703,21.003332138061523,17.33584976196289,488100
2007-10-26,21.296667098999023,21.316667556762695,20.90333366394043,21.073333740234375,17.393619537353516,367800
2007-10-29,21.126667022705078,21.393333435058594,21.126667022705078,21.270000457763672,17.55594253540039,215100
2007-10-30,21.196666717529297,21.489999771118164,21.166667938232422,21.350000381469727,17.621978759765625,645300
2007-10-31,21.393333435058594,21.623332977294922,21.25666618347168,21.549999237060547,17.787052154541016,271200
2007-11-01,21.469999313354492,21.469999313354492,21.15999984741211,21.19333267211914,17.492671966552734,426600
2007-11-02,21.266666412353516,21.356666564941406,21.036666870117188,21.34000015258789,17.613725662231445,1254300
2007-11-05,21.09000015258789,21.476667404174805,21.09000015258789,21.23666763305664,17.5284366607666,1152000
2007-11-06,21.350000381469727,21.56333351135254,21.23666763305664,21.543333053588867,17.78154945373535,1840800
2007-11-07,21.34666633605957,21.469999313354492,20.959999084472656,20.96666717529297,17.305585861206055,384300
2007-11-08,21.06999969482422,21.083332061767578,20.32666778564453,20.670000076293945,17.060712814331055,1187400
2007-11-09,20.520000457763672,20.790000915527344,20.413333892822266,20.489999771118164,16.912141799926758,994200
2007-11-12,20.366666793823242,20.549999237060547,19.953332901000977,19.959999084472656,16.474687576293945,693300
2007-11-13,20.253332138061523,20.469999313354492,20.18000030517578,20.413333892822266,16.84886360168457,115200
2007-11-14,20.633333206176758,20.666667938232422,20.253332138061523,20.25666618347168,16.71954917907715,114000
2007-11-15,20.15999984741211,20.393333435058594,19.98666763305664,20.136667251586914,16.620512008666992,652500
2007-11-16,20.17333221435547,20.24333381652832,19.89666748046875,20.0,16.507701873779297,1236000
2007-11-19,19.926666259765625,20.066667556762695,19.613332748413086,19.636667251586914,16.20781707763672,1242900
2007-11-20,19.690000534057617,19.796667098999023,19.053333282470703,19.39666748046875,16.00972557067871,1628400
2007-11-21,19.1299991607666,19.43000030517578,18.80666732788086,19.01333236694336,15.693329811096191,1572900
2007-11-23,19.170000076293945,19.386667251586914,19.06999969482422,19.290000915527344,15.921684265136719,92700
2007-11-26,19.399999618530273,19.446666717529297,18.796667098999023,18.796667098999023,15.514493942260742,222600
2007-11-27,18.81333351135254,19.196666717529297,18.793333053588867,19.196666717529297,15.844647407531738,1816800
2007-11-28,19.56999969482422,20.09000015258789,19.46666717529297,20.01333236694336,16.51871681213379,443700
2007-11-29,19.889999389648438,20.06999969482422,19.843332290649414,19.996667861938477,16.50495147705078,720300
2007-11-30,20.27666664123535,20.27666664123535,19.666667938232422,19.713333129882812,16.271093368530273,90000
2007-12-03,19.75666618347168,19.893333435058594,19.670000076293945,19.69333267211914,16.254581451416016,72300
2007-12-04,19.566667556762695,19.69333267211914,19.503332138061523,19.540000915527344,16.128032684326172,2136600
2007-12-05,19.866666793823242,20.253332138061523,19.866666793823242,20.09666633605957,16.58749771118164,549300
2007-12-06,20.053333282470703,20.483333587646484,20.053333282470703,20.43666648864746,16.868120193481445,541500
2007-12-07,20.43666648864746,20.479999542236328,20.30666732788086,20.406667709350586,16.843360900878906,277200
2007-12-10,20.440000534057617,20.643333435058594,20.35333251953125,20.583332061767578,16.98917579650879,181200
2007-12-11,20.713333129882812,20.81333351135254,20.176666259765625,20.176666259765625,16.653528213500977,1647000
2007-12-12,20.786666870117188,20.786666870117188,20.15999984741211,20.426666259765625,16.85987091064453,911400
2007-12-13,20.316667556762695,20.49333381652832,20.00666618347168,20.23666763305664,16.70305061340332,1119300
2007-12-14,20.10333251953125,20.23666763305664,19.983333587646484,20.023332595825195,16.5269775390625,944100
2007-12-17,19.90999984741211,19.963333129882812,19.579999923706055,19.579999923706055,16.161041259765625,1101300
2007-12-18,19.670000076293945,19.760000228881836,19.459999084472656,19.670000076293945,16.235326766967773,791400
2007-12-19,19.573333740234375,19.84666633605957,19.573333740234375,19.71666717529297,16.27385139465332,252900
2007-12-20,19.920000076293945,20.110000610351562,19.796667098999023,19.983333587646484,16.49394416809082,304500
2007-12-21,20.333332061767578,20.373332977294922,20.156667709350586,20.239999771118164,16.705801010131836,360300
2007-12-24,20.329999923706055,20.476667404174805,20.329999923706055,20.450000762939453,16.87912368774414,121800
2007-12-26,20.46666717529297,20.520000457763672,20.383333206176758,20.48666763305664,16.909393310546875,548400
2007-12-27,20.350000381469727,20.503332138061523,20.03333282470703,20.040000915527344,16.560928344726562,163500
2007-12-28,20.133333206176758,20.136667251586914,19.8799991607666,19.97333335876465,16.505840301513672,191700
2007-12-31,19.933332443237305,20.00666618347168,19.77666664123535,19.803333282470703,16.3653507232666,270000
2008-01-02,19.780000686645508,19.889999389648438,19.1299991607666,19.273332595825195,15.92736530303955,536700
2008-01-03,19.343332290649414,19.343332290649414,18.976667404174805,19.043333053588867,15.737298011779785,600600
2008-01-04,18.753332138061523,18.753332138061523,17.959999084472656,18.126667022705078,14.979764938354492,649800
2008-01-07,18.213333129882812,18.213333129882812,17.530000686645508,17.69333267211914,14.621654510498047,346500
2008-01-08,17.766666412353516,18.00666618347168,17.22333335876465,17.27666664123535,14.277326583862305,415200
2008-01-09,17.209999084472656,17.53333282470703,16.913333892822266,17.386667251586914,14.368232727050781,599100
2008-01-10,17.156667709350586,17.543333053588867,17.10333251953125,17.456666946411133,14.426079750061035,1900800
2008-01-11,17.34666633605957,17.34666633605957,16.81333351135254,16.913333892822266,13.977070808410645,231300
2008-01-14,17.166667938232422,17.456666946411133,17.143333435058594,17.426666259765625,14.401290893554688,115500
2008-01-15,17.239999771118164,17.239999771118164,16.703332901000977,16.773332595825195,13.861373901367188,356700
2008-01-16,16.3799991607666,16.93666648864746,16.10333251953125,16.559999465942383,13.685079574584961,388200
2008-01-17,16.74333381652832,16.913333892822266,16.253332138061523,16.253332138061523,13.431650161743164,486300
2008-01-18,16.479999542236328,16.803333282470703,16.389999389648438,16.68000030517578,13.784248352050781,392100
2008-01-22,16.03333282470703,16.60333251953125,15.793333053588867,16.366666793823242,13.525311470031738,458100
2008-01-23,15.626667022705078,16.790000915527344,15.5,16.753332138061523,13.844847679138184,443400
2008-01-24,16.799999237060547,17.229999542236328,16.77666664123535,17.229999542236328,14.238762855529785,664800
2008-01-25,17.600000381469727,17.766666412353516,16.866666793823242,16.883333206176758,13.952282905578613,1206000
2008-01-28,16.80666732788086,17.10333251953125,16.600000381469727,17.10333251953125,14.13408374786377,386100
2008-01-29,17.05666732788086,17.27666664123535,16.886667251586914,17.133333206176758,14.158876419067383,224400
2008-01-30,17.15333366394043,17.356666564941406,17.00666618347168,17.1200008392334,14.14786148071289,269100
2008-01-31,16.899999618530273,17.25,16.80666732788086,17.06999969482422,14.106539726257324,318300
2008-02-01,17.200000762939453,18.0,17.200000762939453,17.979999542236328,14.858559608459473,604800
2008-02-04,17.996667861938477,18.0,17.6299991607666,17.65999984741211,14.594115257263184,373800
2008-02-05,17.299999237060547,17.360000610351562,16.8700008392334,16.889999389648438,13.957789421081543,361500
2008-02-06,16.94333267211914,17.066667556762695,16.446666717529297,16.463333129882812,13.605194091796875,379500
2008-02-07,16.31999969482422,16.899999618530273,16.100000381469727,16.616666793823242,13.731908798217773,473700
2008-02-08,16.639999389648438,16.983333587646484,16.616666793823242,16.809999465942383,13.891678810119629,233100
2008-02-11,16.883333206176758,17.336666107177734,16.883333206176758,17.200000762939453,14.213973999023438,164700
2008-02-12,17.329999923706055,17.459999084472656,17.079999923706055,17.116666793823242,14.145105361938477,197400
2008-02-13,17.323333740234375,17.753332138061523,17.323333740234375,17.75,14.66848373413086,74700
2008-02-14,17.766666412353516,17.766666412353516,17.149999618530273,17.149999618530273,14.172650337219238,992400
2008-02-15,17.066667556762695,17.170000076293945,16.75666618347168,16.836666107177734,13.913715362548828,103800
2008-02-19,17.066667556762695,17.07666778564453,16.64666748046875,16.713333129882812,13.81179141998291,166500
2008-02-20,16.523332595825195,17.15999984741211,16.523332595825195,17.040000915527344,14.08174991607666,165000
2008-02-21,17.299999237060547,17.446666717529297,16.940000534057617,16.99333381652832,14.043183326721191,825900
2008-02-22,17.036666870117188,17.06333351135254,16.709999084472656,17.049999237060547,14.090011596679688,728100
2008-02-25,16.98666763305664,17.303333282470703,16.873332977294922,17.213333129882812,14.224990844726562,1883700
2008-02-26,17.06999969482422,17.656667709350586,17.06999969482422,17.489999771118164,14.453622817993164,4507200
2008-02-27,17.350000381469727,17.766666412353516,17.350000381469727,17.643333435058594,14.580342292785645,1743300
2008-02-28,17.453332901000977,17.520000457763672,17.17333221435547,17.226667404174805,14.236007690429688,293700
2008-02-29,17.066667556762695,17.09666633605957,16.683332443237305,16.729999542236328,13.825565338134766,209400
2008-03-03,16.726667404174805,16.766666412353516,16.469999313354492,16.6299991607666,13.742927551269531,908700
2008-03-04,16.5,16.73666763305664,16.206666946411133,16.719999313354492,13.817302703857422,808200
2008-03-05,16.593332290649414,17.030000686645508,16.593332290649414,16.886667251586914,13.955033302307129,235500
2008-03-06,16.726667404174805,16.803333282470703,16.3799991607666,16.399999618530273,13.55285930633545,158400
2008-03-07,16.25,16.793333053588867,16.06999969482422,16.420000076293945,13.569390296936035,339900
2008-03-10,16.3799991607666,16.540000915527344,16.163333892822266,16.163333892822266,13.357277870178223,211800
2008-03-11,16.35333251953125,16.729999542236328,16.21666717529297,16.729999542236328,13.825565338134766,212700
2008-03-12,16.68000030517578,16.899999618530273,16.606666564941406,16.606666564941406,13.72364616394043,1378500
2008-03-13,16.303333282470703,16.98666763305664,16.303333282470703,16.899999618530273,13.96605396270752,387300
2008-03-14,16.933332443237305,16.959999084472656,16.280000686645508,16.416667938232422,13.566633224487305,956100
2008-03-17,15.686667442321777,16.586666107177734,15.686667442321777,16.35333251953125,13.514288902282715,1865100
2008-03-18,16.510000228881836,17.00666618347168,16.459999084472656,17.00666618347168,14.054203987121582,982500
2008-03-19,16.963333129882812,16.976667404174805,16.293333053588867,16.309999465942383,13.47847843170166,511800
2008-03-20,16.270000457763672,16.6299991607666,16.183332443237305,16.6299991607666,13.742927551269531,4154700
2008-03-24,16.633333206176758,17.360000610351562,16.633333206176758,17.156667709350586,14.178156852722168,727200
2008-03-25,17.166667938232422,17.316667556762695,17.049999237060547,17.206666946411133,14.21947956085205,162900
2008-03-26,17.133333206176758,17.206666946411133,16.81999969482422,17.023332595825195,14.067972183227539,2055000
2008-03-27,16.953332901000977,16.953332901000977,16.583332061767578,16.583332061767578,13.704364776611328,262500
2008-03-28,16.75,16.78333282470703,16.343332290649414,16.343332290649414,13.506030082702637,229500
2008-03-31,16.366666793823242,16.67333221435547,16.366666793823242,16.520000457763672,13.652024269104004,479700
2008-04-01,16.696666717529297,17.246667861938477,16.696666717529297,17.209999084472656,14.222234725952148,866400
2008-04-02,17.206666946411133,17.579999923706055,17.206666946411133,17.333332061767578,14.324156761169434,2016900
2008-04-03,17.196666717529297,17.68000030517578,17.083332061767578,17.579999923706055,14.528002738952637,922800
2008-04-04,17.503332138061523,17.729999542236328,17.356666564941406,17.60333251953125,14.547285079956055,297900
2008-04-07,17.68666648864746,17.766666412353516,17.386667251586914,17.469999313354492,14.437100410461426,3148800
2008-04-08,17.296667098999023,17.296667098999023,17.043333053588867,17.100000381469727,14.131331443786621,337500
2008-04-09,17.166667938232422,17.450000762939453,17.02666664123535,17.273332595825195,14.274575233459473,2472300
2008-04-10,17.316667556762695,17.843332290649414,17.309999465942383,17.676666259765625,14.607889175415039,1656900
2008-04-11,17.496667861938477,17.496667861938477,16.979999542236328,17.030000686645508,14.073482513427734,588900
2008-04-14,16.899999618530273,16.976667404174805,16.683332443237305,16.72333335876465,13.820058822631836,450600
2008-04-15,16.809999465942383,16.809999465942383,16.406667709350586,16.766666412353516,13.855867385864258,748800
2008-04-16,17.110000610351562,17.483333587646484,17.093332290649414,17.446666717529297,14.417810440063477,555600
2008-04-17,17.333332061767578,17.35333251953125,17.079999923706055,17.32666778564453,14.318649291992188,360900
2008-04-18,17.636667251586914,17.850000381469727,17.5,17.700000762939453,14.627174377441406,957600
2008-04-21,17.583332061767578,17.90999984741211,17.583332061767578,17.893333435058594,14.78693962097168,1871700
2008-04-22,17.733333587646484,17.733333587646484,17.239999771118164,17.42333221435547,14.398528099060059,1019400
2008-04-23,17.503332138061523,18.110000610351562,17.503332138061523,17.93000030517578,14.817241668701172,1615200
2008-04-24,17.920000076293945,18.399999618530273,17.71666717529297,18.25,15.08167839050293,1280400
2008-04-25,18.350000381469727,18.350000381469727,17.823333740234375,18.183332443237305,15.026591300964355,360300
2008-04-28,18.07666778564453,18.15999984741211,17.963333129882812,18.053333282470703,14.919158935546875,617100
2008-04-29,18.00666618347168,18.229999542236328,18.0,18.139999389648438,14.990777015686035,669900
2008-04-30,18.163333892822266,18.163333892822266,17.69333267211914,17.796667098999023,14.707056999206543,2556300
2008-05-01,17.78333282470703,18.53333282470703,17.78333282470703,18.463333129882812,15.257983207702637,2147100
2008-05-02,18.633333206176758,18.69333267211914,18.233333587646484,18.47333335876465,15.266244888305664,2086800
2008-05-05,18.39666748046875,18.47333335876465,18.219999313354492,18.34000015258789,15.156061172485352,1626600
2008-05-06,18.176666259765625,18.67333221435547,18.176666259765625,18.649999618530273,15.412242889404297,936600
2008-05-07,18.700000762939453,18.886667251586914,18.42333221435547,18.42333221435547,15.224929809570312,3071100
2008-05-08,18.48666763305664,18.643333435058594,18.28333282470703,18.5,15.28828239440918,3518700
2008-05-09,18.303333282470703,18.623332977294922,18.303333282470703,18.496667861938477,15.285531997680664,228600
2008-05-12,18.40333366394043,18.746667861938477,18.40333366394043,18.72333335876465,15.472844123840332,172800
2008-05-13,18.78333282470703,18.84000015258789,18.666667938232422,18.803333282470703,15.538954734802246,249600
2008-05-14,18.793333053588867,19.366666793823242,18.793333053588867,19.043333053588867,15.737298011779785,446400
2008-05-15,19.073333740234375,19.49333381652832,19.016666412353516,19.48666763305664,16.10365867614746,402000
2008-05-16,19.5,19.59666633605957,19.190000534057617,19.593332290649414,16.191804885864258,307200
2008-05-19,19.633333206176758,19.979999542236328,19.43000030517578,19.5,16.11467170715332,354300
2008-05-20,19.42333221435547,19.42333221435547,18.889999389648438,19.020000457763672,15.718003273010254,338400
2008-05-21,18.93666648864746,19.09666633605957,18.68000030517578,18.71666717529297,15.4673433303833,271200
2008-05-22,18.73666763305664,19.003332138061523,18.726667404174805,18.823333740234375,15.55549144744873,376500
2008-05-23,18.796667098999023,18.796667098999023,18.420000076293945,18.68000030517578,15.437033653259277,267000
2008-05-27,18.649999618530273,19.040000915527344,18.649999618530273,19.020000457763672,15.718003273010254,371700
2008-05-28,19.113332748413086,19.163333892822266,18.90333366394043,19.093332290649414,15.778606414794922,586500
2008-05-29,19.03333282470703,19.156667709350586,19.01333236694336,19.02666664123535,15.72351360321045,132600
2008-05-30,19.113332748413086,19.40333366394043,19.113332748413086,19.30666732788086,15.954910278320312,237600
2008-06-02,19.26333236694336,19.299999237060547,18.8799991607666,19.113332748413086,15.795145034790039,230100
2008-06-03,19.166667938232422,19.166667938232422,18.700000762939453,18.843332290649414,15.572013854980469,556800
2008-06-04,18.98666763305664,19.260000228881836,18.916667938232422,19.139999389648438,15.817172050476074,582900
2008-06-05,19.329999923706055,19.47333335876465,19.166667938232422,19.386667251586914,16.021013259887695,404100
2008-06-06,19.350000381469727,19.399999618530273,18.876667022705078,19.1200008392334,15.800646781921387,354900
2008-06-09,19.01333236694336,19.01333236694336,18.3799991607666,18.72333335876465,15.472844123840332,331800
2008-06-10,18.579999923706055,18.579999923706055,18.233333587646484,18.34666633605957,15.16157054901123,816300
2008-06-11,18.40333366394043,18.40333366394043,17.760000228881836,17.760000228881836,14.676753997802734,459000
2008-06-12,17.683332443237305,18.190000534057617,17.683332443237305,17.833332061767578,14.737357139587402,552600
2008-06-13,18.0,18.386667251586914,17.96666717529297,18.293333053588867,15.117496490478516,3403200
2008-06-16,18.209999084472656,18.76333236694336,18.209999084472656,18.65999984741211,15.42050552368164,1749600
2008-06-17,18.683332443237305,18.82666778564453,18.399999618530273,18.406667709350586,15.211158752441406,1440300
2008-06-18,18.233333587646484,18.366666793823242,17.92333221435547,18.0,14.87508487701416,187800
2008-06-19,18.079999923706055,18.600000381469727,17.893333435058594,18.469999313354492,15.263497352600098,430500
2008-06-20,18.239999771118164,18.239999771118164,17.979999542236328,18.053333282470703,14.919158935546875,324300
2008-06-23,18.233333587646484,18.233333587646484,17.746667861938477,17.766666412353516,14.720311164855957,496800
2008-06-24,17.6200008392334,18.190000534057617,17.6200008392334,17.856666564941406,14.794876098632812,2746500
2008-06-25,18.059999465942383,18.40333366394043,18.059999465942383,18.170000076293945,15.05449104309082,781800
2008-06-26,18.0,18.030000686645508,17.26333236694336,17.35333251953125,14.377851486206055,2019000
2008-06-27,17.28333282470703,17.376667022705078,16.989999771118164,17.239999771118164,14.283947944641113,715500
2008-06-30,17.123332977294922,17.413333892822266,17.066667556762695,17.066667556762695,14.140336990356445,238500
2008-07-01,16.899999618530273,17.03333282470703,16.553333282470703,17.00666618347168,14.09062671661377,341700
2008-07-02,17.046667098999023,17.14666748046875,16.553333282470703,16.600000381469727,13.753690719604492,697200
2008-07-03,16.733333587646484,16.733333587646484,15.896666526794434,16.123332977294922,13.35875415802002,1032900
2008-07-07,16.206666946411133,16.566667556762695,15.983332633972168,16.219999313354492,13.438844680786133,3449100
2008-07-08,16.133333206176758,16.373332977294922,15.986666679382324,16.31333351135254,13.516175270080566,901500
2008-07-09,16.333332061767578,16.333332061767578,15.653332710266113,15.653332710266113,12.969343185424805,4893900
2008-07-10,15.583333015441895,15.94333267211914,15.516667366027832,15.883333206176758,13.159904479980469,750900
2008-07-11,15.6899995803833,16.06333351135254,15.433333396911621,15.826666831970215,13.112955093383789,2791800
2008-07-14,15.923333168029785,16.00666618347168,15.470000267028809,15.633333206176758,12.952774047851562,1956900
2008-07-15,15.50333309173584,16.086666107177734,15.386667251586914,15.786666870117188,13.079813957214355,1030500
2008-07-16,15.979999542236328,16.343332290649414,15.723333358764648,16.296667098999023,13.502366065979004,3625800
2008-07-17,16.43000030517578,16.739999771118164,16.176666259765625,16.64666748046875,13.792357444763184,976500
2008-07-18,16.573333740234375,16.6299991607666,16.083332061767578,16.566667556762695,13.726067543029785,4616400
2008-07-21,16.666667938232422,16.68666648864746,16.343332290649414,16.426666259765625,13.610075950622559,501300
2008-07-22,16.110000610351562,16.113332748413086,15.686667442321777,15.920000076293945,13.19028091430664,735000
2008-07-23,15.970000267028809,16.25666618347168,15.823332786560059,16.06999969482422,13.314563751220703,692100
2008-07-24,16.0,16.0,15.270000457763672,15.303333282470703,12.679353713989258,863700
2008-07-25,15.34000015258789,15.493332862854004,15.183333396911621,15.453332901000977,12.80363655090332,4945500
2008-07-28,15.30666732788086,15.479999542236328,15.153332710266113,15.203332901000977,12.596497535705566,2046000
2008-07-29,15.333333015441895,15.623332977294922,15.226667404174805,15.59333324432373,12.91963005065918,1445400
2008-07-30,15.739999771118164,15.883333206176758,15.529999732971191,15.720000267028809,13.024577140808105,3765600
2008-07-31,15.583333015441895,16.0,15.583333015441895,15.66333293914795,12.977625846862793,911100
2008-08-01,15.643333435058594,15.699999809265137,15.3100004196167,15.523332595825195,12.861629486083984,1091400
2008-08-04,15.596667289733887,15.716667175292969,15.489999771118164,15.553333282470703,12.886488914489746,604200
2008-08-05,15.710000038146973,15.946666717529297,15.569999694824219,15.936667442321777,13.204094886779785,738600
2008-08-06,16.010000228881836,16.213333129882812,15.696666717529297,16.136667251586914,13.369804382324219,538200
2008-08-07,16.133333206176758,16.616666793823242,15.936667442321777,16.293333053588867,13.499606132507324,702000
2008-08-08,16.280000686645508,16.683332443237305,16.206666946411133,16.633333206176758,13.781310081481934,497700
2008-08-11,16.713333129882812,17.196666717529297,16.626667022705078,16.983333587646484,14.071293830871582,676800
2008-08-12,17.0,17.086666107177734,16.8799991607666,16.950000762939453,14.043676376342773,825000
2008-08-13,17.020000457763672,17.213333129882812,16.843332290649414,17.03333282470703,14.112722396850586,947100
2008-08-14,16.93000030517578,17.286666870117188,16.899999618530273,17.206666946411133,14.256336212158203,695100
2008-08-15,17.299999237060547,17.433332443237305,17.163333892822266,17.286666870117188,14.322616577148438,1181700
2008-08-18,17.40999984741211,17.40999984741211,16.873332977294922,17.066667556762695,14.140336990356445,1061100
2008-08-19,16.979999542236328,17.016666412353516,16.68666648864746,16.746667861938477,13.87520694732666,828300
2008-08-20,16.89666748046875,16.956666946411133,16.613332748413086,16.700000762939453,13.836540222167969,941400
2008-08-21,16.656667709350586,16.683332443237305,16.476667404174805,16.606666564941406,13.759212493896484,684600
2008-08-22,16.799999237060547,16.876667022705078,16.649999618530273,16.81333351135254,13.930450439453125,416700
2008-08-25,16.713333129882812,16.823333740234375,16.540000915527344,16.549999237060547,13.712259292602539,838200
2008-08-26,16.479999542236328,16.5,16.280000686645508,16.406667709350586,13.593510627746582,576900
2008-08-27,16.366666793823242,16.68666648864746,16.35333251953125,16.56999969482422,13.728835105895996,291300
2008-08-28,16.643333435058594,16.753332138061523,16.59666633605957,16.726667404174805,13.85863971710205,610500
2008-08-29,16.53333282470703,16.559999465942383,16.233333587646484,16.35333251953125,13.549310684204102,491400
2008-09-02,16.606666564941406,16.69333267211914,16.016666412353516,16.09666633605957,13.336657524108887,1169700
2008-09-03,16.0,16.0,15.323332786560059,15.366666793823242,12.731825828552246,1014900
2008-09-04,15.25,15.279999732971191,14.846667289733887,14.893333435058594,12.339656829833984,1060800
2008-09-05,14.6899995803833,15.173333168029785,14.6899995803833,15.09000015258789,12.502601623535156,939000
2008-09-08,15.486666679382324,15.486666679382324,14.733332633972168,15.0,12.428032875061035,993900
2008-09-09,14.833333015441895,14.993332862854004,14.34000015258789,14.416666984558105,11.94471549987793,2081400
2008-09-10,14.616666793823242,14.680000305175781,14.40666675567627,14.506667137145996,12.019289016723633,1312800
2008-09-11,14.34333324432373,14.606666564941406,14.126667022705078,14.510000228881836,12.022049903869629,1560000
2008-09-12,14.319999694824219,14.563332557678223,14.15999984741211,14.529999732971191,12.03862190246582,1162500
2008-09-15,13.986666679382324,14.456666946411133,13.949999809265137,13.963333129882812,11.569116592407227,1541100
2008-09-16,13.386667251586914,14.270000457763672,13.333333015441895,14.109999656677246,11.690635681152344,1938600
2008-09-17,13.696666717529297,14.220000267028809,13.636667251586914,13.636667251586914,11.298463821411133,961500
2008-09-18,13.886667251586914,14.449999809265137,13.386667251586914,14.323332786560059,11.867388725280762,2410200
2008-09-19,15.41333293914795,15.616666793823242,13.329999923706055,14.670000076293945,12.154616355895996,477300
2008-09-22,14.399999618530273,14.579999923706055,13.99666690826416,14.00333309173584,11.602256774902344,203100
2008-09-23,14.0600004196167,14.210000038146973,13.706666946411133,13.789999961853027,11.425505638122559,169800
2008-09-24,13.953332901000977,14.123332977294922,13.866666793823242,13.930000305175781,11.541497230529785,395700
2008-09-25,13.579999923706055,14.300000190734863,13.579999923706055,14.130000114440918,11.707206726074219,498000
2008-09-26,14.076666831970215,14.206666946411133,13.446666717529297,14.206666946411133,11.770729064941406,467100
2008-09-29,14.15999984741211,14.15999984741211,12.903332710266113,13.0,10.770957946777344,1169700
2008-09-30,12.800000190734863,13.536666870117188,12.800000190734863,13.513333320617676,11.19627857208252,1665900
2008-10-01,13.640000343322754,13.640000343322754,13.239999771118164,13.4399995803833,11.135514259338379,1028100
2008-10-02,13.206666946411133,13.24666690826416,12.600000381469727,12.626667022705078,10.461641311645508,941700
2008-10-03,12.903332710266113,13.130000114440918,12.470000267028809,12.483332633972168,10.34288501739502,824400
2008-10-06,12.146666526794434,12.19333267211914,11.40999984741211,12.0600004196167,9.992141723632812,857700
2008-10-07,12.09333324432373,12.206666946411133,11.243332862854004,11.273332595825195,9.340354919433594,628500
2008-10-08,10.8100004196167,11.766667366027832,10.8100004196167,11.24666690826416,9.31826114654541,2062500
2008-10-09,11.489999771118164,11.733332633972168,10.90666675567627,11.053333282470703,9.158077239990234,967800
2008-10-10,10.376667022705078,11.363332748413086,10.229999542236328,10.91333293914795,9.042082786560059,2379000
2008-10-13,11.133333206176758,11.91333293914795,11.133333206176758,11.91333293914795,9.87061882019043,617700
2008-10-14,12.303333282470703,12.383333206176758,11.273332595825195,11.420000076293945,9.461867332458496,1168800
2008-10-15,11.363332748413086,11.373332977294922,10.350000381469727,10.363332748413086,8.586387634277344,849000
2008-10-16,10.33666706085205,10.896666526794434,9.899999618530273,10.866666793823242,9.003418922424316,1512300
2008-10-17,10.643333435058594,11.15666675567627,10.609999656677246,10.696666717529297,8.862567901611328,928500
2008-10-20,10.9399995803833,11.046667098999023,10.796667098999023,11.016667366027832,9.127696990966797,562800
2008-10-21,10.546667098999023,10.83666706085205,10.493332862854004,10.493332862854004,8.694096565246582,618300
2008-10-22,10.479999542236328,10.600000381469727,9.883333206176758,10.066666603088379,8.34058666229248,415200
2008-10-23,10.100000381469727,10.173333168029785,9.479999542236328,9.856666564941406,8.166596412658691,543000
2008-10-24,9.026666641235352,10.149999618530273,9.026666641235352,9.846667289733887,8.158315658569336,669600
2008-10-27,9.583333015441895,10.25333309173584,9.583333015441895,9.826666831970215,8.141740798950195,532500
2008-10-28,10.130000114440918,10.729999542236328,9.800000190734863,10.710000038146973,8.873613357543945,981600
2008-10-29,10.58666706085205,10.850000381469727,10.393333435058594,10.533332824707031,8.727237701416016,593400
2008-10-30,10.833333015441895,11.0,10.523332595825195,10.989999771118164,9.10560417175293,429900
2008-10-31,10.74666690826416,11.333333015441895,10.74666690826416,11.130000114440918,9.221603393554688,541500
2008-11-03,11.25333309173584,11.33666706085205,11.053333282470703,11.103333473205566,9.199502944946289,217800
2008-11-04,11.319999694824219,11.550000190734863,11.220000267028809,11.516667366027832,9.541970252990723,261900
2008-11-05,11.346667289733887,11.40666675567627,10.916666984558105,10.920000076293945,9.047607421875,231300
2008-11-06,10.726667404174805,10.813332557678223,10.073332786560059,10.09000015258789,8.359926223754883,225300
2008-11-07,10.1899995803833,10.383333206176758,10.126667022705078,10.313332557678223,8.544960021972656,139500
2008-11-10,10.396666526794434,10.433333396911621,9.90666675567627,10.013333320617676,8.296403884887695,163500
2008-11-11,9.796667098999023,10.010000228881836,9.653332710266113,9.800000190734863,8.119648933410645,403200
2008-11-12,9.606666564941406,9.743332862854004,9.293333053588867,9.30666732788086,7.710903167724609,185100
2008-11-13,9.380000114440918,9.920000076293945,8.84000015258789,9.920000076293945,8.219072341918945,571800
2008-11-14,9.649999618530273,9.680000305175781,9.180000305175781,9.229999542236328,7.647383689880371,335700
2008-11-17,9.09000015258789,9.25333309173584,8.979999542236328,8.989999771118164,7.4485321044921875,337500
2008-11-18,8.930000305175781,9.05666732788086,8.533332824707031,8.786666870117188,7.280064582824707,359400
2008-11-19,8.673333168029785,8.826666831970215,8.130000114440918,8.130000114440918,6.735992431640625,254100
2008-11-20,8.026666641235352,8.430000305175781,7.793333053588867,7.793333053588867,6.457052707672119,422700
2008-11-21,8.096667289733887,8.15999984741211,7.633333206176758,8.149999618530273,6.7525634765625,336600
2008-11-24,8.136667251586914,8.716667175292969,8.136667251586914,8.653332710266113,7.169593811035156,196500
2008-11-25,8.706666946411133,8.733332633972168,8.353333473205566,8.55666732788086,7.0894999504089355,523800
2008-11-26,8.333333015441895,9.149999618530273,8.333333015441895,9.133333206176758,7.567293167114258,348900
2008-11-28,9.173333168029785,9.173333168029785,8.920000076293945,9.023332595825195,7.476149082183838,183600
2008-12-01,8.696666717529297,8.766667366027832,8.34000015258789,8.34000015258789,6.9099860191345215,478200
2008-12-02,8.526666641235352,8.55666732788086,8.180000305175781,8.479999542236328,7.025979042053223,414900
2008-12-03,8.220000267028809,8.90666675567627,8.220000267028809,8.890000343322754,7.3656792640686035,553200
2008-12-04,8.729999542236328,8.893333435058594,8.30666732788086,8.390000343322754,6.951411724090576,436500
2008-12-05,8.220000267028809,8.69333267211914,8.043333053588867,8.69333267211914,7.202731609344482,710400
2008-12-08,8.91333293914795,8.963333129882812,8.673333168029785,8.826666831970215,7.313206195831299,250200
2008-12-09,8.786666870117188,9.536666870117188,8.623332977294922,9.226667404174805,7.644620895385742,854400
2008-12-10,9.226667404174805,9.710000038146973,9.180000305175781,9.399999618530273,7.788234710693359,874800
2008-12-11,9.333333015441895,9.573332786560059,9.146666526794434,9.183333396911621,7.608717918395996,374100
2008-12-12,8.956666946411133,9.666666984558105,8.956666946411133,9.643333435058594,7.98984432220459,683100
2008-12-15,9.69333267211914,9.69333267211914,9.293333053588867,9.49666690826416,7.868324279785156,297000
2008-12-16,9.636667251586914,10.043333053588867,9.58666706085205,10.0,8.28535270690918,363300
2008-12-17,9.859999656677246,10.206666946411133,9.756667137145996,10.100000381469727,8.368208885192871,362400
2008-12-18,10.076666831970215,10.076666831970215,9.350000381469727,9.476667404174805,7.851755142211914,343200
2008-12-19,9.59000015258789,9.819999694824219,9.569999694824219,9.69333267211914,8.031269073486328,234900
2008-12-22,9.546667098999023,9.546667098999023,9.05666732788086,9.243332862854004,7.724570274353027,233400
2008-12-23,9.300000190734863,9.300000190734863,8.926667213439941,8.970000267028809,7.496148586273193,260700
2008-12-24,8.99666690826416,9.083333015441895,8.986666679382324,9.073332786560059,7.582503795623779,142500
2008-12-26,9.083333015441895,9.083333015441895,8.946666717529297,9.013333320617676,7.5323615074157715,134100
2008-12-29,9.006667137145996,9.013333320617676,8.829999923706055,8.970000267028809,7.496148586273193,379500
2008-12-30,9.029999732971191,9.399999618530273,9.029999732971191,9.369999885559082,7.8304290771484375,342900
2008-12-31,9.359999656677246,9.550000190734863,9.353333473205566,9.456666946411133,7.902851581573486,192600
2009-01-02,9.473333358764648,9.930000305175781,9.393333435058594,9.896666526794434,8.270556449890137,169200
2009-01-05,9.8100004196167,10.043333053588867,9.743332862854004,9.893333435058594,8.267773628234863,367800
2009-01-06,9.953332901000977,10.516667366027832,9.953332901000977,10.426667213439941,8.713473320007324,424200
2009-01-07,10.166666984558105,10.166666984558105,9.823332786560059,9.936667442321777,8.30398178100586,351600
2009-01-08,9.829999923706055,9.956666946411133,9.65666675567627,9.926667213439941,8.295626640319824,242100
2009-01-09,9.899999618530273,9.916666984558105,9.55666732788086,9.576666831970215,8.003133773803711,256200
2009-01-12,9.55666732788086,9.55666732788086,9.196666717529297,9.283332824707031,7.758000373840332,199200
2009-01-13,9.390000343322754,9.553333282470703,9.130000114440918,9.296667098999023,7.76914119720459,449100
2009-01-14,9.146666526794434,9.173333168029785,8.869999885559082,8.923333168029785,7.457150936126709,220500
2009-01-15,8.936667442321777,9.1899995803833,8.713333129882812,9.083333015441895,7.5908613204956055,440400
2009-01-16,9.286666870117188,9.49666690826416,9.05666732788086,9.456666946411133,7.902851581573486,653400
2009-01-20,9.4399995803833,9.4399995803833,8.803333282470703,8.819999694824219,7.370796203613281,366900
2009-01-21,8.953332901000977,9.0600004196167,8.626667022705078,9.036666870117188,7.551861763000488,277500
2009-01-22,8.813332557678223,8.989999771118164,8.59000015258789,8.813332557678223,7.365221977233887,456000
2009-01-23,8.829999923706055,9.33666706085205,8.706666946411133,9.1899995803833,7.679998874664307,543600
2009-01-26,9.206666946411133,9.476667404174805,9.143333435058594,9.266667366027832,7.744075775146484,519300
2009-01-27,9.289999961853027,9.649999618530273,9.289999961853027,9.563332557678223,7.991995811462402,635700
2009-01-28,9.789999961853027,9.979999542236328,9.710000038146973,9.896666526794434,8.270556449890137,635700
2009-01-29,9.733332633972168,9.733332633972168,9.33666706085205,9.399999618530273,7.855494499206543,367800
2009-01-30,9.453332901000977,9.539999961853027,9.130000114440918,9.210000038146973,7.696718215942383,788700
2009-02-02,9.036666870117188,9.396666526794434,9.006667137145996,9.316666603088379,7.785854339599609,566400
2009-02-03,9.350000381469727,9.49666690826416,9.16333293914795,9.466667175292969,7.9112114906311035,1230600
2009-02-04,9.453332901000977,9.920000076293945,9.390000343322754,9.58666706085205,8.011490821838379,1090500
2009-02-05,9.420000076293945,10.116666793823242,9.420000076293945,9.979999542236328,8.340197563171387,950700
2009-02-06,10.036666870117188,10.40999984741211,10.036666870117188,10.350000381469727,8.649402618408203,552300
2009-02-09,10.316666603088379,10.366666793823242,10.166666984558105,10.296667098999023,8.604832649230957,1004700
2009-02-10,10.229999542236328,10.41333293914795,9.729999542236328,9.823332786560059,8.209271430969238,567900
2009-02-11,9.80666732788086,9.80666732788086,9.453332901000977,9.643333435058594,8.058845520019531,654900
2009-02-12,9.473333358764648,9.813332557678223,9.420000076293945,9.766667366027832,8.161919593811035,924900
2009-02-13,9.733332633972168,10.043333053588867,9.733332633972168,9.926667213439941,8.295626640319824,728400
2009-02-17,9.553333282470703,9.55666732788086,9.236666679382324,9.25,7.730144500732422,441300
2009-02-18,9.303333282470703,9.49666690826416,9.170000076293945,9.263333320617676,7.741284370422363,662100
2009-02-19,9.356666564941406,9.369999885559082,8.793333053588867,8.826666831970215,7.376368999481201,493200
2009-02-20,8.666666984558105,8.989999771118164,8.666666984558105,8.880000114440918,7.420938491821289,818100
2009-02-23,8.916666984558105,8.916666984558105,8.470000267028809,8.506667137145996,7.108945369720459,1062300
2009-02-24,8.579999923706055,8.993332862854004,8.579999923706055,8.9399995803833,7.471076488494873,215100
2009-02-25,8.90666675567627,9.433333396911621,8.823332786560059,9.19333267211914,7.6827874183654785,990600
2009-02-26,9.276666641235352,9.619999885559082,9.073332786560059,9.109999656677246,7.613145351409912,578400
2009-02-27,8.993332862854004,9.256667137145996,8.976667404174805,9.0600004196167,7.571358680725098,756900
2009-03-02,8.880000114440918,9.039999961853027,8.543333053588867,8.583333015441895,7.173015594482422,394200
2009-03-03,8.733332633972168,8.866666793823242,8.55666732788086,8.706666946411133,7.276082992553711,818400
2009-03-04,8.876667022705078,9.273332595825195,8.829999923706055,9.09333324432373,7.599218845367432,669600
2009-03-05,9.0,9.273332595825195,8.956666946411133,8.970000267028809,7.496148586273193,1372200
2009-03-06,9.08666706085205,9.199999809265137,8.643333435058594,8.856666564941406,7.4014363288879395,1364400
2009-03-09,8.773332595825195,9.130000114440918,8.653332710266113,8.686667442321777,7.259372234344482,439800
2009-03-10,8.926667213439941,9.376667022705078,8.873332977294922,9.359999656677246,7.8220672607421875,787800
2009-03-11,9.403332710266113,9.683333396911621,9.403332710266113,9.596667289733887,8.019850730895996,838800
2009-03-12,9.66333293914795,10.033332824707031,9.513333320617676,10.013333320617676,8.368053436279297,840300
2009-03-13,10.043333053588867,10.149999618530273,9.896666526794434,10.113332748413086,8.451624870300293,783900
2009-03-16,10.426667213439941,10.460000038146973,9.763333320617676,9.80666732788086,8.195344924926758,915300
2009-03-17,9.846667289733887,10.206666946411133,9.743332862854004,10.1899995803833,8.515693664550781,537000
2009-03-18,10.176667213439941,10.603333473205566,10.126667022705078,10.520000457763672,8.791472434997559,1107300
2009-03-19,10.670000076293945,10.670000076293945,10.366666793823242,10.49666690826416,8.771974563598633,1969800
2009-03-20,10.44333267211914,10.576666831970215,9.923333168029785,10.079999923706055,8.423768043518066,492000
2009-03-23,10.40999984741211,10.726667404174805,10.273332595825195,10.726667404174805,8.964179992675781,545100
2009-03-24,10.729999542236328,10.729999542236328,10.380000114440918,10.40999984741211,8.699543952941895,663300
2009-03-25,10.539999961853027,10.866666793823242,10.170000076293945,10.486666679382324,8.763614654541016,1688400
2009-03-26,10.523332595825195,11.0,10.523332595825195,10.99666690826416,9.189815521240234,1132500
2009-03-27,10.979999542236328,11.016667366027832,10.743332862854004,10.8100004196167,9.033821105957031,337800
2009-03-30,10.793333053588867,10.793333053588867,10.213333129882812,10.353333473205566,8.65218734741211,423600
2009-03-31,10.579999923706055,10.58666706085205,10.333333015441895,10.380000114440918,8.674473762512207,856200
2009-04-01,10.166666984558105,10.596667289733887,10.140000343322754,10.5600004196167,8.82490062713623,429600
2009-04-02,10.789999961853027,11.183333396911621,10.756667137145996,10.989999771118164,9.184245109558105,715200
2009-04-03,11.119999885559082,11.319999694824219,10.869999885559082,11.319999694824219,9.460022926330566,663300
2009-04-06,11.180000305175781,11.229999542236328,10.880000114440918,11.116666793823242,9.290098190307617,416100
2009-04-07,10.966667175292969,10.966667175292969,10.636667251586914,10.713333129882812,8.953038215637207,593100
2009-04-08,10.75,10.993332862854004,10.666666984558105,10.956666946411133,9.156390190124512,1474800
2009-04-09,11.263333320617676,11.523332595825195,11.166666984558105,11.420000076293945,9.543588638305664,1699200
2009-04-13,11.423333168029785,11.4399995803833,11.026666641235352,11.296667098999023,9.44052505493164,1583700
2009-04-14,11.216667175292969,11.546667098999023,11.133333206176758,11.333333015441895,9.471170425415039,1028400
2009-04-15,11.130000114440918,11.143333435058594,10.916666984558105,11.123332977294922,9.295669555664062,1226400
2009-04-16,11.333333015441895,11.596667289733887,11.186667442321777,11.579999923706055,9.677306175231934,954600
2009-04-17,11.623332977294922,11.666666984558105,11.350000381469727,11.59333324432373,9.688446044921875,1158000
2009-04-20,11.346667289733887,11.420000076293945,10.973333358764648,11.053333282470703,9.237170219421387,880200
2009-04-21,10.90999984741211,11.176667213439941,10.743332862854004,11.029999732971191,9.217672348022461,1080000
2009-04-22,10.90666675567627,11.676667213439941,10.80666732788086,11.363332748413086,9.496232032775879,1218300
2009-04-23,11.506667137145996,11.506667137145996,10.90666675567627,11.283332824707031,9.429381370544434,1635300
2009-04-24,11.4399995803833,11.539999961853027,11.069999694824219,11.44333267211914,9.563092231750488,1604400
2009-04-27,11.226667404174805,11.579999923706055,11.226667404174805,11.373332977294922,9.504595756530762,1219200
2009-04-28,11.236666679382324,11.353333473205566,11.09000015258789,11.186667442321777,9.348600387573242,909300
2009-04-29,11.266667366027832,11.59000015258789,11.180000305175781,11.383333206176758,9.512948036193848,471300
2009-04-30,11.596667289733887,11.966667175292969,11.453332901000977,11.670000076293945,9.752516746520996,1069500
2009-05-01,11.713333129882812,11.8100004196167,11.463333129882812,11.703332901000977,9.780374526977539,2363400
2009-05-04,11.923333168029785,12.270000457763672,11.833333015441895,12.25333309173584,10.240004539489746,1411200
2009-05-05,12.233332633972168,12.233332633972168,11.90999984741211,12.136667251586914,10.142504692077637,653100
2009-05-06,12.300000190734863,12.300000190734863,11.920000076293945,12.220000267028809,10.212143898010254,1029000
2009-05-07,12.363332748413086,12.363332748413086,11.383333206176758,11.563332557678223,9.663374900817871,1157700
2009-05-08,11.66333293914795,11.66333293914795,11.036666870117188,11.206666946411133,9.365310668945312,2005200
2009-05-11,11.016667366027832,11.433333396911621,10.883333206176758,11.25333309173584,9.404311180114746,1275900
2009-05-12,11.1899995803833,11.33666706085205,10.766667366027832,10.973333358764648,9.170319557189941,3557400
2009-05-13,10.883333206176758,10.970000267028809,10.633333206176758,10.673333168029785,8.919609069824219,1503300
2009-05-14,10.6899995803833,11.039999961853027,10.6899995803833,10.9399995803833,9.14245891571045,1688400
2009-05-15,10.896666526794434,11.046667098999023,10.763333320617676,10.8100004196167,9.033821105957031,1228500
2009-05-18,10.90666675567627,11.210000038146973,10.90666675567627,11.183333396911621,9.345812797546387,783900
2009-05-19,11.149999618530273,11.59333324432373,11.083333015441895,11.433333396911621,9.55473518371582,1370700
2009-05-20,11.609999656677246,11.973333358764648,11.526666641235352,11.553333282470703,9.65501880645752,1757400
2009-05-21,11.426667213439941,11.536666870117188,11.149999618530273,11.323332786560059,9.462809562683105,1216500
2009-05-22,11.373332977294922,11.446666717529297,11.15999984741211,11.326666831970215,9.465595245361328,586200
2009-05-26,11.196666717529297,11.75333309173584,11.196666717529297,11.710000038146973,9.785942077636719,1453500
2009-05-27,11.696666717529297,12.146666526794434,11.696666717529297,11.873332977294922,9.922440528869629,1137900
2009-05-28,11.983332633972168,12.103333473205566,11.666666984558105,12.09000015258789,10.10350513458252,672600
2009-05-29,12.100000381469727,12.223333358764648,11.899999618530273,12.140000343322754,10.145289421081543,758400
2009-06-01,12.359999656677246,12.863332748413086,12.359999656677246,12.783332824707031,10.682915687561035,1056900
2009-06-02,12.763333320617676,12.763333320617676,12.363332748413086,12.44333267211914,10.398782730102539,944700
2009-06-03,12.289999961853027,12.289999961853027,12.08666706085205,12.226667404174805,10.217718124389648,652800
2009-06-04,12.300000190734863,12.523332595825195,12.283332824707031,12.486666679382324,10.434995651245117,779700
2009-06-05,12.59333324432373,12.59333324432373,12.183333396911621,12.286666870117188,10.267858505249023,941700
2009-06-08,12.233332633972168,12.383333206176758,12.050000190734863,12.293333053588867,10.273430824279785,689100
2009-06-09,12.489999771118164,12.953332901000977,12.489999771118164,12.850000381469727,10.738629341125488,1330500
2009-06-10,12.983332633972168,12.99666690826416,12.630000114440918,12.896666526794434,10.777629852294922,851700
2009-06-11,12.9399995803833,13.046667098999023,12.733332633972168,12.819999694824219,10.713558197021484,787500
2009-06-12,12.75,12.779999732971191,12.463333129882812,12.643333435058594,10.565923690795898,309900
2009-06-15,12.449999809265137,12.566666603088379,12.233332633972168,12.506667137145996,10.451708793640137,1163400
2009-06-16,12.58666706085205,12.59000015258789,12.19333267211914,12.25,10.237217903137207,942900
2009-06-17,12.303333282470703,12.513333320617676,12.039999961853027,12.41333293914795,10.373713493347168,1106100
2009-06-18,12.373332977294922,12.456666946411133,12.136667251586914,12.180000305175781,10.178722381591797,672600
2009-06-19,12.329999923706055,12.436667442321777,12.233332633972168,12.316666603088379,10.292929649353027,486000
2009-06-22,12.1899995803833,12.30666732788086,11.833333015441895,11.833333015441895,9.923116683959961,459300
2009-06-23,11.859999656677246,11.876667022705078,11.55666732788086,11.733332633972168,9.839255332946777,542700
2009-06-24,11.80666732788086,12.126667022705078,11.80666732788086,11.993332862854004,10.057289123535156,309300
2009-06-25,11.926667213439941,12.24666690826416,11.863332748413086,12.236666679382324,10.261343955993652,535200
2009-06-26,12.210000038146973,12.386667251586914,12.123332977294922,12.216667175292969,10.244572639465332,439500
2009-06-29,12.263333320617676,12.34000015258789,12.133333206176758,12.213333129882812,10.241774559020996,291900
2009-06-30,12.210000038146973,12.416666984558105,12.076666831970215,12.220000267028809,10.247366905212402,639900
2009-07-01,12.296667098999023,12.600000381469727,12.286666870117188,12.416666984558105,10.412286758422852,729600
2009-07-02,12.276666641235352,12.366666793823242,12.153332710266113,12.300000190734863,10.314451217651367,1057800
2009-07-06,12.220000267028809,12.323332786560059,11.946666717529297,12.113332748413086,10.157917022705078,465900
2009-07-07,12.16333293914795,12.289999961853027,11.776666641235352,11.789999961853027,9.886777877807617,564300
2009-07-08,11.833333015441895,11.850000381469727,11.506667137145996,11.683333396911621,9.797331809997559,580800
2009-07-09,11.75333309173584,12.069999694824219,11.743332862854004,11.926667213439941,10.001386642456055,627300
2009-07-10,11.866666793823242,12.103333473205566,11.803333282470703,11.993332862854004,10.057289123535156,700200
2009-07-13,12.00333309173584,12.296667098999023,11.800000190734863,12.289999961853027,10.30606746673584,571200
2009-07-14,12.300000190734863,12.510000228881836,12.296667098999023,12.486666679382324,10.470983505249023,1497300
2009-07-15,12.90666675567627,13.069999694824219,12.866666793823242,13.050000190734863,10.943382263183594,688800
2009-07-16,12.979999542236328,13.356666564941406,12.936667442321777,13.3100004196167,11.161412239074707,631500
2009-07-17,13.316666603088379,13.486666679382324,13.133333206176758,13.470000267028809,11.295585632324219,773400
2009-07-20,13.566666603088379,13.640000343322754,13.423333168029785,13.613332748413086,11.415780067443848,1261800
2009-07-21,13.640000343322754,13.640000343322754,13.293333053588867,13.566666603088379,11.376646041870117,1107600
2009-07-22,13.520000457763672,13.933333396911621,13.50333309173584,13.893333435058594,11.650577545166016,945300
2009-07-23,13.846667289733887,14.19333267211914,13.733332633972168,14.173333168029785,11.885377883911133,1533300
2009-07-24,13.883333206176758,14.029999732971191,13.646666526794434,14.010000228881836,11.748418807983398,893400
2009-07-27,14.029999732971191,14.079999923706055,13.796667098999023,14.05666732788086,11.787545204162598,650400
2009-07-28,14.0,14.170000076293945,13.863332748413086,14.083333015441895,11.809908866882324,432000
2009-07-29,14.046667098999023,14.069999694824219,13.890000343322754,14.05666732788086,11.787545204162598,393000
2009-07-30,14.236666679382324,14.453332901000977,14.010000228881836,14.016667366027832,11.754002571105957,526200
2009-07-31,14.033332824707031,14.229999542236328,13.983332633972168,14.109999656677246,11.832271575927734,480900
2009-08-03,14.266667366027832,14.373332977294922,14.100000381469727,14.30666732788086,11.997187614440918,1240200
2009-08-04,14.196666717529297,14.373332977294922,14.15999984741211,14.286666870117188,11.980420112609863,531000
2009-08-05,14.346667289733887,14.380000114440918,14.043333053588867,14.15666675567627,11.871403694152832,346500
2009-08-06,14.173333168029785,14.3100004196167,13.886667251586914,13.926667213439941,11.678531646728516,440700
2009-08-07,14.15999984741211,14.176667213439941,13.833333015441895,13.953332901000977,11.700891494750977,772800
2009-08-10,13.866666793823242,13.989999771118164,13.729999542236328,13.84000015258789,11.605856895446777,609000
2009-08-11,13.816666603088379,13.923333168029785,13.626667022705078,13.686667442321777,11.477272987365723,346200
2009-08-12,13.696666717529297,14.05666732788086,13.696666717529297,13.956666946411133,11.703689575195312,391800
2009-08-13,14.09000015258789,14.279999732971191,13.886667251586914,14.25333309173584,11.952467918395996,628200
2009-08-14,14.176667213439941,14.176667213439941,13.846667289733887,13.966667175292969,11.712072372436523,771000
2009-08-17,13.726667404174805,13.726667404174805,13.523332595825195,13.566666603088379,11.376646041870117,524400
2009-08-18,13.600000381469727,13.886667251586914,13.600000381469727,13.856666564941406,11.619831085205078,227400
2009-08-19,13.619999885559082,13.956666946411133,13.619999885559082,13.923333168029785,11.675735473632812,469200
2009-08-20,13.883333206176758,14.066666603088379,13.883333206176758,14.033332824707031,11.76797866821289,380400
2009-08-21,14.119999885559082,14.3100004196167,13.960000038146973,14.296667098999023,11.988799095153809,438600
2009-08-24,14.350000381469727,14.470000267028809,14.119999885559082,14.15999984741211,11.874197006225586,337500
2009-08-25,14.206666946411133,14.319999694824219,14.09333324432373,14.226667404174805,11.930105209350586,272400
2009-08-26,14.186667442321777,14.390000343322754,14.186667442321777,14.359999656677246,12.041913986206055,602100
2009-08-27,14.3100004196167,14.390000343322754,14.116666793823242,14.390000343322754,12.067069053649902,269400
2009-08-28,14.65999984741211,14.90999984741211,14.543333053588867,14.69333267211914,12.321436882019043,674100
2009-08-31,14.579999923706055,14.58666706085205,14.363332748413086,14.479999542236328,12.142544746398926,358200
2009-09-01,14.383333206176758,14.786666870117188,14.079999923706055,14.109999656677246,11.832271575927734,984000
2009-09-02,14.043333053588867,14.25,14.00333309173584,14.076666831970215,11.804320335388184,345900
2009-09-03,14.133333206176758,14.3100004196167,14.0600004196167,14.293333053588867,11.986011505126953,243300
2009-09-04,14.369999885559082,14.66333293914795,14.319999694824219,14.66333293914795,12.29627799987793,313500
2009-09-08,14.823332786560059,14.973333358764648,14.680000305175781,14.960000038146973,12.545058250427246,563700
2009-09-09,14.986666679382324,15.153332710266113,14.8100004196167,15.126667022705078,12.684821128845215,1254900
2009-09-10,15.153332710266113,15.376667022705078,15.09333324432373,15.359999656677246,12.88048267364502,1001400
2009-09-11,15.333333015441895,15.346667289733887,15.0,15.076666831970215,12.642888069152832,837300
2009-09-14,14.960000038146973,15.109999656677246,14.956666946411133,15.079999923706055,12.645685195922852,345600
2009-09-15,15.130000114440918,15.276666641235352,15.08666706085205,15.203332901000977,12.74910831451416,397200
2009-09-16,15.283332824707031,15.283332824707031,15.046667098999023,15.146666526794434,12.701594352722168,429600
2009-09-17,15.133333206176758,15.186667442321777,14.803333282470703,14.850000381469727,12.452812194824219,584100
2009-09-18,14.893333435058594,15.053333282470703,14.84333324432373,14.963333129882812,12.547850608825684,320400
2009-09-21,14.869999885559082,15.023332595825195,14.813332557678223,14.946666717529297,12.5338773727417,466800
2009-09-22,15.069999694824219,15.1899995803833,14.953332901000977,15.076666831970215,12.642888069152832,1304700
2009-09-23,15.223333358764648,15.416666984558105,15.119999885559082,15.133333206176758,12.690408706665039,737700
2009-09-24,15.220000267028809,15.233332633972168,14.65666675567627,14.770000457763672,12.385725021362305,707700
2009-09-25,14.720000267028809,14.84333324432373,14.59000015258789,14.729999542236328,12.352187156677246,406500
2009-09-28,14.84333324432373,15.146666526794434,14.819999694824219,15.016667366027832,12.592580795288086,349200
2009-09-29,15.079999923706055,15.16333293914795,14.789999961853027,14.80666732788086,12.41647720336914,573900
2009-09-30,14.880000114440918,15.109999656677246,14.640000343322754,14.930000305175781,12.51990032196045,765600
2009-10-01,14.90666675567627,14.9399995803833,14.213333129882812,14.216667175292969,11.921716690063477,2277600
2009-10-02,14.079999923706055,14.316666603088379,14.016667366027832,14.046667098999023,11.779162406921387,718200
2009-10-05,14.113332748413086,14.363332748413086,14.026666641235352,14.319999694824219,12.008368492126465,764700
2009-10-06,14.44333267211914,14.699999809265137,14.44333267211914,14.600000381469727,12.243169784545898,1648500
2009-10-07,14.596667289733887,14.636667251586914,14.473333358764648,14.569999694824219,12.218011856079102,800400
2009-10-08,14.640000343322754,14.640000343322754,14.300000190734863,14.466667175292969,12.131360054016113,1052700
2009-10-09,14.486666679382324,14.979999542236328,14.479999542236328,14.963333129882812,12.547850608825684,784800
2009-10-12,15.033332824707031,15.353333473205566,15.013333320617676,15.186667442321777,12.735132217407227,341700
2009-10-13,15.216667175292969,15.279999732971191,15.066666603088379,15.130000114440918,12.687615394592285,512400
2009-10-14,15.489999771118164,15.50333309173584,15.1899995803833,15.366666793823242,12.886075019836426,1026300
2009-10-15,15.233332633972168,15.286666870117188,15.026666641235352,15.096667289733887,12.659660339355469,1094400
2009-10-16,14.936667442321777,14.946666717529297,14.603333473205566,14.773332595825195,12.388521194458008,1300800
2009-10-19,14.8100004196167,15.036666870117188,14.716667175292969,14.99666690826416,12.5758056640625,564000
2009-10-20,15.073332786560059,15.19333267211914,14.899999618530273,14.9399995803833,12.528284072875977,880200
2009-10-21,14.956666946411133,15.126667022705078,14.649999618530273,14.683333396911621,12.313050270080566,825000
2009-10-22,14.673333168029785,14.890000343322754,14.449999809265137,14.84000015258789,12.44443130493164,1264200
2009-10-23,14.823332786560059,14.850000381469727,14.393333435058594,14.449999809265137,12.117385864257812,1089000
2009-10-26,14.433333396911621,14.729999542236328,14.273332595825195,14.396666526794434,12.072659492492676,1235100
2009-10-27,14.41333293914795,14.539999961853027,14.016667366027832,14.063332557678223,11.793139457702637,1217100
2009-10-28,14.033332824707031,14.143333435058594,13.633333206176758,13.65999984741211,11.454913139343262,1805700
2009-10-29,13.773332595825195,14.023332595825195,13.773332595825195,13.99666690826416,11.737231254577637,798900
2009-10-30,13.930000305175781,13.946666717529297,13.479999542236328,13.533332824707031,11.3486909866333,1259100
2009-11-02,13.543333053588867,13.680000305175781,13.33666706085205,13.536666870117188,11.35148811340332,1293900
2009-11-03,13.33666706085205,13.423333168029785,13.146666526794434,13.403332710266113,11.239676475524902,1286100
2009-11-04,13.536666870117188,13.75333309173584,13.5,13.510000228881836,11.329126358032227,884700
2009-11-05,13.720000267028809,13.973333358764648,13.673333168029785,13.916666984558105,11.670145034790039,458700
2009-11-06,13.84333324432373,14.130000114440918,13.833333015441895,13.946666717529297,11.695300102233887,339900
2009-11-09,14.126667022705078,14.416666984558105,14.103333473205566,14.373332977294922,12.053093910217285,468000
2009-11-10,14.380000114440918,14.543333053588867,14.260000228881836,14.399999618530273,12.075453758239746,862500
2009-11-11,14.566666603088379,14.773332595825195,14.529999732971191,14.606666564941406,12.248761177062988,1288200
2009-11-12,14.673333168029785,14.84333324432373,14.516667366027832,14.536666870117188,12.190064430236816,477000
2009-11-13,14.59333324432373,14.713333129882812,14.486666679382324,14.649999618530273,12.285100936889648,299100
2009-11-16,14.863332748413086,15.039999961853027,14.863332748413086,14.99666690826416,12.5758056640625,137700
2009-11-17,14.923333168029785,15.039999961853027,14.850000381469727,15.029999732971191,12.603754997253418,90900
2009-11-18,15.016667366027832,15.046667098999023,14.813332557678223,14.90999984741211,12.503129959106445,93300
2009-11-19,14.653332710266113,14.653332710266113,14.223333358764648,14.420000076293945,12.092227935791016,480600
2009-11-20,14.30666732788086,14.333333015441895,14.203332901000977,14.30666732788086,11.997187614440918,306900
2009-11-23,14.470000267028809,14.619999885559082,14.40999984741211,14.456666946411133,12.122971534729004,177300
2009-11-24,14.486666679382324,14.59333324432373,14.436667442321777,14.573332786560059,12.220809936523438,223200
2009-11-25,14.579999923706055,14.666666984558105,14.579999923706055,14.630000114440918,12.268328666687012,110700
2009-11-27,14.16333293914795,14.520000457763672,14.140000343322754,14.426667213439941,12.09781551361084,215700
2009-11-30,14.449999809265137,14.460000038146973,14.24666690826416,14.453332901000977,12.120177268981934,163800
2009-12-01,14.576666831970215,14.960000038146973,14.576666831970215,14.920000076293945,12.511514663696289,189000
2009-12-02,14.989999771118164,15.24666690826416,14.903332710266113,15.143333435058594,12.698796272277832,222900
2009-12-03,15.146666526794434,15.50333309173584,15.146666526794434,15.329999923706055,12.855325698852539,260700
2009-12-04,15.479999542236328,15.706666946411133,15.276666641235352,15.573332786560059,13.059383392333984,310800
2009-12-07,15.576666831970215,15.846667289733887,15.576666831970215,15.699999809265137,13.165604591369629,378900
2009-12-08,15.65666675567627,15.726667404174805,15.466667175292969,15.613332748413086,13.092924118041992,453000
2009-12-09,15.633333206176758,15.706666946411133,15.5,15.686667442321777,13.154422760009766,188700
2009-12-10,15.729999542236328,15.859999656677246,15.636667251586914,15.640000343322754,13.115285873413086,436800
2009-12-11,15.676667213439941,15.706666946411133,15.460000038146973,15.523332595825195,13.017451286315918,233700
2009-12-14,15.66333293914795,15.770000457763672,15.573332786560059,15.756667137145996,13.213118553161621,221100
2009-12-15,15.703332901000977,15.863332748413086,15.623332977294922,15.680000305175781,13.148824691772461,462600
2009-12-16,15.710000038146973,16.07666778564453,15.710000038146973,15.90999984741211,13.34170150756836,228000
2009-12-17,15.80666732788086,15.903332710266113,15.653332710266113,15.673333168029785,13.143238067626953,125400
2009-12-18,15.726667404174805,15.886667251586914,15.65666675567627,15.859999656677246,13.299774169921875,188700
2009-12-21,15.936667442321777,16.15999984741211,15.936667442321777,16.15999984741211,13.614861488342285,317700
2009-12-22,16.219999313354492,16.316667556762695,16.200000762939453,16.25,13.690694808959961,999600
2009-12-23,16.336666107177734,16.356666564941406,16.203332901000977,16.273332595825195,13.710350036621094,417900
2009-12-24,16.323333740234375,16.469999313354492,16.323333740234375,16.46666717529297,13.873239517211914,60600
2009-12-28,16.520000457763672,16.540000915527344,16.229999542236328,16.30666732788086,13.738435745239258,395100
2009-12-29,16.316667556762695,16.31999969482422,16.170000076293945,16.28333282470703,13.71877670288086,588300
2009-12-30,16.229999542236328,16.516666412353516,16.229999542236328,16.51333236694336,13.912553787231445,169800
2009-12-31,16.566667556762695,16.60333251953125,16.40999984741211,16.40999984741211,13.825492858886719,138000
2010-01-04,16.59666633605957,16.75666618347168,16.553333282470703,16.610000610351562,13.994001388549805,380400
2010-01-05,16.636667251586914,16.729999542236328,16.479999542236328,16.583332061767578,13.971531867980957,616800
2010-01-06,16.586666107177734,16.670000076293945,16.516666412353516,16.53333282470703,13.929405212402344,219300
2010-01-07,16.520000457763672,16.520000457763672,16.290000915527344,16.40333366394043,13.819880485534668,300600
2010-01-08,16.3700008392334,16.656667709350586,16.3700008392334,16.649999618530273,14.027697563171387,232800
2010-01-11,16.71666717529297,16.766666412353516,16.463333129882812,16.600000381469727,13.985569953918457,269100
2010-01-12,16.440000534057617,16.440000534057617,15.916666984558105,16.020000457763672,13.49692153930664,316800
2010-01-13,16.113332748413086,16.25666618347168,15.776666641235352,16.206666946411133,13.654186248779297,342600
2010-01-14,16.176666259765625,16.196666717529297,16.010000228881836,16.176666259765625,13.628911972045898,424200
2010-01-15,16.166667938232422,16.166667938232422,15.609999656677246,15.649999618530273,13.185193061828613,491400
2010-01-19,15.666666984558105,15.866666793823242,15.666666984558105,15.829999923706055,13.336843490600586,397800
2010-01-20,15.760000228881836,15.84000015258789,15.623332977294922,15.829999923706055,13.336843490600586,916200
2010-01-21,15.829999923706055,16.083332061767578,15.643333435058594,15.729999542236328,13.252592086791992,762900
2010-01-22,15.643333435058594,15.643333435058594,14.946666717529297,14.989999771118164,12.629136085510254,733200
2010-01-25,15.083333015441895,15.303333282470703,15.066666603088379,15.196666717529297,12.803258895874023,536400
2010-01-26,15.119999885559082,15.279999732971191,15.043333053588867,15.0600004196167,12.68811321258545,616200
2010-01-27,15.066666603088379,15.30666732788086,14.949999809265137,15.270000457763672,12.865038871765137,782700
2010-01-28,15.273332595825195,15.273332595825195,14.583333015441895,14.819999694824219,12.485912322998047,1183800
2010-01-29,14.899999618530273,15.063332557678223,14.229999542236328,14.326666831970215,12.070281982421875,899100
2010-02-01,14.393333435058594,14.829999923706055,14.393333435058594,14.813332557678223,12.480293273925781,1690500
2010-02-02,14.826666831970215,15.039999961853027,14.756667137145996,14.966667175292969,12.60948371887207,703200
2010-02-03,14.930000305175781,15.050000190734863,14.83666706085205,14.963333129882812,12.606669425964355,481200
2010-02-04,14.80666732788086,14.80666732788086,14.293333053588867,14.316666603088379,12.061856269836426,614700
2010-02-05,14.333333015441895,14.65999984741211,14.220000267028809,14.643333435058594,12.337067604064941,776100
2010-02-08,14.65666675567627,14.83666706085205,14.456666946411133,14.583333015441895,12.286520957946777,297600
2010-02-09,14.779999732971191,14.933333396911621,14.633333206176758,14.756667137145996,12.43255615234375,272700
2010-02-10,14.743332862854004,14.886667251586914,14.616666793823242,14.846667289733887,12.508383750915527,453600
2010-02-11,14.819999694824219,15.186667442321777,14.726667404174805,15.153332710266113,12.766746520996094,451500
2010-02-12,14.983332633972168,15.430000305175781,14.863332748413086,15.289999961853027,12.881892204284668,514500
2010-02-16,15.430000305175781,15.646666526794434,15.346667289733887,15.623332977294922,13.162726402282715,432000
2010-02-17,15.706666946411133,15.733332633972168,15.423333168029785,15.609999656677246,13.151494026184082,336300
2010-02-18,15.539999961853027,15.670000076293945,15.416666984558105,15.66333293914795,13.196426391601562,1072200
2010-02-19,15.58666706085205,15.789999961853027,15.513333320617676,15.706666946411133,13.232933044433594,1324200
2010-02-22,15.789999961853027,15.813332557678223,15.623332977294922,15.676667213439941,13.20765495300293,839700
2010-02-23,15.636667251586914,15.636667251586914,15.170000076293945,15.273332595825195,12.867854118347168,375000
2010-02-24,15.34333324432373,15.643333435058594,15.34333324432373,15.5600004196167,13.109368324279785,469500
2010-02-25,15.273332595825195,15.529999732971191,15.133333206176758,15.49666690826416,13.056007385253906,376200
2010-02-26,15.506667137145996,15.506667137145996,15.300000190734863,15.470000267028809,13.033543586730957,239700
2010-03-01,15.546667098999023,15.869999885559082,15.546667098999023,15.83666706085205,13.342459678649902,219900
2010-03-02,15.886667251586914,16.03333282470703,15.783332824707031,15.83666706085205,13.342459678649902,403800
2010-03-03,15.90999984741211,16.01333236694336,15.6899995803833,15.760000228881836,13.277867317199707,236700
2010-03-04,15.766667366027832,15.80666732788086,15.546667098999023,15.74666690826416,13.266637802124023,492600
2010-03-05,15.850000381469727,16.00666618347168,15.75,15.923333168029785,13.415475845336914,344700
2010-03-08,15.983332633972168,16.003332138061523,15.890000343322754,15.916666984558105,13.409859657287598,354300
2010-03-09,15.84000015258789,16.003332138061523,15.793333053588867,15.873332977294922,13.373351097106934,714300
2010-03-10,15.936667442321777,16.23666763305664,15.91333293914795,16.183332443237305,13.634528160095215,315300
2010-03-11,16.139999389648438,16.139999389648438,15.933333396911621,16.079999923706055,13.547468185424805,664200
2010-03-12,16.166667938232422,16.166667938232422,16.00666618347168,16.049999237060547,13.522194862365723,219000
2010-03-15,15.989999771118164,15.989999771118164,15.773332595825195,15.876667022705078,13.3761625289917,180900
2010-03-16,15.920000076293945,16.34666633605957,15.90666675567627,16.316667556762695,13.746861457824707,229500
2010-03-17,16.3700008392334,16.656667709350586,16.3700008392334,16.579999923706055,13.968721389770508,358500
2010-03-18,16.59000015258789,16.593332290649414,16.31333351135254,16.426666259765625,13.8395357131958,264000
2010-03-19,16.476667404174805,16.476667404174805,16.09666633605957,16.200000762939453,13.648571968078613,284100
2010-03-22,16.093332290649414,16.559999465942383,16.030000686645508,16.520000457763672,13.918170928955078,526500
2010-03-23,16.586666107177734,16.873332977294922,16.573333740234375,16.85333251953125,14.198999404907227,423900
2010-03-24,16.739999771118164,16.75,16.426666259765625,16.456666946411133,13.864814758300781,530100
2010-03-25,16.633333206176758,16.73666763305664,16.440000534057617,16.446666717529297,13.85638427734375,498000
2010-03-26,16.546667098999023,16.623332977294922,16.24333381652832,16.383333206176758,13.803030014038086,417900
2010-03-29,16.463333129882812,16.573333740234375,16.440000534057617,16.489999771118164,13.892900466918945,459300
2010-03-30,16.50666618347168,16.643333435058594,16.389999389648438,16.59000015258789,13.977150917053223,283500
2010-03-31,16.50666618347168,16.666667938232422,16.44333267211914,16.47333335876465,13.878849029541016,250200
2010-04-01,16.623332977294922,16.823333740234375,16.34000015258789,16.46666717529297,13.873239517211914,301800
2010-04-05,16.59000015258789,16.959999084472656,16.56999969482422,16.940000534057617,14.272027969360352,331800
2010-04-06,16.84666633605957,16.89666748046875,16.729999542236328,16.833332061767578,14.182151794433594,288300
2010-04-07,16.793333053588867,17.020000457763672,16.683332443237305,16.89666748046875,14.235518455505371,157200
2010-04-08,16.816667556762695,16.816667556762695,16.56333351135254,16.666667938232422,14.041738510131836,188100
2010-04-09,16.683332443237305,16.850000381469727,16.65999984741211,16.850000381469727,14.196195602416992,81600
2010-04-12,16.916667938232422,17.113332748413086,16.850000381469727,16.99333381652832,14.316957473754883,178200
2010-04-13,17.003332138061523,17.170000076293945,16.96666717529297,17.15333366394043,14.451759338378906,165600
2010-04-14,17.5,17.876667022705078,17.463333129882812,17.850000381469727,15.038708686828613,477600
2010-04-15,17.850000381469727,18.0,17.793333053588867,17.926666259765625,15.103290557861328,255900
2010-04-16,17.823333740234375,17.823333740234375,17.43000030517578,17.666667938232422,14.884251594543457,600000
2010-04-19,17.600000381469727,17.67333221435547,17.156667709350586,17.510000228881836,14.752250671386719,642000
2010-04-20,17.670000076293945,17.790000915527344,17.53333282470703,17.739999771118164,14.946028709411621,198300
2010-04-21,17.850000381469727,17.889999389648438,17.28333282470703,17.510000228881836,14.752250671386719,195900
2010-04-22,17.303333282470703,17.766666412353516,17.023332595825195,17.753332138061523,14.957258224487305,452700
2010-04-23,17.77666664123535,17.77666664123535,17.476667404174805,17.76333236694336,14.965686798095703,266700
2010-04-26,17.739999771118164,17.956666946411133,17.739999771118164,17.843332290649414,15.033082962036133,190800
2010-04-27,17.709999084472656,17.809999465942383,17.219999313354492,17.266666412353516,14.547239303588867,402900
2010-04-28,17.3700008392334,17.530000686645508,17.086666107177734,17.350000381469727,14.617452621459961,459300
2010-04-29,17.43000030517578,17.56999969482422,17.280000686645508,17.56999969482422,14.802799224853516,384600
2010-04-30,17.583332061767578,17.583332061767578,16.80666732788086,16.80666732788086,14.15969181060791,364200
2010-05-03,16.913333892822266,17.24333381652832,16.883333206176758,17.156667709350586,14.45456314086914,1291800
2010-05-04,16.893333435058594,16.90333366394043,16.299999237060547,16.5,13.901325225830078,671700
2010-05-05,16.32666778564453,16.583332061767578,16.053333282470703,16.333332061767578,13.760903358459473,1179600
2010-05-06,16.206666946411133,16.453332901000977,7.75333309173584,15.739999771118164,13.261018753051758,1384500
2010-05-07,15.600000381469727,15.893333435058594,15.0,15.539999961853027,13.092519760131836,3522600
2010-05-10,16.366666793823242,16.373332977294922,16.07666778564453,16.350000381469727,13.774945259094238,517800
2010-05-11,16.229999542236328,16.52666664123535,16.010000228881836,16.25666618347168,13.696310043334961,851400
2010-05-12,16.3799991607666,16.739999771118164,16.31999969482422,16.703332901000977,14.072622299194336,667800
2010-05-13,16.6299991607666,16.780000686645508,16.233333587646484,16.30666732788086,13.738435745239258,664800
2010-05-14,16.149999618530273,16.149999618530273,15.516667366027832,15.813332557678223,13.322806358337402,697800
2010-05-17,15.813332557678223,16.040000915527344,15.520000457763672,16.016666412353516,13.494112014770508,853200
2010-05-18,16.14666748046875,16.206666946411133,15.493332862854004,15.576666831970215,13.123411178588867,1389000
2010-05-19,15.526666641235352,15.823332786560059,15.313332557678223,15.670000076293945,13.202044486999512,1431900
2010-05-20,15.279999732971191,15.543333053588867,14.956666946411133,15.203332901000977,12.808873176574707,1052400
2010-05-21,14.896666526794434,15.69333267211914,14.853333473205566,15.433333396911621,13.00265121459961,910200
2010-05-24,15.416666984558105,15.5600004196167,15.199999809265137,15.203332901000977,12.808873176574707,765600
2010-05-25,14.800000190734863,15.270000457763672,14.600000381469727,15.25,12.848189353942871,1066200
2010-05-26,15.41333293914795,15.699999809265137,15.210000038146973,15.276666641235352,12.870656967163086,954300
2010-05-27,15.533332824707031,15.963333129882812,15.533332824707031,15.963333129882812,13.449178695678711,1031100
2010-05-28,15.899999618530273,15.936667442321777,15.516667366027832,15.706666946411133,13.232933044433594,560100
2010-06-01,15.619999885559082,15.853333473205566,15.373332977294922,15.373332977294922,12.952099800109863,988200
2010-06-02,15.446666717529297,15.869999885559082,15.380000114440918,15.869999885559082,13.370543479919434,120600
2010-06-03,15.916666984558105,16.079999923706055,15.783332824707031,16.059999465942383,13.530620574951172,465000
2010-06-04,15.726667404174805,15.923333168029785,15.283332824707031,15.34333324432373,12.926824569702148,268500
2010-06-07,15.390000343322754,15.516667366027832,14.766667366027832,14.779999732971191,12.452215194702148,518100
2010-06-08,14.803333282470703,14.83666706085205,14.393333435058594,14.776666641235352,12.449409484863281,300900
2010-06-09,14.933333396911621,15.1899995803833,14.569999694824219,14.606666564941406,12.306180953979492,321300
2010-06-10,14.83666706085205,15.133333206176758,14.83666706085205,15.123332977294922,12.741475105285645,252300
2010-06-11,14.893333435058594,15.363332748413086,14.893333435058594,15.34000015258789,12.924015045166016,471000
2010-06-14,15.579999923706055,15.69333267211914,15.366666793823242,15.376667022705078,12.95490837097168,485100
2010-06-15,15.470000267028809,16.19333267211914,15.470000267028809,16.143333435058594,13.600828170776367,401400
2010-06-16,15.99666690826416,16.31333351135254,15.899999618530273,16.203332901000977,13.651378631591797,348900
2010-06-17,16.266666412353516,16.343332290649414,15.963333129882812,16.22333335876465,13.66822624206543,140100
2010-06-18,16.266666412353516,16.35333251953125,16.126667022705078,16.18666648864746,13.637333869934082,159000
2010-06-21,16.32666778564453,16.399999618530273,15.890000343322754,15.993332862854004,13.53437614440918,422400
2010-06-22,16.016666412353516,16.239999771118164,15.670000076293945,15.680000305175781,13.269217491149902,324600
2010-06-23,15.736666679382324,15.9399995803833,15.479999542236328,15.743332862854004,13.322813987731934,353700
2010-06-24,15.673333168029785,15.673333168029785,15.279999732971191,15.326666831970215,12.970206260681152,404100
2010-06-25,15.40666675567627,15.433333396911621,15.100000381469727,15.369999885559082,13.006878852844238,241200
2010-06-28,15.353333473205566,15.626667022705078,15.270000457763672,15.476667404174805,13.097149848937988,887400
2010-06-29,15.15666675567627,15.15999984741211,14.733332633972168,14.819999694824219,12.541438102722168,576000
2010-06-30,14.853333473205566,14.993332862854004,14.526666641235352,14.569999694824219,12.329876899719238,321300
2010-07-01,14.539999961853027,14.699999809265137,14.166666984558105,14.543333053588867,12.307316780090332,753600
2010-07-02,14.550000190734863,14.603333473205566,14.286666870117188,14.466667175292969,12.242432594299316,434700
2010-07-06,14.66333293914795,14.796667098999023,14.3100004196167,14.426667213439941,12.208586692810059,223500
2010-07-07,14.453332901000977,15.210000038146973,14.453332901000977,15.196666717529297,12.860198020935059,165300
2010-07-08,15.369999885559082,15.369999885559082,14.933333396911621,15.176667213439941,12.84327220916748,405000
2010-07-09,15.123332977294922,15.393333435058594,15.119999885559082,15.393333435058594,13.026626586914062,293700
2010-07-12,15.3100004196167,15.583333015441895,15.3100004196167,15.486666679382324,13.105607986450195,762600
2010-07-13,15.666666984558105,15.90666675567627,15.59333324432373,15.833333015441895,13.398971557617188,301800
2010-07-14,16.040000915527344,16.14666748046875,15.733332633972168,15.80666732788086,13.376411437988281,656700
2010-07-15,15.826666831970215,15.833333015441895,15.49666690826416,15.783332824707031,13.356660842895508,255300
2010-07-16,15.636667251586914,15.696666717529297,15.316666603088379,15.316666603088379,12.961746215820312,166200
2010-07-19,15.369999885559082,15.736666679382324,15.369999885559082,15.729999542236328,13.31152629852295,237300
2010-07-20,15.266667366027832,15.729999542236328,15.146666526794434,15.710000038146973,13.294607162475586,501000
2010-07-21,15.733332633972168,15.733332633972168,15.353333473205566,15.393333435058594,13.026626586914062,417000
2010-07-22,15.510000228881836,15.963333129882812,15.510000228881836,15.90999984741211,13.463855743408203,169800
2010-07-23,15.84000015258789,16.05666732788086,15.696666717529297,16.03333282470703,13.56822395324707,292800
2010-07-26,16.00666618347168,16.290000915527344,15.866666793823242,16.290000915527344,13.785433769226074,221400
2010-07-27,16.343332290649414,16.360000610351562,16.1200008392334,16.149999618530273,13.66695499420166,316500
2010-07-28,16.110000610351562,16.213333129882812,15.800000190734863,15.883333206176758,13.441288948059082,336000
2010-07-29,15.966667175292969,15.966667175292969,15.333333015441895,15.493332862854004,13.11125373840332,351300
2010-07-30,15.239999771118164,15.433333396911621,15.08666706085205,15.326666831970215,12.970206260681152,263400
2010-08-02,15.513333320617676,15.649999618530273,15.373332977294922,15.563332557678223,13.170485496520996,1021800
2010-08-03,15.476667404174805,15.486666679382324,15.333333015441895,15.423333168029785,13.052013397216797,170400
2010-08-04,15.470000267028809,15.579999923706055,15.300000190734863,15.566666603088379,13.173309326171875,766800
2010-08-05,15.493332862854004,15.640000343322754,15.433333396911621,15.526666641235352,13.139458656311035,164100
2010-08-06,15.350000381469727,15.623332977294922,15.333333015441895,15.529999732971191,13.142282485961914,662400
2010-08-09,15.680000305175781,15.69333267211914,15.453332901000977,15.630000114440918,13.226902961730957,136200
2010-08-10,15.473333358764648,15.473333358764648,15.106666564941406,15.25333309173584,12.908151626586914,798300
2010-08-11,14.930000305175781,14.930000305175781,14.55666732788086,14.653332710266113,12.400396347045898,641700
2010-08-12,14.346667289733887,14.516667366027832,14.1899995803833,14.426667213439941,12.208586692810059,688500
2010-08-13,14.376667022705078,14.583333015441895,14.316666603088379,14.329999923706055,12.126781463623047,187800
2010-08-16,14.266667366027832,14.489999771118164,14.176667213439941,14.369999885559082,12.160628318786621,225300
2010-08-17,14.486666679382324,14.710000038146973,14.436667442321777,14.569999694824219,12.329876899719238,173700
2010-08-18,14.58666706085205,14.819999694824219,14.516667366027832,14.743332862854004,12.476564407348633,988800
2010-08-19,14.65666675567627,14.773332595825195,14.446666717529297,14.529999732971191,12.296031951904297,316800
2010-08-20,14.483332633972168,14.649999618530273,14.40999984741211,14.533332824707031,12.298849105834961,357300
2010-08-23,14.59000015258789,14.676667213439941,14.356666564941406,14.376667022705078,12.166274070739746,438000
2010-08-24,14.186667442321777,14.296667098999023,14.0,14.15666675567627,11.980096817016602,458700
2010-08-25,14.033332824707031,14.303333282470703,13.90999984741211,14.273332595825195,12.078822135925293,161700
2010-08-26,14.34000015258789,14.353333473205566,14.0,14.05666732788086,11.895466804504395,212100
2010-08-27,14.15666675567627,14.403332710266113,13.770000457763672,14.366666793823242,12.157809257507324,551100
2010-08-30,14.296667098999023,14.303333282470703,13.979999542236328,13.983332633972168,11.833412170410156,510300
2010-08-31,13.903332710266113,14.05666732788086,13.649999618530273,13.723333358764648,11.613387107849121,563700
2010-09-01,13.9399995803833,14.256667137145996,13.936667442321777,14.116666793823242,11.946247100830078,245100
2010-09-02,14.126667022705078,14.416666984558105,14.126667022705078,14.403332710266113,12.188837051391602,200700
2010-09-03,14.606666564941406,14.736666679382324,14.40666675567627,14.680000305175781,12.42296314239502,133500
2010-09-07,14.576666831970215,14.630000114440918,14.3100004196167,14.33666706085205,12.132420539855957,73200
2010-09-08,14.363332748413086,14.363332748413086,14.140000343322754,14.273332595825195,12.078822135925293,98700
2010-09-09,14.433333396911621,14.466667175292969,14.266667366027832,14.300000190734863,12.10139274597168,1473600
2010-09-10,14.286666870117188,14.319999694824219,13.920000076293945,14.123332977294922,11.951885223388672,294000
2010-09-13,14.256667137145996,14.600000381469727,14.243332862854004,14.573332786560059,12.332700729370117,401700
2010-09-14,14.55666732788086,14.923333168029785,14.416666984558105,14.84333324432373,12.561187744140625,945000
2010-09-15,14.760000228881836,14.850000381469727,14.609999656677246,14.819999694824219,12.541438102722168,255600
2010-09-16,14.793333053588867,14.970000267028809,14.713333129882812,14.9399995803833,12.642991065979004,1183800
2010-09-17,15.036666870117188,15.043333053588867,14.883333206176758,14.949999809265137,12.651453018188477,668700
2010-09-20,15.013333320617676,15.106666564941406,14.84333324432373,15.076666831970215,12.758644104003906,1079400
2010-09-21,15.076666831970215,15.229999542236328,15.013333320617676,15.109999656677246,12.786852836608887,801900
2010-09-22,15.0,15.079999923706055,14.776666641235352,14.873332977294922,12.58657455444336,261900
2010-09-23,14.743332862854004,15.226667404174805,14.666666984558105,14.963333129882812,12.662734031677246,550200
2010-09-24,15.173333168029785,15.630000114440918,15.173333168029785,15.630000114440918,13.226902961730957,770400
2010-09-27,15.59333324432373,15.666666984558105,15.466667175292969,15.550000190734863,13.159208297729492,1869900
2010-09-28,15.623332977294922,15.863332748413086,15.386667251586914,15.823332786560059,13.390515327453613,688200
2010-09-29,15.726667404174805,15.99666690826416,15.726667404174805,15.863332748413086,13.42436695098877,835500
2010-09-30,15.94333267211914,16.053333282470703,15.613332748413086,15.770000457763672,13.345377922058105,3003300
2010-10-01,15.873332977294922,15.920000076293945,15.600000381469727,15.75333309173584,13.33127498626709,338700
2010-10-04,15.66333293914795,15.733332633972168,15.359999656677246,15.536666870117188,13.147919654846191,577500
2010-10-05,15.69333267211914,15.973333358764648,15.66333293914795,15.933333396911621,13.483602523803711,2149800
2010-10-06,15.893333435058594,15.903332710266113,15.563332557678223,15.6899995803833,13.277679443359375,664500
2010-10-07,15.760000228881836,15.796667098999023,15.573332786560059,15.75,13.328452110290527,1087800
2010-10-08,15.75,15.930000305175781,15.529999732971191,15.899999618530273,13.455389022827148,1113600
2010-10-11,15.890000343322754,16.143333435058594,15.890000343322754,16.023332595825195,13.55976390838623,1359900
2010-10-12,15.966667175292969,16.190000534057617,15.856666564941406,16.136667251586914,13.655673027038574,937200
2010-10-13,16.18666648864746,16.18666648864746,15.963333129882812,16.106666564941406,13.63028621673584,944100
2010-10-14,16.066667556762695,16.239999771118164,15.993332862854004,16.066667556762695,13.596435546875,708300
2010-10-15,15.033332824707031,16.299999237060547,15.020000457763672,16.133333206176758,13.652853012084961,822300
2010-10-18,16.049999237060547,16.100000381469727,15.899999618530273,16.023332595825195,13.55976390838623,1510800
2010-10-19,15.786666870117188,16.083332061767578,15.643333435058594,15.800000190734863,13.370767593383789,771000
2010-10-20,15.84333324432373,15.966667175292969,15.703332901000977,15.90666675567627,13.46103572845459,1115700
2010-10-21,15.90666675567627,15.930000305175781,15.680000305175781,15.813332557678223,13.382058143615723,1240500
2010-10-22,15.816666603088379,16.163333892822266,15.816666603088379,16.1200008392334,13.641569137573242,936000
2010-10-25,16.21666717529297,16.406667709350586,16.21666717529297,16.30666732788086,13.799534797668457,969000
2010-10-26,16.22333335876465,16.309999465942383,16.083332061767578,16.23666763305664,13.740296363830566,749400
2010-10-27,16.25666618347168,16.75666618347168,16.25666618347168,16.75,14.174705505371094,2363100
2010-10-28,16.773332595825195,16.793333053588867,16.549999237060547,16.75666618347168,14.18034553527832,3502500
2010-10-29,16.706666946411133,16.90333366394043,16.706666946411133,16.860000610351562,14.267794609069824,561600
2010-11-01,16.969999313354492,16.969999313354492,16.67333221435547,16.80666732788086,14.222662925720215,750600
2010-11-02,16.90999984741211,16.996667861938477,16.81999969482422,16.920000076293945,14.31856918334961,1857300
2010-11-03,16.953332901000977,17.100000381469727,16.843332290649414,17.093332290649414,14.465251922607422,413100
2010-11-04,17.30666732788086,17.643333435058594,17.30666732788086,17.626667022705078,14.916583061218262,447900
2010-11-05,17.613332748413086,17.81999969482422,17.60333251953125,17.739999771118164,15.012495040893555,446400
2010-11-08,17.703332901000977,17.866666793823242,17.663333892822266,17.73666763305664,15.009675979614258,847200
2010-11-09,17.760000228881836,17.760000228881836,17.469999313354492,17.546667098999023,14.84887981414795,225600
2010-11-10,17.52666664123535,17.546667098999023,17.30666732788086,17.530000686645508,14.8347806930542,1402800
2010-11-11,17.043333053588867,17.373332977294922,16.886667251586914,17.336666107177734,14.671170234680176,483600
2010-11-12,17.266666412353516,17.59000015258789,17.139999389648438,17.329999923706055,14.665531158447266,1605000
2010-11-15,17.43000030517578,17.483333587646484,17.190000534057617,17.200000762939453,14.555521965026855,172500
2010-11-16,17.079999923706055,17.209999084472656,16.863332748413086,16.953332901000977,14.34677791595459,916200
2010-11-17,16.876667022705078,17.123332977294922,16.876667022705078,16.940000534057617,14.335497856140137,175200
2010-11-18,17.110000610351562,17.31333351135254,17.110000610351562,17.246667861938477,14.595010757446289,305100
2010-11-19,17.213333129882812,17.573333740234375,17.213333129882812,17.51333236694336,14.820680618286133,194700
2010-11-22,17.51333236694336,17.74333381652832,17.483333587646484,17.73666763305664,15.009675979614258,343500
2010-11-23,17.549999237060547,17.69333267211914,17.520000457763672,17.606666564941406,14.899660110473633,689400
2010-11-24,17.72333335876465,18.083332061767578,17.72333335876465,18.049999237060547,15.274836540222168,524400
2010-11-26,17.956666946411133,18.049999237060547,17.89666748046875,17.93666648864746,15.178929328918457,165900
2010-11-29,17.843332290649414,17.94333267211914,17.69333267211914,17.90999984741211,15.156359672546387,420900
2010-11-30,17.729999542236328,17.78333282470703,17.636667251586914,17.683332443237305,14.964543342590332,1418400
2010-12-01,17.96666717529297,18.27666664123535,17.96666717529297,18.21666717529297,15.415872573852539,473700
2010-12-02,18.30666732788086,18.600000381469727,18.30666732788086,18.57666778564453,15.720531463623047,695100
2010-12-03,18.450000762939453,18.719999313354492,18.450000762939453,18.670000076293945,15.799508094787598,656400
2010-12-06,18.706666946411133,18.706666946411133,18.516666412353516,18.65999984741211,15.791044235229492,702900
2010-12-07,18.84000015258789,18.926666259765625,18.639999389648438,18.639999389648438,15.774125099182129,292200
2010-12-08,18.623332977294922,18.82666778564453,18.600000381469727,18.799999237060547,15.909524917602539,218700
2010-12-09,18.913333892822266,18.916667938232422,18.793333053588867,18.856666564941406,15.957480430603027,99900
2010-12-10,18.893333435058594,18.926666259765625,18.799999237060547,18.860000610351562,15.960294723510742,57300
2010-12-13,18.969999313354492,18.983333587646484,18.72333335876465,18.733333587646484,15.853108406066895,682200
2010-12-14,18.770000457763672,18.78333282470703,18.546667098999023,18.610000610351562,15.74873161315918,365100
2010-12-15,18.553333282470703,18.65333366394043,18.383333206176758,18.40999984741211,15.579486846923828,203400
2010-12-16,18.416667938232422,18.57666778564453,18.40999984741211,18.510000228881836,15.664106369018555,1235700
2010-12-17,18.536666870117188,18.683332443237305,18.536666870117188,18.6299991607666,15.76565933227539,485400
2010-12-20,18.59666633605957,18.59666633605957,18.40333366394043,18.47333335876465,15.633084297180176,177300
2010-12-21,18.549999237060547,18.64666748046875,18.546667098999023,18.59000015258789,15.731813430786133,117300
2010-12-22,18.510000228881836,18.613332748413086,18.413333892822266,18.610000610351562,15.74873161315918,1719000
2010-12-23,18.586666107177734,18.600000381469727,18.50666618347168,18.55666732788086,15.703603744506836,251700
2010-12-27,18.516666412353516,18.600000381469727,18.32666778564453,18.579999923706055,15.723345756530762,149700
2010-12-28,18.6200008392334,18.6200008392334,18.433332443237305,18.503332138061523,15.658470153808594,120900
2010-12-29,18.573333740234375,18.573333740234375,18.483333587646484,18.50666618347168,15.661282539367676,53100
2010-12-30,18.48666763305664,18.60333251953125,18.48666763305664,18.56333351135254,15.709246635437012,125400
2010-12-31,18.483333587646484,18.566667556762695,18.453332901000977,18.566667556762695,15.712068557739258,53700
2011-01-03,18.656667709350586,18.889999389648438,18.6200008392334,18.666667938232422,15.796689987182617,343500
2011-01-04,18.75666618347168,18.843332290649414,18.53333282470703,18.713333129882812,15.836177825927734,273900
2011-01-05,18.60333251953125,18.793333053588867,18.56333351135254,18.773332595825195,15.886953353881836,137700
2011-01-06,18.876667022705078,19.143333435058594,18.843332290649414,19.110000610351562,16.171859741210938,978300
2011-01-07,19.163333892822266,19.246667861938477,18.863332748413086,19.163333892822266,16.21698760986328,4041300
2011-01-10,19.106666564941406,19.40333366394043,19.07666778564453,19.3700008392334,16.391887664794922,768600
2011-01-11,19.479999542236328,19.479999542236328,19.31999969482422,19.420000076293945,16.4341983795166,132300
2011-01-12,19.549999237060547,19.809999465942383,19.43666648864746,19.799999237060547,16.75577163696289,459000
2011-01-13,19.816667556762695,19.8799991607666,19.700000762939453,19.81333351135254,16.767047882080078,687900
2011-01-14,19.866666793823242,20.343332290649414,19.866666793823242,20.34000015258789,17.212743759155273,1652100
2011-01-18,20.26333236694336,20.34000015258789,20.15999984741211,20.28333282470703,17.16478729248047,741600
2011-01-19,20.10333251953125,20.123332977294922,19.74333381652832,19.793333053588867,16.75012969970703,2770800
2011-01-20,19.633333206176758,19.633333206176758,19.30666732788086,19.59000015258789,16.578060150146484,1370700
2011-01-21,19.74333381652832,19.770000457763672,19.413333892822266,19.450000762939453,16.4595890045166,276000
2011-01-24,19.520000457763672,19.90999984741211,19.5,19.899999618530273,16.840394973754883,1881300
2011-01-25,19.850000381469727,19.8799991607666,19.633333206176758,19.760000228881836,16.7219295501709,381900
2011-01-26,19.84000015258789,19.983333587646484,19.719999313354492,19.920000076293945,16.85732650756836,422100
2011-01-27,20.06333351135254,20.356666564941406,20.06333351135254,20.309999465942383,17.187358856201172,294000
2011-01-28,20.363332748413086,20.39666748046875,19.649999618530273,19.753332138061523,16.71628189086914,464100
2011-01-31,19.760000228881836,19.92333221435547,19.393333435058594,19.829999923706055,16.78116226196289,179100
2011-02-01,20.010000228881836,20.426666259765625,20.010000228881836,20.323333740234375,17.198650360107422,1026000
2011-02-02,20.253332138061523,20.520000457763672,20.209999084472656,20.43000030517578,17.288915634155273,446100
2011-02-03,20.46666717529297,20.49333381652832,20.26333236694336,20.446666717529297,17.303016662597656,414300
2011-02-04,20.50666618347168,20.876667022705078,20.489999771118164,20.876667022705078,17.66690444946289,1151700
2011-02-07,20.93666648864746,21.0,20.72333335876465,20.793333053588867,17.596378326416016,508800
2011-02-08,20.790000915527344,20.796667098999023,20.616666793823242,20.793333053588867,17.596378326416016,297000
2011-02-09,20.709999084472656,20.78333282470703,20.573333740234375,20.64666748046875,17.47226333618164,135300
2011-02-10,20.406667709350586,20.706666946411133,20.343332290649414,20.67333221435547,17.49483299255371,1100700
2011-02-11,20.559999465942383,20.913333892822266,20.530000686645508,20.84000015258789,17.635873794555664,267000
2011-02-14,20.873332977294922,21.17333221435547,20.873332977294922,21.010000228881836,17.77972984313965,210300
2011-02-15,20.979999542236328,20.979999542236328,20.72333335876465,20.796667098999023,17.59920310974121,219600
2011-02-16,20.956666946411133,21.07666778564453,20.886667251586914,21.01333236694336,17.782554626464844,264600
2011-02-17,20.926666259765625,21.376667022705078,20.926666259765625,21.329999923706055,18.050533294677734,621600
2011-02-18,21.356666564941406,21.39666748046875,21.183332443237305,21.280000686645508,18.008222579956055,243000
2011-02-22,20.8700008392334,20.92333221435547,20.376667022705078,20.446666717529297,17.303016662597656,488400
2011-02-23,20.48666763305664,20.48666763305664,19.78333282470703,20.053333282470703,16.970151901245117,405300
2011-02-24,20.053333282470703,20.416667938232422,20.02666664123535,20.366666793823242,17.235313415527344,459600
2011-02-25,20.633333206176758,20.916667938232422,20.59666633605957,20.893333435058594,17.68100929260254,1692000
2011-02-28,20.97333335876465,21.02666664123535,20.479999542236328,20.69333267211914,17.511760711669922,253500
2011-03-01,20.726667404174805,20.770000457763672,20.266666412353516,20.290000915527344,17.170434951782227,844500
2011-03-02,20.273332595825195,20.81333351135254,20.273332595825195,20.546667098999023,17.38764190673828,3923100
2011-03-03,20.75666618347168,21.03333282470703,20.75666618347168,20.94333267211914,17.72332191467285,591900
2011-03-04,20.916667938232422,20.92333221435547,20.613332748413086,20.770000457763672,17.576635360717773,4838100
2011-03-07,20.843332290649414,20.843332290649414,19.969999313354492,20.200000762939453,17.094276428222656,867000
2011-03-08,20.176666259765625,20.393333435058594,19.99333381652832,20.219999313354492,17.11119842529297,1839300
2011-03-09,20.116666793823242,20.116666793823242,19.56999969482422,19.593332290649414,16.580881118774414,1835100
2011-03-10,19.30666732788086,19.386667251586914,19.079999923706055,19.09666633605957,16.160572052001953,1764900
2011-03-11,18.969999313354492,19.336666107177734,18.969999313354492,19.31333351135254,16.343931198120117,626400
2011-03-14,19.22333335876465,19.510000228881836,19.139999389648438,19.270000457763672,16.307260513305664,4028700
2011-03-15,18.65999984741211,19.14666748046875,18.440000534057617,19.016666412353516,16.092878341674805,1566900
2011-03-16,18.913333892822266,19.233333587646484,18.479999542236328,18.616666793823242,15.754382133483887,6734100
2011-03-17,18.96666717529297,19.066667556762695,18.773332595825195,18.84000015258789,15.943370819091797,4530600
2011-03-18,19.133333206176758,19.14666748046875,18.84000015258789,18.920000076293945,16.01106834411621,1270200
2011-03-21,19.190000534057617,19.366666793823242,19.139999389648438,19.260000228881836,16.29879379272461,754200
2011-03-22,19.25,19.25,19.046667098999023,19.07666778564453,16.143648147583008,689400
2011-03-23,19.00666618347168,19.293333053588867,18.886667251586914,19.260000228881836,16.29879379272461,1657800
2011-03-24,19.440000534057617,19.773332595825195,19.39666748046875,19.729999542236328,16.696533203125,904800
2011-03-25,19.766666412353516,19.860000610351562,19.636667251586914,19.65999984741211,16.662351608276367,1090200
2011-03-28,19.78333282470703,19.836666107177734,19.65333366394043,19.663333892822266,16.66517448425293,1275600
2011-03-29,19.656667709350586,19.860000610351562,19.479999542236328,19.860000610351562,16.83185577392578,633600
2011-03-30,20.05666732788086,20.05666732788086,19.72333335876465,19.883333206176758,16.851625442504883,238200
2011-03-31,19.850000381469727,19.906667709350586,19.639999389648438,19.696666717529297,16.693424224853516,183300
2011-04-01,19.809999465942383,19.809999465942383,19.416667938232422,19.479999542236328,16.50980567932129,555000
2011-04-04,19.553333282470703,19.553333282470703,19.196666717529297,19.30666732788086,16.36289405822754,677400
2011-04-05,19.636667251586914,19.899999618530273,19.613332748413086,19.739999771118164,16.73015022277832,814200
2011-04-06,19.940000534057617,20.073333740234375,19.863332748413086,20.043333053588867,16.987232208251953,268800
2011-04-07,20.05666732788086,20.05666732788086,19.766666412353516,19.976667404174805,16.93073272705078,2364900
2011-04-08,20.073333740234375,20.1200008392334,19.706666946411133,19.809999465942383,16.78948402404785,289200
2011-04-11,19.809999465942383,19.836666107177734,19.573333740234375,19.643333435058594,16.648225784301758,371100
2011-04-12,19.50666618347168,19.50666618347168,19.123332977294922,19.226667404174805,16.295093536376953,692400
2011-04-13,19.343332290649414,19.40333366394043,19.15999984741211,19.273332595825195,16.334640502929688,1275000
2011-04-14,19.116666793823242,19.30666732788086,19.01333236694336,19.303333282470703,16.360063552856445,337200
2011-04-15,19.25,19.46666717529297,19.149999618530273,19.40333366394043,16.4448184967041,558300
2011-04-18,19.166667938232422,19.170000076293945,18.916667938232422,19.05666732788086,16.151012420654297,352500
2011-04-19,19.03333282470703,19.156667709350586,18.989999771118164,19.136667251586914,16.21881866455078,242100
2011-04-20,19.683332443237305,19.96666717529297,19.670000076293945,19.946666717529297,16.90530776977539,838500
2011-04-21,20.106666564941406,20.106666564941406,19.8700008392334,19.96666717529297,16.922258377075195,204600
2011-04-25,19.983333587646484,20.05666732788086,19.906667709350586,19.979999542236328,16.933563232421875,527100
2011-04-26,20.0,20.34000015258789,20.0,20.30666732788086,17.21041488647461,282300
2011-04-27,20.166667938232422,20.32666778564453,20.06999969482422,20.293333053588867,17.199125289916992,230700
2011-04-28,20.239999771118164,20.303333282470703,20.05666732788086,20.190000534057617,17.11153793334961,136200
2011-04-29,20.156667709350586,20.286666870117188,20.156667709350586,20.260000228881836,17.170860290527344,127800
2011-05-02,20.32666778564453,20.32666778564453,20.03333282470703,20.07666778564453,17.01548957824707,228600
2011-05-03,19.983333587646484,20.030000686645508,19.69333267211914,19.829999923706055,16.80643081665039,346800
2011-05-04,19.906667709350586,19.989999771118164,19.586666107177734,19.823333740234375,16.800777435302734,794400
2011-05-05,19.72333335876465,20.06999969482422,19.69333267211914,19.876667022705078,16.845989227294922,258000
2011-05-06,20.1200008392334,20.24333381652832,19.950000762939453,20.03333282470703,16.978757858276367,282600
2011-05-09,20.053333282470703,20.053333282470703,19.829999923706055,19.950000762939453,16.90813636779785,516900
2011-05-10,19.99333381652832,20.110000610351562,19.959999084472656,20.046667098999023,16.99005699157715,146700
2011-05-11,20.100000381469727,20.143333435058594,19.78333282470703,19.899999618530273,16.865758895874023,200100
2011-05-12,19.81333351135254,20.239999771118164,19.793333053588867,20.15999984741211,17.086109161376953,341400
2011-05-13,20.133333206176758,20.19333267211914,19.899999618530273,19.913333892822266,16.877052307128906,130500
2011-05-16,19.836666107177734,20.040000915527344,19.59666633605957,19.633333206176758,16.639755249023438,735900
2011-05-17,19.52666664123535,19.543333053588867,19.200000762939453,19.389999389648438,16.43352699279785,1129200
2011-05-18,19.399999618530273,19.786666870117188,19.399999618530273,19.74333381652832,16.732980728149414,150900
2011-05-19,19.700000762939453,19.700000762939453,19.406667709350586,19.57666778564453,16.591732025146484,602700
2011-05-20,19.579999923706055,19.636667251586914,19.426666259765625,19.536666870117188,16.557825088500977,322500
2011-05-23,19.299999237060547,19.299999237060547,19.123332977294922,19.136667251586914,16.21881866455078,274200
2011-05-24,19.233333587646484,19.23666763305664,18.96666717529297,18.969999313354492,16.077558517456055,1470900
2011-05-25,18.899999618530273,19.213333129882812,18.889999389648438,19.139999389648438,16.22163200378418,872100
2011-05-26,19.116666793823242,19.350000381469727,19.059999465942383,19.31999969482422,16.37419319152832,372600
2011-05-27,19.463333129882812,19.633333206176758,19.463333129882812,19.549999237060547,16.569120407104492,1218000
2011-05-31,19.760000228881836,19.866666793823242,19.670000076293945,19.84666633605957,16.82056427001953,696300
2011-06-01,19.82666778564453,19.82666778564453,19.246667861938477,19.270000457763672,16.331817626953125,756600
2011-06-02,19.316667556762695,19.450000762939453,19.170000076293945,19.246667861938477,16.31203842163086,489600
2011-06-03,19.023332595825195,19.18666648864746,18.886667251586914,18.90999984741211,16.026710510253906,531600
2011-06-06,18.8700008392334,18.956666946411133,18.753332138061523,18.773332595825195,15.91087532043457,1011600
2011-06-07,18.883333206176758,19.053333282470703,18.850000381469727,18.850000381469727,15.97585678100586,891600
2011-06-08,18.760000228881836,18.760000228881836,18.420000076293945,18.483333587646484,15.665096282958984,778500
2011-06-09,18.489999771118164,18.606666564941406,18.39666748046875,18.496667861938477,15.676403999328613,1505700
2011-06-10,18.42333221435547,18.433332443237305,18.07666778564453,18.200000762939453,15.424967765808105,408000
2011-06-13,18.229999542236328,18.299999237060547,17.96666717529297,18.040000915527344,15.289361953735352,450000
2011-06-14,18.323333740234375,18.46666717529297,18.299999237060547,18.356666564941406,15.557744026184082,871500
2011-06-15,18.190000534057617,18.299999237060547,17.98666763305664,18.020000457763672,15.272416114807129,468300
2011-06-16,18.0,18.040000915527344,17.656667709350586,17.81333351135254,15.097256660461426,580200
2011-06-17,17.98666763305664,17.98666763305664,17.489999771118164,17.549999237060547,14.874068260192871,938700
2011-06-20,17.49333381652832,17.636667251586914,17.483333587646484,17.573333740234375,14.893852233886719,1503300
2011-06-21,17.690000534057617,18.040000915527344,17.573333740234375,17.98666763305664,15.244166374206543,1037100
2011-06-22,17.950000762939453,18.100000381469727,17.8700008392334,17.916667938232422,15.184829711914062,590100
2011-06-23,17.713333129882812,18.15999984741211,17.579999923706055,18.139999389648438,15.40478229522705,533100
2011-06-24,18.10333251953125,18.10333251953125,17.67333221435547,17.72333335876465,15.050935745239258,346800
2011-06-27,17.76333236694336,17.886667251586914,17.55666732788086,17.81333351135254,15.127371788024902,253500
2011-06-28,17.860000610351562,18.059999465942383,17.850000381469727,18.053333282470703,15.331182479858398,272400
2011-06-29,18.106666564941406,18.170000076293945,17.940000534057617,18.07666778564453,15.35100269317627,470400
2011-06-30,18.110000610351562,18.56333351135254,18.110000610351562,18.5,15.710497856140137,378600
2011-07-01,18.51333236694336,18.94333267211914,18.476667404174805,18.89666748046875,16.047351837158203,305400
2011-07-05,18.899999618530273,18.94333267211914,18.65999984741211,18.746667861938477,15.919974327087402,503100
2011-07-06,18.636667251586914,18.649999618530273,18.43666648864746,18.59666633605957,15.792591094970703,870600
2011-07-07,18.75666618347168,19.059999465942383,18.72333335876465,18.950000762939453,16.092639923095703,512700
2011-07-08,18.75,18.75,18.496667861938477,18.690000534057617,15.87185287475586,508200
2011-07-11,18.476667404174805,18.703332901000977,18.299999237060547,18.366666793823242,15.597267150878906,352800
2011-07-12,18.196666717529297,18.196666717529297,17.739999771118164,17.84000015258789,15.150014877319336,861600
2011-07-13,17.933332443237305,18.049999237060547,17.703332901000977,17.78333282470703,15.101892471313477,1169100
2011-07-14,17.799999237060547,18.003332138061523,17.476667404174805,17.520000457763672,14.878267288208008,502800
2011-07-15,17.626667022705078,17.626667022705078,17.3799991607666,17.59000015258789,14.93770980834961,603000
2011-07-18,17.5,17.583332061767578,17.213333129882812,17.376667022705078,14.756546020507812,967200
2011-07-19,17.536666870117188,17.963333129882812,17.536666870117188,17.920000076293945,15.217954635620117,1461600
2011-07-20,17.983333587646484,18.02666664123535,17.746667861938477,17.850000381469727,15.158512115478516,1185000
2011-07-21,17.816667556762695,18.046667098999023,17.573333740234375,17.983333587646484,15.271733283996582,890100
2011-07-22,18.059999465942383,18.479999542236328,18.059999465942383,18.420000076293945,15.642557144165039,541800
2011-07-25,18.229999542236328,18.299999237060547,18.1200008392334,18.203332901000977,15.458552360534668,522900
2011-07-26,18.286666870117188,18.549999237060547,18.286666870117188,18.32666778564453,15.563304901123047,767400
2011-07-27,18.15999984741211,18.15999984741211,17.626667022705078,17.67333221435547,15.008476257324219,1825200
2011-07-28,17.663333892822266,17.90999984741211,17.453332901000977,17.636667251586914,14.977340698242188,579300
2011-07-29,17.366666793823242,17.639999389648438,17.239999771118164,17.489999771118164,14.852787017822266,453600
2011-08-01,17.733333587646484,17.796667098999023,17.229999542236328,17.469999313354492,14.835807800292969,960300
2011-08-02,17.343332290649414,17.43000030517578,16.933332443237305,16.963333129882812,14.405538558959961,1719300
2011-08-03,16.946666717529297,17.17333221435547,16.60333251953125,17.163333892822266,14.575382232666016,977700
2011-08-04,16.89666748046875,16.93000030517578,16.15333366394043,16.17333221435547,13.734654426574707,2032200
2011-08-05,16.299999237060547,16.530000686645508,15.366666793823242,15.846667289733887,13.457244873046875,4278000
2011-08-08,15.390000343322754,15.603333473205566,14.91333293914795,15.0,12.738243103027344,3100500
2011-08-09,15.216667175292969,15.699999809265137,14.779999732971191,15.670000076293945,13.307215690612793,1929000
2011-08-10,15.313332557678223,15.853333473205566,15.146666526794434,15.369999885559082,13.052450180053711,2515800
2011-08-11,15.59333324432373,16.333332061767578,15.539999961853027,16.1299991607666,13.697856903076172,1651500
2011-08-12,16.376667022705078,16.40999984741211,15.966667175292969,16.06333351135254,13.641239166259766,1017600
2011-08-15,16.139999389648438,16.383333206176758,16.106666564941406,16.373332977294922,13.904502868652344,726600
2011-08-16,16.253332138061523,16.35333251953125,15.873332977294922,16.079999923706055,13.655391693115234,840900
2011-08-17,16.016666412353516,16.323333740234375,15.819999694824219,15.973333358764648,13.564810752868652,627300
2011-08-18,15.529999732971191,15.529999732971191,14.930000305175781,15.050000190734863,12.780704498291016,2017200
2011-08-19,14.886667251586914,15.356666564941406,14.723333358764648,14.773332595825195,12.54574966430664,1557600
2011-08-22,15.05666732788086,15.183333396911621,14.783332824707031,14.863332748413086,12.62218189239502,982500
2011-08-23,14.9399995803833,15.649999618530273,14.923333168029785,15.626667022705078,13.270421028137207,1768200
2011-08-24,15.636667251586914,15.776666641235352,15.329999923706055,15.640000343322754,13.28174114227295,1244400
2011-08-25,15.529999732971191,15.729999542236328,15.186667442321777,15.229999542236328,12.93355941772461,768000
2011-08-26,15.233332633972168,15.710000038146973,15.006667137145996,15.653332710266113,13.293065071105957,600000
2011-08-29,15.876667022705078,16.219999313354492,15.856666564941406,16.200000762939453,13.757303237915039,412200
2011-08-30,16.09666633605957,16.30666732788086,16.01333236694336,16.196666717529297,13.754467964172363,287700
2011-08-31,16.299999237060547,16.456666946411133,15.986666679382324,16.113332748413086,13.683703422546387,510000
2011-09-01,16.106666564941406,16.323333740234375,15.819999694824219,15.850000381469727,13.460076332092285,735000
2011-09-02,15.583333015441895,15.616666793823242,15.383333206176758,15.473333358764648,13.140203475952148,600000
2011-09-06,14.953332901000977,15.383333206176758,14.946666717529297,15.369999885559082,13.052450180053711,948000
2011-09-07,15.633333206176758,16.043333053588867,15.633333206176758,16.023332595825195,13.607272148132324,2767500
2011-09-08,15.923333168029785,16.32666778564453,15.866666793823242,15.953332901000977,13.54782485961914,474300
2011-09-09,15.866666793823242,16.19333267211914,15.676667213439941,15.783332824707031,13.403461456298828,1072200
2011-09-12,15.596667289733887,16.260000228881836,15.596667289733887,16.239999771118164,13.791271209716797,4078500
2011-09-13,16.363332748413086,16.623332977294922,16.226667404174805,16.559999465942383,14.06302261352539,1588200
2011-09-14,16.713333129882812,17.183332443237305,16.600000381469727,16.98666763305664,14.425344467163086,2478000
2011-09-15,17.23666763305664,17.290000915527344,17.03333282470703,17.260000228881836,14.657464027404785,1665000
2011-09-16,16.946666717529297,17.463333129882812,16.946666717529297,17.28333282470703,14.677290916442871,2793000
2011-09-19,16.96666717529297,17.190000534057617,16.809999465942383,17.100000381469727,14.521599769592285,1192200
2011-09-20,17.166667938232422,17.22333335876465,16.856666564941406,16.8799991607666,14.334770202636719,1483500
2011-09-21,16.94333267211914,17.06999969482422,16.536666870117188,16.540000915527344,14.046036720275879,1728600
2011-09-22,16.06999969482422,16.1200008392334,15.703332901000977,15.983332633972168,13.573304176330566,3060300
2011-09-23,15.866666793823242,16.360000610351562,15.776666641235352,16.273332595825195,13.81957721710205,2553000
2011-09-26,16.373332977294922,16.373332977294922,15.853333473205566,16.219999313354492,13.809927940368652,1644900
2011-09-27,16.530000686645508,16.850000381469727,16.433332443237305,16.516666412353516,14.06251049041748,1397700
2011-09-28,16.536666870117188,16.59666633605957,16.036666870117188,16.05666732788086,13.670860290527344,1131900
2011-09-29,16.286666870117188,16.309999465942383,15.533332824707031,15.850000381469727,13.494901657104492,1040400
2011-09-30,15.596667289733887,15.733332633972168,15.296667098999023,15.30666732788086,13.032304763793945,1597200
2011-10-03,15.19333267211914,15.359999656677246,14.729999542236328,14.739999771118164,12.549836158752441,1117200
2011-10-04,14.520000457763672,15.359999656677246,14.513333320617676,15.326666831970215,13.04932975769043,3465000
2011-10-05,15.326666831970215,15.873332977294922,15.143333435058594,15.813332557678223,13.463685035705566,1379100
2011-10-06,15.813332557678223,16.03333282470703,15.630000114440918,16.00666618347168,13.628293991088867,575400
2011-10-07,16.059999465942383,16.293333053588867,15.936667442321777,16.079999923706055,13.690726280212402,871200
2011-10-10,16.329999923706055,16.6299991607666,16.329999923706055,16.53333282470703,14.076704025268555,897000
2011-10-11,16.503332138061523,16.57666778564453,16.40333366394043,16.516666412353516,14.06251049041748,543600
2011-10-12,16.69333267211914,16.823333740234375,16.633333206176758,16.639999389648438,14.167518615722656,562800
2011-10-13,16.559999465942383,17.040000915527344,16.559999465942383,16.976667404174805,14.454161643981934,729300
2011-10-14,17.166667938232422,17.196666717529297,16.889999389648438,17.170000076293945,14.618770599365234,1625700
2011-10-17,17.10333251953125,17.10333251953125,16.656667709350586,16.72333335876465,14.238471031188965,1389900
2011-10-18,16.74333381652832,17.116666793823242,16.53333282470703,17.059999465942383,14.525113105773926,507000
2011-10-19,16.969999313354492,17.030000686645508,16.68000030517578,16.71666717529297,14.232799530029297,1254900
2011-10-20,16.626667022705078,16.626667022705078,16.113332748413086,16.426666259765625,13.985882759094238,598500
2011-10-21,16.65999984741211,17.00666618347168,16.65999984741211,16.77666664123535,14.283881187438965,1670700
2011-10-24,16.816667556762695,17.366666793823242,16.816667556762695,17.336666107177734,14.760668754577637,631200
2011-10-25,17.176666259765625,17.350000381469727,17.010000228881836,17.049999237060547,14.516597747802734,618000
2011-10-26,17.163333892822266,17.299999237060547,16.770000457763672,17.106666564941406,14.564846992492676,610200
2011-10-27,17.636667251586914,17.963333129882812,17.496667861938477,17.829999923706055,15.180704116821289,916800
2011-10-28,17.843332290649414,17.90333366394043,17.72333335876465,17.899999618530273,15.240296363830566,359400
2011-10-31,17.663333892822266,17.71666717529297,17.440000534057617,17.46666717529297,14.87135124206543,457800
2011-11-01,16.946666717529297,17.07666778564453,16.78333282470703,16.90999984741211,14.39739990234375,987900
2011-11-02,17.043333053588867,17.126667022705078,16.84000015258789,16.97333335876465,14.451321601867676,591000
2011-11-03,17.136667251586914,17.50666618347168,16.80666732788086,17.479999542236328,14.882710456848145,573900
2011-11-04,17.3799991607666,17.746667861938477,17.34666633605957,17.68000030517578,15.052986145019531,432000
2011-11-07,17.636667251586914,17.703332901000977,17.376667022705078,17.670000076293945,15.044476509094238,435000
2011-11-08,17.803333282470703,17.836666107177734,17.479999542236328,17.75,15.112590789794922,302400
2011-11-09,17.373332977294922,17.373332977294922,16.92333221435547,16.96666717529297,14.445647239685059,586500
2011-11-10,17.15999984741211,17.213333129882812,16.84000015258789,17.079999923706055,14.54214096069336,482400
2011-11-11,17.31999969482422,17.76333236694336,17.309999465942383,17.68000030517578,15.052986145019531,389100
2011-11-14,17.65999984741211,17.770000457763672,17.376667022705078,17.48666763305664,14.888386726379395,661800
2011-11-15,17.389999389648438,17.81333351135254,17.389999389648438,17.706666946411133,15.07569408416748,674100
2011-11-16,17.56999969482422,17.906667709350586,17.56999969482422,17.64666748046875,15.02461051940918,912600
2011-11-17,17.583332061767578,17.583332061767578,16.746667861938477,16.963333129882812,14.442813873291016,721200
2011-11-18,17.00666618347168,17.030000686645508,16.709999084472656,16.803333282470703,14.3065824508667,333000
2011-11-21,16.53333282470703,16.573333740234375,16.239999771118164,16.489999771118164,14.03980827331543,538500
2011-11-22,16.420000076293945,16.543333053588867,16.176666259765625,16.280000686645508,13.86101245880127,1081500
2011-11-23,16.093332290649414,16.106666564941406,15.75333309173584,15.766667366027832,13.42395305633545,580500
2011-11-25,15.683333396911621,15.893333435058594,15.573332786560059,15.573332786560059,13.259346008300781,117900
2011-11-28,16.086666107177734,16.18000030517578,15.916666984558105,16.046667098999023,13.662346839904785,726900
2011-11-29,16.1200008392334,16.196666717529297,15.90999984741211,15.946666717529297,13.577207565307617,495300
2011-11-30,16.413333892822266,16.893333435058594,16.413333892822266,16.843332290649414,14.3406400680542,696300
2011-12-01,16.836666107177734,17.020000457763672,16.75666618347168,16.956666946411133,14.437135696411133,436500
2011-12-02,17.200000762939453,17.24333381652832,16.93666648864746,16.959999084472656,14.439973831176758,601800
2011-12-05,17.139999389648438,17.293333053588867,17.02666664123535,17.100000381469727,14.559171676635742,240600
2011-12-06,17.126667022705078,17.15333366394043,16.959999084472656,17.05666732788086,14.522276878356934,277500
2011-12-07,16.983333587646484,17.323333740234375,16.8799991607666,17.28333282470703,14.715269088745117,396000
2011-12-08,17.15333366394043,17.299999237060547,16.75666618347168,16.773332595825195,14.281037330627441,162600
2011-12-09,16.60333251953125,17.06999969482422,16.510000228881836,16.996667861938477,14.471193313598633,426600
2011-12-12,16.733333587646484,16.733333587646484,16.333332061767578,16.543333053588867,14.085214614868164,653400
2011-12-13,16.676666259765625,16.713333129882812,16.07666778564453,16.149999618530273,13.750328063964844,1083900
2011-12-14,16.15333366394043,16.18666648864746,15.846667289733887,15.896666526794434,13.534639358520508,1385400
2011-12-15,16.136667251586914,16.209999084472656,15.796667098999023,15.856666564941406,13.50058364868164,438300
2011-12-16,15.989999771118164,16.209999084472656,15.930000305175781,16.010000228881836,13.631133079528809,907500
2011-12-19,16.016666412353516,16.053333282470703,15.536666870117188,15.546667098999023,13.23664379119873,1338300
2011-12-20,15.973333358764648,16.293333053588867,15.973333358764648,16.23666763305664,13.824115753173828,1983600
2011-12-21,16.273332595825195,16.273332595825195,15.850000381469727,16.073333740234375,13.685053825378418,295800
2011-12-22,16.09000015258789,16.6299991607666,16.09000015258789,16.57666778564453,14.141164779663086,1195500
2011-12-23,16.606666564941406,16.666667938232422,16.50666618347168,16.649999618530273,14.203721046447754,133800
2011-12-27,16.606666564941406,16.766666412353516,16.573333740234375,16.6299991607666,14.186656951904297,983400
2011-12-28,16.649999618530273,16.649999618530273,16.366666793823242,16.383333206176758,13.976236343383789,214800
2011-12-29,16.459999084472656,16.553333282470703,16.3700008392334,16.52666664123535,14.09850788116455,275400
2011-12-30,16.49333381652832,16.59666633605957,16.46666717529297,16.46666717529297,14.04732608795166,440100
2012-01-03,16.836666107177734,16.93666648864746,16.64666748046875,16.67333221435547,14.223626136779785,371100
2012-01-04,16.600000381469727,16.709999084472656,16.46666717529297,16.67333221435547,14.223626136779785,1187100
2012-01-05,16.623332977294922,16.926666259765625,16.606666564941406,16.899999618530273,14.416996002197266,1147800
2012-01-06,16.893333435058594,16.983333587646484,16.786666870117188,16.94333267211914,14.453959465026855,304800
2012-01-09,17.043333053588867,17.316667556762695,17.023332595825195,17.286666870117188,14.746843338012695,1069800
2012-01-10,17.51333236694336,17.549999237060547,17.389999389648438,17.459999084472656,14.894715309143066,700200
2012-01-11,17.393333435058594,17.56999969482422,17.343332290649414,17.520000457763672,14.945902824401855,1195800
2012-01-12,17.57666778564453,17.739999771118164,17.469999313354492,17.706666946411133,15.105141639709473,361200
2012-01-13,17.536666870117188,17.553333282470703,17.299999237060547,17.34666633605957,14.798036575317383,1169100
2012-01-17,17.510000228881836,17.593332290649414,17.386667251586914,17.39666748046875,14.840692520141602,202800
2012-01-18,17.593332290649414,18.316667556762695,17.593332290649414,18.280000686645508,15.594228744506836,1420200
2012-01-19,18.450000762939453,18.65999984741211,18.406667709350586,18.643333435058594,15.904191017150879,1746000
2012-01-20,18.559999465942383,18.753332138061523,18.540000915527344,18.733333587646484,15.980964660644531,4804200
2012-01-23,18.71666717529297,18.799999237060547,18.536666870117188,18.67333221435547,15.929781913757324,4483200
2012-01-24,18.606666564941406,18.799999237060547,18.543333053588867,18.739999771118164,15.986653327941895,1460400
2012-01-25,18.790000915527344,18.860000610351562,18.53333282470703,18.81999969482422,16.054901123046875,1189800
2012-01-26,18.889999389648438,18.979999542236328,18.523332595825195,18.623332977294922,15.88712215423584,777300
2012-01-27,18.566667556762695,18.746667861938477,18.51333236694336,18.683332443237305,15.938308715820312,414000
2012-01-30,18.559999465942383,18.559999465942383,18.28333282470703,18.489999771118164,15.7733793258667,944400
2012-01-31,18.616666793823242,18.666667938232422,18.373332977294922,18.503332138061523,15.784760475158691,326100
2012-02-01,18.75,19.053333282470703,18.676666259765625,18.916667938232422,16.137367248535156,1958700
2012-02-02,18.976667404174805,19.14666748046875,18.916667938232422,19.020000457763672,16.22551727294922,1212300
2012-02-03,19.25666618347168,19.39666748046875,19.176666259765625,19.316667556762695,16.478588104248047,831900
2012-02-06,19.25666618347168,19.25666618347168,18.99333381652832,19.09666633605957,16.29091453552246,448200
2012-02-07,19.030000686645508,19.15999984741211,18.893333435058594,19.106666564941406,16.2994441986084,1608900
2012-02-08,19.136667251586914,19.476667404174805,19.136667251586914,19.336666107177734,16.495655059814453,696900
2012-02-09,19.420000076293945,19.446666717529297,19.253332138061523,19.399999618530273,16.5496768951416,411900
2012-02-10,19.176666259765625,19.253332138061523,18.93666648864746,19.023332595825195,16.228349685668945,460500
2012-02-13,19.14666748046875,19.22333335876465,18.833332061767578,19.079999923706055,16.27669906616211,157800
2012-02-14,19.02666664123535,19.15333366394043,18.976667404174805,19.149999618530273,16.33641242980957,1032600
2012-02-15,19.299999237060547,19.47333335876465,19.229999542236328,19.25,16.421720504760742,786600
2012-02-16,19.296667098999023,19.760000228881836,19.22333335876465,19.733333587646484,16.83403968811035,773700
2012-02-17,19.84000015258789,19.8799991607666,19.536666870117188,19.549999237060547,16.677642822265625,474900
2012-02-21,19.6200008392334,19.6200008392334,19.22333335876465,19.28333282470703,16.450157165527344,462000
2012-02-22,19.266666412353516,19.386667251586914,19.14666748046875,19.213333129882812,16.390445709228516,358200
2012-02-23,19.200000762939453,19.27666664123535,18.96666717529297,19.246667861938477,16.418880462646484,352800
2012-02-24,19.27666664123535,19.373332977294922,19.166667938232422,19.18666648864746,16.367698669433594,834900
2012-02-27,19.083332061767578,19.350000381469727,18.956666946411133,19.206666946411133,16.38475799560547,619500
2012-02-28,19.23666763305664,19.6200008392334,19.23666763305664,19.516666412353516,16.64920997619629,797100
2012-02-29,19.55666732788086,19.55666732788086,19.190000534057617,19.226667404174805,16.401817321777344,626700
2012-03-01,19.286666870117188,19.42333221435547,19.15999984741211,19.239999771118164,16.41318702697754,486000
2012-03-02,19.213333129882812,19.329999923706055,19.020000457763672,19.023332595825195,16.228349685668945,474600
2012-03-05,18.96666717529297,18.983333587646484,18.5,18.56999969482422,15.841630935668945,1145100
2012-03-06,18.290000915527344,18.43000030517578,18.176666259765625,18.39666748046875,15.693767547607422,771000
2012-03-07,18.43000030517578,18.74333381652832,18.43000030517578,18.666667938232422,15.924098014831543,1201500
2012-03-08,18.84000015258789,18.989999771118164,18.75,18.94333267211914,16.160110473632812,1534200
2012-03-09,18.93000030517578,19.163333892822266,18.93000030517578,19.149999618530273,16.33641242980957,701700
2012-03-12,19.139999389648438,19.139999389648438,18.90333366394043,18.96666717529297,16.180023193359375,518700
2012-03-13,19.1200008392334,19.3799991607666,19.10333251953125,19.3799991607666,16.53261375427246,1193700
2012-03-14,19.426666259765625,19.639999389648438,19.293333053588867,19.316667556762695,16.478588104248047,670800
2012-03-15,19.413333892822266,19.71666717529297,19.406667709350586,19.700000762939453,16.805604934692383,2073300
2012-03-16,19.766666412353516,19.766666412353516,19.623332977294922,19.733333587646484,16.83403968811035,733200
2012-03-19,19.74333381652832,19.946666717529297,19.65333366394043,19.873332977294922,16.953474044799805,535200
2012-03-20,19.74333381652832,19.790000915527344,19.56333351135254,19.71666717529297,16.819828033447266,716400
2012-03-21,19.770000457763672,19.889999389648438,19.676666259765625,19.796667098999023,16.888063430786133,365700
2012-03-22,19.633333206176758,19.73666763305664,19.53333282470703,19.690000534057617,16.797069549560547,619200
2012-03-23,19.670000076293945,19.73666763305664,19.5,19.729999542236328,16.831195831298828,806700
2012-03-26,19.850000381469727,19.97333335876465,19.74333381652832,19.96666717529297,17.063369750976562,799800
2012-03-27,19.976667404174805,20.110000610351562,19.959999084472656,19.959999084472656,17.05766487121582,635100
2012-03-28,19.98666763305664,20.00666618347168,19.593332290649414,19.729999542236328,16.86111068725586,1057800
2012-03-29,19.553333282470703,19.773332595825195,19.483333587646484,19.733333587646484,16.86395835876465,1300800
2012-03-30,19.873332977294922,19.933332443237305,19.666667938232422,19.816667556762695,16.935176849365234,585600
2012-04-02,19.726667404174805,19.8799991607666,19.53333282470703,19.833332061767578,16.94941520690918,378900
2012-04-03,19.729999542236328,19.760000228881836,19.43666648864746,19.516666412353516,16.678789138793945,1296600
2012-04-04,19.246667861938477,19.273332595825195,18.899999618530273,19.086666107177734,16.31131935119629,1061700
2012-04-05,18.989999771118164,19.183332443237305,18.989999771118164,19.116666793823242,16.33696174621582,1389300
2012-04-09,18.829999923706055,18.90999984741211,18.73666763305664,18.863332748413086,16.120458602905273,745200
2012-04-10,18.816667556762695,18.969999313354492,18.47333335876465,18.50666618347168,15.815654754638672,849000
2012-04-11,18.75,18.953332901000977,18.719999313354492,18.816667556762695,16.08057975769043,650400
2012-04-12,18.886667251586914,19.239999771118164,18.863332748413086,19.17333221435547,16.385379791259766,436200
2012-04-13,19.113332748413086,19.15999984741211,18.823333740234375,18.833332061767578,16.094823837280273,665400
2012-04-16,18.996667861938477,19.020000457763672,18.663333892822266,18.82666778564453,16.089128494262695,726000
2012-04-17,18.96666717529297,19.213333129882812,18.96666717529297,19.1200008392334,16.339807510375977,1012500
2012-04-18,18.92333221435547,19.046667098999023,18.780000686645508,18.979999542236328,16.22016143798828,517800
2012-04-19,18.89666748046875,19.196666717529297,18.64666748046875,18.746667861938477,16.020767211914062,767100
2012-04-20,18.766666412353516,18.766666412353516,18.303333282470703,18.31333351135254,15.650432586669922,1368000
2012-04-23,18.086666107177734,18.110000610351562,17.916667938232422,18.09000015258789,15.459573745727539,960300
2012-04-24,18.1299991607666,18.176666259765625,17.89666748046875,17.956666946411133,15.345625877380371,527700
2012-04-25,18.260000228881836,18.399999618530273,18.15333366394043,18.356666564941406,15.687467575073242,660300
2012-04-26,18.42333221435547,18.81333351135254,18.42333221435547,18.780000686645508,16.04924964904785,1090800
2012-04-27,18.823333740234375,18.84000015258789,18.59666633605957,18.78333282470703,16.05208969116211,682200
2012-04-30,18.796667098999023,18.803333282470703,18.683332443237305,18.703332901000977,15.983724594116211,1093500
2012-05-01,18.65333366394043,18.899999618530273,18.633333206176758,18.760000228881836,16.032154083251953,456900
2012-05-02,18.610000610351562,18.876667022705078,18.593332290649414,18.850000381469727,16.109067916870117,405600
2012-05-03,18.829999923706055,18.94333267211914,18.363332748413086,18.3799991607666,15.707406044006348,618000
2012-05-04,18.303333282470703,18.386667251586914,17.969999313354492,18.010000228881836,15.391212463378906,1106100
2012-05-07,17.940000534057617,18.083332061767578,17.933332443237305,17.956666946411133,15.345625877380371,504300
2012-05-08,17.816667556762695,17.883333206176758,17.476667404174805,17.85333251953125,15.257322311401367,887100
2012-05-09,17.59666633605957,17.873332977294922,17.416667938232422,17.790000915527344,15.203200340270996,711000
2012-05-10,17.920000076293945,17.926666259765625,17.586666107177734,17.72333335876465,15.14622688293457,567900
2012-05-11,17.676666259765625,18.05666732788086,17.670000076293945,17.84666633605957,15.251623153686523,452400
2012-05-14,17.666667938232422,17.793333053588867,17.593332290649414,17.67333221435547,15.103497505187988,447600
2012-05-15,17.6299991607666,17.80666732788086,17.450000762939453,17.48666763305664,14.943977355957031,515400
2012-05-16,17.53333282470703,17.593332290649414,17.19333267211914,17.21666717529297,14.713235855102539,473700
2012-05-17,17.226667404174805,17.28333282470703,16.833332061767578,16.836666107177734,14.388490676879883,578100
2012-05-18,16.93666648864746,16.93666648864746,16.47333335876465,16.51333236694336,14.112167358398438,879600
2012-05-21,16.553333282470703,16.94333267211914,16.51333236694336,16.926666259765625,14.465401649475098,739500
2012-05-22,16.92333221435547,16.926666259765625,16.69333267211914,16.803333282470703,14.360000610351562,569100
2012-05-23,16.573333740234375,16.889999389648438,16.47333335876465,16.8700008392334,14.41697883605957,1327800
2012-05-24,16.920000076293945,16.92333221435547,16.536666870117188,16.6299991607666,14.21186637878418,593700
2012-05-25,16.65999984741211,16.92333221435547,16.65999984741211,16.796667098999023,14.354304313659668,606300
2012-05-29,17.023332595825195,17.260000228881836,17.010000228881836,17.156667709350586,14.661958694458008,394800
2012-05-30,16.976667404174805,17.023332595825195,16.816667556762695,16.916667938232422,14.456851959228516,477600
2012-05-31,16.876667022705078,16.876667022705078,16.51333236694336,16.739999771118164,14.305876731872559,1117200
2012-06-01,16.420000076293945,16.420000076293945,16.0,16.023332595825195,13.693421363830566,1232100
2012-06-04,16.049999237060547,16.219999313354492,15.816666603088379,15.99666690826416,13.670634269714355,1013100
2012-06-05,16.003332138061523,16.373332977294922,15.99666690826416,16.303333282470703,13.932707786560059,713100
2012-06-06,16.456666946411133,16.899999618530273,16.456666946411133,16.816667556762695,14.371391296386719,821700
2012-06-07,17.079999923706055,17.133333206176758,16.6299991607666,16.666667938232422,14.243207931518555,850800
2012-06-08,16.606666564941406,16.920000076293945,16.540000915527344,16.84000015258789,14.391337394714355,565500
2012-06-11,17.113332748413086,17.14666748046875,16.553333282470703,16.60333251953125,14.189083099365234,1065300
2012-06-12,16.649999618530273,16.946666717529297,16.606666564941406,16.899999618530273,14.442611694335938,573300
2012-06-13,16.913333892822266,17.00666618347168,16.703332901000977,16.766666412353516,14.328670501708984,805800
2012-06-14,16.770000457763672,16.799999237060547,16.543333053588867,16.729999542236328,14.297333717346191,386400
2012-06-15,16.729999542236328,17.010000228881836,16.729999542236328,16.99333381652832,14.522372245788574,427200
2012-06-18,16.886667251586914,17.329999923706055,16.886667251586914,17.229999542236328,14.724625587463379,635400
2012-06-19,17.356666564941406,17.479999542236328,17.253332138061523,17.416667938232422,14.918209075927734,478800
2012-06-20,17.43000030517578,17.643333435058594,17.386667251586914,17.56999969482422,15.049541473388672,628500
2012-06-21,17.516666412353516,17.516666412353516,16.84000015258789,16.85333251953125,14.435683250427246,855600
2012-06-22,16.979999542236328,17.149999618530273,16.933332443237305,17.09666633605957,14.644111633300781,617700
2012-06-25,16.953332901000977,16.953332901000977,16.50666618347168,16.543333053588867,14.17015552520752,649800
2012-06-26,16.56999969482422,16.683332443237305,16.420000076293945,16.606666564941406,14.224400520324707,316500
2012-06-27,16.6299991607666,16.863332748413086,16.616666793823242,16.81999969482422,14.40713119506836,492900
2012-06-28,16.72333335876465,16.773332595825195,16.48666763305664,16.713333129882812,14.315768241882324,584700
2012-06-29,17.113332748413086,17.440000534057617,17.09000015258789,17.440000534057617,14.938197135925293,1009800
2012-07-02,17.52666664123535,17.543333053588867,17.28333282470703,17.413333892822266,14.915350914001465,484800
2012-07-03,17.44333267211914,17.643333435058594,17.389999389648438,17.626667022705078,15.098076820373535,586800
2012-07-05,17.496667861938477,17.56999969482422,17.329999923706055,17.49333381652832,14.983875274658203,228900
2012-07-06,17.316667556762695,17.323333740234375,16.90333366394043,17.053333282470703,14.6069974899292,707100
2012-07-09,17.020000457763672,17.06999969482422,16.773332595825195,16.82666778564453,14.412846565246582,2310000
2012-07-10,16.713333129882812,16.92333221435547,16.363332748413086,16.479999542236328,14.115907669067383,1207500
2012-07-11,16.496667861938477,16.553333282470703,16.21666717529297,16.296667098999023,13.958871841430664,594900
2012-07-12,16.163333892822266,16.163333892822266,15.893333435058594,16.040000915527344,13.739028930664062,803400
2012-07-13,16.09000015258789,16.22333335876465,16.053333282470703,16.15333366394043,13.836104393005371,632700
2012-07-16,16.113332748413086,16.113332748413086,15.890000343322754,16.003332138061523,13.707618713378906,567900
2012-07-17,16.083332061767578,16.083332061767578,15.673333168029785,15.936667442321777,13.650522232055664,979500
2012-07-18,15.893333435058594,16.579999923706055,15.850000381469727,16.479999542236328,14.115907669067383,1985400
2012-07-19,16.709999084472656,16.953332901000977,16.706666946411133,16.809999465942383,14.398571014404297,1440900
2012-07-20,16.793333053588867,16.850000381469727,16.530000686645508,16.530000686645508,14.158733367919922,1425300
2012-07-23,16.21666717529297,16.463333129882812,16.0,16.393333435058594,14.04167366027832,1775100
2012-07-24,16.476667404174805,16.476667404174805,16.156667709350586,16.316667556762695,13.976007461547852,712200
2012-07-25,16.446666717529297,16.843332290649414,16.446666717529297,16.643333435058594,14.255810737609863,1102500
2012-07-26,16.96666717529297,17.136667251586914,16.843332290649414,17.010000228881836,14.569869995117188,1387800
2012-07-27,17.05666732788086,17.46666717529297,17.020000457763672,17.426666259765625,14.92676830291748,1870200
2012-07-30,17.389999389648438,17.53333282470703,17.163333892822266,17.270000457763672,14.792582511901855,679800
2012-07-31,17.333332061767578,17.593332290649414,17.329999923706055,17.39666748046875,14.901082992553711,1239000
2012-08-01,17.48666763305664,17.553333282470703,17.27666664123535,17.393333435058594,14.898218154907227,1046700
2012-08-02,17.206666946411133,17.56999969482422,17.14666748046875,17.290000915527344,14.809717178344727,656700
2012-08-03,17.553333282470703,17.780000686645508,17.46666717529297,17.676666259765625,15.140908241271973,811800
2012-08-06,17.71666717529297,17.876667022705078,17.71666717529297,17.73666763305664,15.192303657531738,288300
2012-08-07,17.8799991607666,18.28333282470703,17.876667022705078,18.14666748046875,15.54349136352539,1024500
2012-08-08,18.07666778564453,18.23666763305664,18.043333053588867,18.190000534057617,15.580610275268555,1240800
2012-08-09,18.203332901000977,18.360000610351562,18.170000076293945,18.333332061767578,15.703376770019531,899400
2012-08-10,18.26333236694336,18.426666259765625,18.26333236694336,18.426666259765625,15.783321380615234,636900
2012-08-13,18.383333206176758,18.383333206176758,18.079999923706055,18.266666412353516,15.646269798278809,383400
2012-08-14,18.406667709350586,18.40999984741211,18.049999237060547,18.126667022705078,15.52635383605957,1321500
2012-08-15,18.06333351135254,18.31333351135254,18.01333236694336,18.229999542236328,15.614869117736816,418800
2012-08-16,18.21666717529297,18.553333282470703,18.21666717529297,18.516666412353516,15.860403060913086,758700
2012-08-17,18.503332138061523,18.503332138061523,18.32666778564453,18.383333206176758,15.746199607849121,238200
2012-08-20,18.333332061767578,18.333332061767578,18.136667251586914,18.260000228881836,15.640559196472168,1309200
2012-08-21,18.316667556762695,18.510000228881836,18.206666946411133,18.270000457763672,15.64912223815918,556200
2012-08-22,18.25,18.25,18.02666664123535,18.136667251586914,15.53492546081543,1071600
2012-08-23,18.066667556762695,18.10333251953125,17.92333221435547,18.03333282470703,15.446412086486816,320100
2012-08-24,18.049999237060547,18.176666259765625,17.913333892822266,18.123332977294922,15.52349853515625,307500
2012-08-27,18.176666259765625,18.206666946411133,17.98666763305664,18.053333282470703,15.463543891906738,390300
2012-08-28,18.030000686645508,18.126667022705078,17.969999313354492,18.02666664123535,15.44069766998291,381000
2012-08-29,18.03333282470703,18.123332977294922,17.916667938232422,18.046667098999023,15.457832336425781,483300
2012-08-30,17.93000030517578,17.959999084472656,17.739999771118164,17.770000457763672,15.220849990844727,670200
2012-08-31,17.916667938232422,18.073333740234375,17.753332138061523,17.983333587646484,15.403582572937012,691500
2012-09-04,18.01333236694336,18.01333236694336,17.656667709350586,17.843332290649414,15.283671379089355,320400
2012-09-05,17.836666107177734,17.94333267211914,17.68666648864746,17.746667861938477,15.200870513916016,226500
2012-09-06,17.883333206176758,18.376667022705078,17.873332977294922,18.286666870117188,15.663399696350098,1041300
2012-09-07,18.253332138061523,18.266666412353516,18.126667022705078,18.23666763305664,15.620579719543457,1990500
2012-09-10,18.1200008392334,18.176666259765625,17.899999618530273,17.920000076293945,15.349339485168457,711000
2012-09-11,17.956666946411133,18.106666564941406,17.906667709350586,18.036666870117188,15.449265480041504,377700
2012-09-12,18.106666564941406,18.196666717529297,17.989999771118164,18.07666778564453,15.483527183532715,381300
2012-09-13,18.046667098999023,18.30666732788086,17.90999984741211,18.23666763305664,15.620579719543457,1678500
2012-09-14,18.360000610351562,18.666667938232422,18.333332061767578,18.476667404174805,15.82614803314209,512100
2012-09-17,18.406667709350586,18.440000534057617,18.21666717529297,18.286666870117188,15.663399696350098,323700
2012-09-18,18.22333335876465,18.270000457763672,18.166667938232422,18.209999084472656,15.59774398803711,513000
2012-09-19,18.1299991607666,18.21666717529297,18.083332061767578,18.100000381469727,15.50351619720459,589500
2012-09-20,18.003332138061523,18.036666870117188,17.833332061767578,17.92333221435547,15.352188110351562,1042800
2012-09-21,18.059999465942383,18.133333206176758,17.94333267211914,17.94333267211914,15.369319915771484,210300
2012-09-24,17.799999237060547,17.816667556762695,17.610000610351562,17.68666648864746,15.149470329284668,675600
2012-09-25,17.709999084472656,17.713333129882812,17.15333366394043,17.170000076293945,14.77234935760498,732300
2012-09-26,17.023332595825195,17.079999923706055,16.81999969482422,17.046667098999023,14.666241645812988,1372800
2012-09-27,17.18666648864746,17.469999313354492,17.066667556762695,17.433332443237305,14.99891471862793,854100
2012-09-28,17.336666107177734,17.40999984741211,17.260000228881836,17.293333053588867,14.878463745117188,350700
2012-10-01,17.389999389648438,17.46666717529297,17.183332443237305,17.226667404174805,14.821105003356934,254400
2012-10-02,17.316667556762695,17.336666107177734,17.203332901000977,17.309999465942383,14.892803192138672,429000
2012-10-03,17.34666633605957,17.356666564941406,17.190000534057617,17.25666618347168,14.846918106079102,568500
2012-10-04,17.299999237060547,17.366666793823242,17.166667938232422,17.34666633605957,14.92435359954834,440100
2012-10-05,17.40999984741211,17.616666793823242,17.296667098999023,17.32666778564453,14.907137870788574,750900
2012-10-08,17.206666946411133,17.253332138061523,17.09666633605957,17.136667251586914,14.743668556213379,803400
2012-10-09,17.1299991607666,17.133333206176758,16.823333740234375,16.873332977294922,14.51711368560791,819300
2012-10-10,16.8700008392334,16.8700008392334,16.623332977294922,16.639999389648438,14.316359519958496,781800
2012-10-11,16.836666107177734,16.836666107177734,16.67333221435547,16.690000534057617,14.359375953674316,514500
2012-10-12,16.676666259765625,16.733333587646484,16.573333740234375,16.593332290649414,14.276208877563477,758100
2012-10-15,16.656667709350586,16.856666564941406,16.656667709350586,16.816667556762695,14.468355178833008,577500
2012-10-16,16.863332748413086,17.213333129882812,16.863332748413086,17.200000762939453,14.798162460327148,622500
2012-10-17,17.043333053588867,17.260000228881836,17.01333236694336,17.166667938232422,14.769484519958496,432300
2012-10-18,17.066667556762695,17.14666748046875,16.92333221435547,17.0,14.626090049743652,648600
2012-10-19,16.996667861938477,16.996667861938477,16.489999771118164,16.489999771118164,14.187309265136719,918000
2012-10-22,16.593332290649414,16.656667709350586,16.426666259765625,16.53333282470703,14.224591255187988,455400
2012-10-23,16.350000381469727,16.600000381469727,16.28333282470703,16.573333740234375,14.259005546569824,508800
2012-10-24,16.753332138061523,16.753332138061523,16.293333053588867,16.30666732788086,14.029577255249023,663300
2012-10-25,16.49333381652832,16.55666732788086,16.356666564941406,16.546667098999023,14.236061096191406,387300
2012-10-26,16.543333053588867,16.700000762939453,16.496667861938477,16.600000381469727,14.281946182250977,399300
2012-10-31,16.600000381469727,16.746667861938477,16.543333053588867,16.6299991607666,14.307755470275879,785400
2012-11-01,16.643333435058594,17.18666648864746,16.6299991607666,17.15333366394043,14.758009910583496,949200
2012-11-02,17.15333366394043,17.206666946411133,16.833332061767578,16.833332061767578,14.48269271850586,707700
2012-11-05,16.836666107177734,17.183332443237305,16.796667098999023,17.126667022705078,14.73507308959961,278700
2012-11-06,17.166667938232422,17.416667938232422,17.136667251586914,17.383333206176758,14.95589542388916,663300
2012-11-07,17.149999618530273,17.196666717529297,16.833332061767578,16.913333892822266,14.551527976989746,1223100
2012-11-08,17.003332138061523,17.010000228881836,16.719999313354492,16.719999313354492,14.38519287109375,653100
2012-11-09,16.68666648864746,16.953332901000977,16.676666259765625,16.739999771118164,14.40239143371582,426900
2012-11-12,16.823333740234375,16.860000610351562,16.649999618530273,16.75,14.41100025177002,517800
2012-11-13,16.64666748046875,16.770000457763672,16.60333251953125,16.623332977294922,14.302019119262695,417000
2012-11-14,16.733333587646484,16.786666870117188,16.323333740234375,16.35333251953125,14.069719314575195,809400
2012-11-15,16.40333366394043,16.43000030517578,16.10333251953125,16.149999618530273,13.89478588104248,899100
2012-11-16,16.200000762939453,16.24333381652832,15.859999656677246,16.15333366394043,13.897656440734863,760500
2012-11-19,16.383333206176758,16.479999542236328,16.286666870117188,16.479999542236328,14.178701400756836,401700
2012-11-20,16.40333366394043,16.44333267211914,16.253332138061523,16.406667709350586,14.115615844726562,966900
2012-11-21,16.43000030517578,16.479999542236328,16.3799991607666,16.46666717529297,14.167231559753418,398400
2012-11-23,16.583332061767578,16.833332061767578,16.523332595825195,16.739999771118164,14.40239143371582,301800
2012-11-26,16.72333335876465,16.85333251953125,16.68666648864746,16.809999465942383,14.462625503540039,231900
2012-11-27,16.833332061767578,16.933332443237305,16.753332138061523,16.773332595825195,14.431076049804688,381000
2012-11-28,16.690000534057617,16.976667404174805,16.530000686645508,16.950000762939453,14.583078384399414,463800
2012-11-29,17.020000457763672,17.083332061767578,16.899999618530273,17.0,14.626090049743652,584400
2012-11-30,17.023332595825195,17.073333740234375,16.933332443237305,16.976667404174805,14.606013298034668,308400
2012-12-03,17.09666633605957,17.126667022705078,16.886667251586914,16.89666748046875,14.537188529968262,425400
2012-12-04,16.889999389648438,17.059999465942383,16.836666107177734,17.0,14.626090049743652,679800
2012-12-05,17.059999465942383,17.06333351135254,16.8700008392334,17.003332138061523,14.628954887390137,235500
2012-12-06,16.97333335876465,17.190000534057617,16.97333335876465,17.170000076293945,14.77234935760498,677400
2012-12-07,17.239999771118164,17.253332138061523,17.09666633605957,17.206666946411133,14.803894996643066,321300
2012-12-10,17.203332901000977,17.363332748413086,17.203332901000977,17.31999969482422,14.901405334472656,436200
2012-12-11,17.416667938232422,17.700000762939453,17.386667251586914,17.649999618530273,15.185320854187012,791400
2012-12-12,17.69333267211914,17.73666763305664,17.55666732788086,17.583332061767578,15.12796688079834,1001100
2012-12-13,17.546667098999023,17.72333335876465,17.363332748413086,17.416667938232422,14.984575271606445,304200
2012-12-14,17.39666748046875,17.43666648864746,17.22333335876465,17.28333282470703,14.86985969543457,441600
2012-12-17,17.316667556762695,17.446666717529297,17.226667404174805,17.356666564941406,14.932950973510742,705000
2012-12-18,17.43000030517578,17.69333267211914,17.3700008392334,17.683332443237305,15.214005470275879,992400
2012-12-19,17.60333251953125,17.78333282470703,17.60333251953125,17.643333435058594,15.233576774597168,1379400
2012-12-20,17.649999618530273,17.65333366394043,17.476667404174805,17.610000610351562,15.204794883728027,543600
2012-12-21,17.25,17.456666946411133,17.093332290649414,17.446666717529297,15.063763618469238,459000
2012-12-24,17.420000076293945,17.446666717529297,17.309999465942383,17.366666793823242,14.994697570800781,238500
2012-12-26,17.426666259765625,17.530000686645508,17.229999542236328,17.253332138061523,14.89683723449707,250200
2012-12-27,17.23666763305664,17.24333381652832,16.969999313354492,17.163333892822266,14.819129943847656,485700
2012-12-28,17.05666732788086,17.226667404174805,17.040000915527344,17.053333282470703,14.724159240722656,395700
2012-12-31,17.053333282470703,17.389999389648438,17.016666412353516,17.34666633605957,14.977426528930664,470100
2013-01-02,17.780000686645508,18.10333251953125,17.773332595825195,18.10333251953125,15.630744934082031,2020500
2013-01-03,18.086666107177734,18.123332977294922,17.920000076293945,17.979999542236328,15.52425479888916,502800
2013-01-04,18.020000457763672,18.023332595825195,17.8700008392334,17.969999313354492,15.515617370605469,403800
2013-01-07,17.920000076293945,17.979999542236328,17.793333053588867,17.906667709350586,15.460936546325684,642300
2013-01-08,17.883333206176758,17.92333221435547,17.683332443237305,17.700000762939453,15.282498359680176,913800
2013-01-09,17.793333053588867,17.883333206176758,17.760000228881836,17.8700008392334,15.429275512695312,256500
2013-01-10,18.073333740234375,18.15333366394043,17.98666763305664,18.1299991607666,15.653770446777344,572100
2013-01-11,18.100000381469727,18.239999771118164,18.100000381469727,18.21666717529297,15.728596687316895,577800
2013-01-14,18.133333206176758,18.229999542236328,18.040000915527344,18.18666648864746,15.702699661254883,838800
2013-01-15,18.1299991607666,18.1299991607666,18.003332138061523,18.086666107177734,15.616353034973145,436800
2013-01-16,18.059999465942383,18.336666107177734,18.059999465942383,18.303333282470703,15.803428649902344,797400
2013-01-17,18.42333221435547,18.68666648864746,18.3700008392334,18.649999618530273,16.102746963500977,1734900
2013-01-18,18.549999237060547,18.633333206176758,18.48666763305664,18.56999969482422,16.033676147460938,974100
2013-01-22,18.579999923706055,18.579999923706055,18.413333892822266,18.50666618347168,15.978992462158203,456000
2013-01-23,18.600000381469727,18.733333587646484,18.543333053588867,18.713333129882812,16.157428741455078,853500
2013-01-24,18.463333129882812,18.709999084472656,18.413333892822266,18.536666870117188,16.00489044189453,597300
2013-01-25,18.666667938232422,18.866666793823242,18.649999618530273,18.773332595825195,16.209238052368164,835500
2013-01-28,18.786666870117188,18.886667251586914,18.76333236694336,18.81999969482422,16.249526977539062,534000
2013-01-29,18.790000915527344,18.790000915527344,18.639999389648438,18.700000762939453,16.145919799804688,616800
2013-01-30,18.676666259765625,18.833332061767578,18.663333892822266,18.719999313354492,16.163185119628906,469800
2013-01-31,18.75666618347168,18.833332061767578,18.639999389648438,18.67333221435547,16.122896194458008,565800
2013-02-01,18.766666412353516,19.046667098999023,18.760000228881836,19.036666870117188,16.436603546142578,762000
2013-02-04,18.893333435058594,19.073333740234375,18.739999771118164,18.74333381652832,16.183338165283203,1051800
2013-02-05,18.84666633605957,19.083332061767578,18.833332061767578,19.036666870117188,16.436603546142578,485400
2013-02-06,18.920000076293945,19.10333251953125,18.920000076293945,19.083332061767578,16.476896286010742,402600
2013-02-07,19.06333351135254,19.09666633605957,18.81999969482422,18.979999542236328,16.38767433166504,558300
2013-02-08,19.023332595825195,19.25,19.023332595825195,19.213333129882812,16.589141845703125,744900
2013-02-11,19.246667861938477,19.30666732788086,19.156667709350586,19.260000228881836,16.629426956176758,437700
2013-02-12,19.233333587646484,19.32666778564453,19.206666946411133,19.293333053588867,16.658214569091797,989400
2013-02-13,19.333332061767578,19.43000030517578,19.246667861938477,19.333332061767578,16.692750930786133,368700
2013-02-14,19.270000457763672,19.543333053588867,19.25,19.53333282470703,16.86543083190918,556200
2013-02-15,19.540000915527344,19.586666107177734,19.343332290649414,19.426666259765625,16.773332595825195,232500
2013-02-19,19.446666717529297,19.663333892822266,19.440000534057617,19.649999618530273,16.966163635253906,530400
2013-02-20,19.666667938232422,19.67333221435547,19.21666717529297,19.229999542236328,16.603530883789062,914700
2013-02-21,19.17333221435547,19.17333221435547,18.73666763305664,18.8700008392334,16.292695999145508,527700
2013-02-22,19.046667098999023,19.27666664123535,18.99333381652832,19.266666412353516,16.635181427001953,624000
2013-02-25,19.3700008392334,19.43666648864746,18.89666748046875,18.899999618530273,16.318588256835938,836100
2013-02-26,19.016666412353516,19.073333740234375,18.873332977294922,19.02666664123535,16.42796516418457,403500
2013-02-27,19.139999389648438,19.433332443237305,19.036666870117188,19.34000015258789,16.698505401611328,688500
2013-02-28,19.35333251953125,19.49333381652832,19.309999465942383,19.35333251953125,16.71001625061035,536100
2013-03-01,19.219999313354492,19.34000015258789,19.020000457763672,19.273332595825195,16.64094352722168,521400
2013-03-04,19.21666717529297,19.25666618347168,19.083332061767578,19.219999313354492,16.59489631652832,468000
2013-03-05,19.376667022705078,19.643333435058594,19.376667022705078,19.59666633605957,16.920116424560547,457800
2013-03-06,19.65999984741211,19.733333587646484,19.573333740234375,19.6200008392334,16.94025993347168,528000
2013-03-07,19.666667938232422,19.803333282470703,19.649999618530273,19.709999084472656,17.017963409423828,411300
2013-03-08,19.78333282470703,19.82666778564453,19.566667556762695,19.73666763305664,17.04099464416504,555000
2013-03-11,19.719999313354492,19.78333282470703,19.56999969482422,19.75666618347168,17.058263778686523,528900
2013-03-12,19.733333587646484,19.860000610351562,19.683332443237305,19.84000015258789,17.13021469116211,1022700
2013-03-13,19.843332290649414,19.959999084472656,19.733333587646484,19.899999618530273,17.182018280029297,722400
2013-03-14,20.023332595825195,20.100000381469727,19.976667404174805,20.003332138061523,17.271242141723633,601200
2013-03-15,20.020000457763672,20.020000457763672,19.626667022705078,19.676666259765625,16.989185333251953,742800
2013-03-18,19.47333335876465,19.59666633605957,19.329999923706055,19.426666259765625,16.773332595825195,379200
2013-03-19,19.50666618347168,19.543333053588867,19.176666259765625,19.34666633605957,16.70426368713379,1109400
2013-03-20,19.456666946411133,19.613332748413086,19.433332443237305,19.60333251953125,16.925874710083008,973500
2013-03-21,19.48666763305664,19.489999771118164,19.26333236694336,19.286666870117188,16.652456283569336,1679100
2013-03-22,19.44333267211914,19.583332061767578,19.3799991607666,19.5,16.83664894104004,282300
2013-03-25,19.5,19.56999969482422,19.286666870117188,19.413333892822266,16.819042205810547,426900
2013-03-26,19.51333236694336,19.579999923706055,19.426666259765625,19.56333351135254,16.948991775512695,154800
2013-03-27,19.463333129882812,19.6299991607666,19.343332290649414,19.60333251953125,16.983646392822266,264300
2013-03-28,19.57666778564453,19.753332138061523,19.523332595825195,19.73666763305664,17.099159240722656,405000
2013-04-01,19.78333282470703,19.78333282470703,19.28333282470703,19.333332061767578,16.749727249145508,281700
2013-04-02,19.44333267211914,19.44333267211914,19.09000015258789,19.163333892822266,16.602447509765625,392100
2013-04-03,19.166667938232422,19.21666717529297,18.713333129882812,18.77666664123535,16.2674560546875,1171200
2013-04-04,18.790000915527344,19.030000686645508,18.690000534057617,19.023332595825195,16.48115348815918,350400
2013-04-05,18.683332443237305,18.950000762939453,18.579999923706055,18.92333221435547,16.394512176513672,570600
2013-04-08,18.953332901000977,19.156667709350586,18.773332595825195,19.15333366394043,16.59378433227539,303000
2013-04-09,19.093332290649414,19.47333335876465,19.059999465942383,19.336666107177734,16.75261688232422,197700
2013-04-10,19.386667251586914,19.77666664123535,19.386667251586914,19.770000457763672,17.128036499023438,531300
2013-04-11,19.639999389648438,19.803333282470703,19.56333351135254,19.676666259765625,17.04717445373535,382200
2013-04-12,19.543333053588867,19.626667022705078,19.373332977294922,19.59666633605957,16.977867126464844,226500
2013-04-15,19.416667938232422,19.516666412353516,19.093332290649414,19.1200008392334,16.564903259277344,498600
2013-04-16,19.273332595825195,19.52666664123535,19.209999084472656,19.51333236694336,16.905668258666992,211500
2013-04-17,19.27666664123535,19.27666664123535,18.786666870117188,18.860000610351562,16.339643478393555,599400
2013-04-18,19.06999969482422,19.18000030517578,18.643333435058594,18.700000762939453,16.201032638549805,1368300
2013-04-19,18.706666946411133,18.893333435058594,18.549999237060547,18.84000015258789,16.32232093811035,564900
2013-04-22,18.963333129882812,19.106666564941406,18.656667709350586,19.043333053588867,16.498477935791016,298500
2013-04-23,19.206666946411133,19.476667404174805,19.17333221435547,19.43666648864746,16.839252471923828,365100
2013-04-24,19.42333221435547,19.74333381652832,19.383333206176758,19.68666648864746,17.055835723876953,685800
2013-04-25,19.799999237060547,19.996667861938477,19.746667861938477,19.8799991607666,17.22333335876465,503100
2013-04-26,19.770000457763672,19.770000457763672,19.6200008392334,19.68666648864746,17.055835723876953,1923300
2013-04-29,19.726667404174805,19.976667404174805,19.696666717529297,19.93000030517578,17.266664505004883,397500
2013-04-30,19.959999084472656,20.093332290649414,19.823333740234375,20.083332061767578,17.399499893188477,1945800
2013-05-01,20.079999923706055,20.110000610351562,19.90333366394043,19.926666259765625,17.26376724243164,608700
2013-05-02,20.086666107177734,20.229999542236328,19.94333267211914,20.190000534057617,17.491918563842773,827700
2013-05-03,20.393333435058594,20.523332595825195,20.34666633605957,20.34666633605957,17.627643585205078,1022400
2013-05-06,20.489999771118164,20.613332748413086,20.42333221435547,20.50666618347168,17.76626205444336,738000
2013-05-07,20.613332748413086,20.613332748413086,20.416667938232422,20.523332595825195,17.780696868896484,638700
2013-05-08,20.543333053588867,20.803333282470703,20.543333053588867,20.74333381652832,17.97130012512207,747300
2013-05-09,20.770000457763672,20.989999771118164,20.709999084472656,20.89666748046875,18.104143142700195,957000
2013-05-10,20.920000076293945,21.093332290649414,20.916667938232422,21.079999923706055,18.26297950744629,349200
2013-05-13,20.983333587646484,21.053333282470703,20.850000381469727,20.876667022705078,18.086824417114258,507000
2013-05-14,20.940000534057617,21.010000228881836,20.84666633605957,20.97333335876465,18.170562744140625,153600
2013-05-15,20.963333129882812,21.25,20.963333129882812,21.176666259765625,18.346723556518555,151800
2013-05-16,21.209999084472656,21.28333282470703,21.010000228881836,21.02666664123535,18.216768264770508,318000
2013-05-17,21.133333206176758,21.31333351135254,21.093332290649414,21.296667098999023,18.450695037841797,195000
2013-05-20,21.303333282470703,21.373332977294922,21.21666717529297,21.25666618347168,18.416038513183594,962400
2013-05-21,21.273332595825195,21.31999969482422,21.21666717529297,21.253332138061523,18.413143157958984,886200
2013-05-22,21.329999923706055,21.46666717529297,20.81999969482422,20.916667938232422,18.121477127075195,1495500
2013-05-23,20.616666793823242,20.946666717529297,20.55666732788086,20.920000076293945,18.12436294555664,1573500
2013-05-24,20.863332748413086,20.913333892822266,20.706666946411133,20.913333892822266,18.118581771850586,746700
2013-05-28,21.139999389648438,21.266666412353516,21.053333282470703,21.10333251953125,18.283191680908203,457200
2013-05-29,20.99333381652832,21.25,20.969999313354492,21.183332443237305,18.352493286132812,215400
2013-05-30,21.28333282470703,21.59000015258789,21.253332138061523,21.510000228881836,18.635513305664062,1004700
2013-05-31,21.40999984741211,21.553333282470703,21.226667404174805,21.226667404174805,18.390039443969727,1761300
2013-06-03,21.32666778564453,21.489999771118164,21.066667556762695,21.303333282470703,18.456466674804688,531300
2013-06-04,21.393333435058594,21.623332977294922,21.329999923706055,21.399999618530273,18.54021644592285,562500
2013-06-05,21.34000015258789,21.366666793823242,21.059999465942383,21.073333740234375,18.257204055786133,349800
2013-06-06,21.093332290649414,21.22333335876465,20.860000610351562,21.043333053588867,18.2312068939209,230400
2013-06-07,21.163333892822266,21.383333206176758,21.03333282470703,21.356666564941406,18.502674102783203,298800
2013-06-10,21.399999618530273,21.516666412353516,21.31333351135254,21.48666763305664,18.61530303955078,129300
2013-06-11,21.30666732788086,21.31999969482422,20.989999771118164,21.003332138061523,18.19655418395996,1291500
2013-06-12,21.196666717529297,21.239999771118164,20.739999771118164,20.760000228881836,17.98573112487793,351300
2013-06-13,20.753332138061523,21.213333129882812,20.706666946411133,21.183332443237305,18.352493286132812,386400
2013-06-14,21.233333587646484,21.290000915527344,21.06333351135254,21.09666633605957,18.27741813659668,168000
2013-06-17,21.35333251953125,21.540000915527344,21.303333282470703,21.40333366394043,18.54310417175293,243900
2013-06-18,21.5,21.773332595825195,21.5,21.75666618347168,18.849218368530273,670500
2013-06-19,21.77666664123535,21.850000381469727,21.49333381652832,21.5,18.62685775756836,2561700
2013-06-20,21.229999542236328,21.239999771118164,20.78333282470703,20.81999969482422,18.037723541259766,386400
2013-06-21,21.040000915527344,21.040000915527344,20.64666748046875,20.90999984741211,18.115694046020508,307500
2013-06-24,20.760000228881836,20.760000228881836,20.309999465942383,20.463333129882812,17.728717803955078,693300
2013-06-25,20.719999313354492,21.010000228881836,20.643333435058594,20.963333129882812,18.161903381347656,312900
2013-06-26,21.196666717529297,21.226667404174805,20.90333366394043,21.02666664123535,18.25479507446289,250500
2013-06-27,21.183332443237305,21.27666664123535,21.100000381469727,21.100000381469727,18.318464279174805,1718700
2013-06-28,21.126667022705078,21.309999465942383,20.940000534057617,21.17333221435547,18.38212776184082,600600
2013-07-01,21.273332595825195,21.383333206176758,21.136667251586914,21.14666748046875,18.35897445678711,331800
2013-07-02,21.126667022705078,21.386667251586914,21.040000915527344,21.176666259765625,18.385021209716797,1409100
2013-07-03,21.106666564941406,21.366666793823242,21.106666564941406,21.273332595825195,18.46894645690918,212700
2013-07-05,21.459999084472656,21.573333740234375,21.31999969482422,21.549999237060547,18.709142684936523,358800
2013-07-08,21.633333206176758,21.643333435058594,21.059999465942383,21.1200008392334,18.335819244384766,1793100
2013-07-09,21.32666778564453,21.39666748046875,21.26333236694336,21.34666633605957,18.53261375427246,232500
2013-07-10,21.333332061767578,21.610000610351562,21.329999923706055,21.566667556762695,18.72361183166504,324900
2013-07-11,21.916667938232422,22.053333282470703,21.809999465942383,22.036666870117188,19.131650924682617,431400
2013-07-12,22.106666564941406,22.200000762939453,22.059999465942383,22.156667709350586,19.23583221435547,310500
2013-07-15,22.209999084472656,22.209999084472656,22.1200008392334,22.156667709350586,19.23583221435547,977400
2013-07-16,22.190000534057617,22.323333740234375,22.143333435058594,22.24333381652832,19.31107521057129,156900
2013-07-17,22.24333381652832,22.336666107177734,22.190000534057617,22.25,19.31686019897461,314700
2013-07-18,22.166667938232422,22.253332138061523,21.99333381652832,22.06333351135254,19.154804229736328,385500
2013-07-19,21.96666717529297,22.016666412353516,21.836666107177734,22.00666618347168,19.10561180114746,226500
2013-07-22,22.043333053588867,22.043333053588867,21.886667251586914,21.963333129882812,19.06798553466797,273600
2013-07-23,22.049999237060547,22.190000534057617,21.856666564941406,21.899999618530273,19.01300048828125,1033500
2013-07-24,21.963333129882812,21.989999771118164,21.46666717529297,21.489999771118164,18.657041549682617,880500
2013-07-25,21.483333587646484,21.6200008392334,21.356666564941406,21.600000381469727,18.75255012512207,1026000
2013-07-26,21.440000534057617,21.440000534057617,21.316667556762695,21.43000030517578,18.60495948791504,281100
2013-07-29,21.356666564941406,21.463333129882812,21.25,21.293333053588867,18.48630714416504,198600
2013-07-30,21.360000610351562,21.59666633605957,21.360000610351562,21.549999237060547,18.709142684936523,138600
2013-07-31,21.559999465942383,21.773332595825195,21.559999465942383,21.656667709350586,18.80175018310547,538800
2013-08-01,21.863332748413086,22.046667098999023,21.823333740234375,22.03333282470703,19.128755569458008,181500
2013-08-02,21.979999542236328,21.979999542236328,21.770000457763672,21.913333892822266,19.024581909179688,89700
2013-08-05,21.836666107177734,21.89666748046875,21.80666732788086,21.866666793823242,18.98406410217285,94200
2013-08-06,21.803333282470703,21.803333282470703,21.633333206176758,21.733333587646484,18.868309020996094,783600
2013-08-07,21.666667938232422,21.666667938232422,21.40999984741211,21.496667861938477,18.662839889526367,372000
2013-08-08,21.593332290649414,21.6200008392334,21.389999389648438,21.50666618347168,18.671520233154297,171900
2013-08-09,21.46666717529297,21.50666618347168,21.366666793823242,21.39666748046875,18.576021194458008,103200
2013-08-12,21.323333740234375,21.543333053588867,21.273332595825195,21.476667404174805,18.645475387573242,137400
2013-08-13,21.616666793823242,21.760000228881836,21.40999984741211,21.729999542236328,18.865413665771484,231600
2013-08-14,21.546667098999023,21.59000015258789,21.373332977294922,21.399999618530273,18.57891845703125,245700
2013-08-15,21.123332977294922,21.176666259765625,20.90333366394043,20.916667938232422,18.1593017578125,300000
2013-08-16,20.953332901000977,21.170000076293945,20.866666793823242,20.989999771118164,18.22296905517578,135000
2013-08-19,20.94333267211914,21.046667098999023,20.829999923706055,20.84000015258789,18.092742919921875,607800
2013-08-20,20.850000381469727,21.043333053588867,20.850000381469727,20.98666763305664,18.220069885253906,125100
2013-08-21,20.89666748046875,20.996667861938477,20.816667556762695,20.82666778564453,18.081165313720703,218100
2013-08-22,20.893333435058594,21.100000381469727,20.893333435058594,21.05666732788086,18.280839920043945,276300
2013-08-23,21.09000015258789,21.15999984741211,20.959999084472656,21.05666732788086,18.280839920043945,170700
2013-08-26,21.049999237060547,21.149999618530273,21.010000228881836,21.016666412353516,18.24611473083496,111900
2013-08-27,20.816667556762695,20.816667556762695,20.456666946411133,20.5,17.79755973815918,624000
2013-08-28,20.55666732788086,20.833332061767578,20.55666732788086,20.766666412353516,18.029069900512695,132900
2013-08-29,20.786666870117188,21.023332595825195,20.75666618347168,20.983333587646484,18.21717643737793,319500
2013-08-30,20.99333381652832,20.99333381652832,20.733333587646484,20.803333282470703,18.0609073638916,256800
2013-09-03,21.053333282470703,21.24333381652832,20.883333206176758,20.976667404174805,18.21139144897461,878100
2013-09-04,21.106666564941406,21.553333282470703,21.06999969482422,21.50666618347168,18.671520233154297,1049700
2013-09-05,21.573333740234375,21.713333129882812,21.573333740234375,21.670000076293945,18.813318252563477,165300
2013-09-06,21.733333587646484,21.746667861938477,21.416667938232422,21.56999969482422,18.72650718688965,282000
2013-09-09,21.626667022705078,21.920000076293945,21.626667022705078,21.856666564941406,18.975374221801758,277500
2013-09-10,21.976667404174805,22.290000915527344,21.976667404174805,22.28333282470703,19.345802307128906,156900
2013-09-11,22.176666259765625,22.27666664123535,22.02666664123535,22.22333335876465,19.293704986572266,844200
2013-09-12,22.21666717529297,22.253332138061523,22.06333351135254,22.07666778564453,19.166379928588867,121200
2013-09-13,22.066667556762695,22.183332443237305,21.979999542236328,22.18000030517578,19.256084442138672,102300
2013-09-16,22.350000381469727,22.459999084472656,22.24333381652832,22.253332138061523,19.319753646850586,238500
2013-09-17,22.389999389648438,22.456666946411133,22.329999923706055,22.406667709350586,19.4528751373291,231300
2013-09-18,22.43666648864746,22.639999389648438,22.323333740234375,22.606666564941406,19.626508712768555,323700
2013-09-19,22.65999984741211,22.676666259765625,22.46666717529297,22.540000915527344,19.568634033203125,108900
2013-09-20,22.593332290649414,22.663333892822266,22.393333435058594,22.416667938232422,19.46156120300293,93000
2013-09-23,22.573333740234375,22.573333740234375,22.233333587646484,22.323333740234375,19.380535125732422,673500
2013-09-24,22.299999237060547,22.459999084472656,22.209999084472656,22.363332748413086,19.50291633605957,173100
2013-09-25,22.3799991607666,22.50666618347168,22.246667861938477,22.386667251586914,19.52326202392578,100500
2013-09-26,22.43666648864746,22.51333236694336,22.296667098999023,22.373332977294922,19.511638641357422,91200
2013-09-27,22.26333236694336,22.28333282470703,22.14666748046875,22.19333267211914,19.35465431213379,170100
2013-09-30,22.00666618347168,22.28333282470703,21.920000076293945,22.21666717529297,19.375003814697266,408600
2013-10-01,22.253332138061523,22.469999313354492,22.213333129882812,22.43000030517578,19.561046600341797,156000
2013-10-02,22.273332595825195,22.393333435058594,22.24333381652832,22.389999389648438,19.52617073059082,97500
2013-10-03,22.406667709350586,22.510000228881836,22.116666793823242,22.333332061767578,19.476749420166016,164400
2013-10-04,22.386667251586914,22.559999465942383,22.356666564941406,22.503332138061523,19.6250057220459,180000
2013-10-07,22.303333282470703,22.53333282470703,22.253332138061523,22.389999389648438,19.52617073059082,273300
2013-10-08,22.420000076293945,22.459999084472656,21.950000762939453,22.03333282470703,19.215118408203125,934800
2013-10-09,22.066667556762695,22.066667556762695,21.726667404174805,21.953332901000977,19.145357131958008,974100
2013-10-10,22.166667938232422,22.479999542236328,22.166667938232422,22.44333267211914,19.572673797607422,1054500
2013-10-11,22.34666633605957,22.55666732788086,22.28333282470703,22.48666763305664,19.610469818115234,198600
2013-10-14,22.35333251953125,22.69333267211914,22.333332061767578,22.663333892822266,19.764541625976562,279000
2013-10-15,22.633333206176758,22.706666946411133,22.440000534057617,22.459999084472656,19.58721160888672,278400
2013-10-16,22.49333381652832,22.696666717529297,22.48666763305664,22.67333221435547,19.773265838623047,349500
2013-10-17,22.530000686645508,22.84000015258789,22.453332901000977,22.84000015258789,19.918611526489258,116100
2013-10-18,22.863332748413086,22.916667938232422,22.713333129882812,22.90333366394043,19.973840713500977,198900
2013-10-21,22.93000030517578,22.98666763305664,22.883333206176758,22.959999084472656,20.02326011657715,189300
2013-10-22,23.0,23.003332138061523,22.799999237060547,22.906667709350586,19.97675895690918,215700
2013-10-23,22.553333282470703,22.559999465942383,22.049999237060547,22.149999618530273,19.31686782836914,336900
2013-10-24,22.34666633605957,22.440000534057617,22.293333053588867,22.34666633605957,19.488380432128906,252600
2013-10-25,22.426666259765625,22.459999084472656,22.35333251953125,22.416667938232422,19.549421310424805,1077000
2013-10-28,22.469999313354492,22.600000381469727,22.413333892822266,22.56999969482422,19.683141708374023,116100
2013-10-29,22.639999389648438,22.933332443237305,22.639999389648438,22.933332443237305,19.999998092651367,831000
2013-10-30,22.94333267211914,22.97333335876465,22.73666763305664,22.80666732788086,19.889541625976562,108300
2013-10-31,22.84666633605957,23.073333740234375,22.843332290649414,22.956666946411133,20.020357131958008,416700
2013-11-01,23.020000457763672,23.043333053588867,22.77666664123535,22.856666564941406,19.933149337768555,209700
2013-11-04,22.916667938232422,22.916667938232422,22.803333282470703,22.84000015258789,19.918611526489258,232500
2013-11-05,22.69333267211914,22.860000610351562,22.59000015258789,22.786666870117188,19.872098922729492,441600
2013-11-06,22.883333206176758,22.933332443237305,22.73666763305664,22.833332061767578,19.912796020507812,156300
2013-11-07,22.850000381469727,22.850000381469727,22.39666748046875,22.43000030517578,19.561046600341797,244800
2013-11-08,22.456666946411133,22.68000030517578,22.42333221435547,22.67333221435547,19.773265838623047,181500
2013-11-11,22.739999771118164,22.739999771118164,22.56999969482422,22.67333221435547,19.773265838623047,42000
2013-11-12,22.57666778564453,22.81333351135254,22.57666778564453,22.81333351135254,19.895357131958008,362100
2013-11-13,22.683332443237305,23.016666412353516,22.68000030517578,22.996667861938477,20.055238723754883,174900
2013-11-14,22.946666717529297,22.976667404174805,22.856666564941406,22.899999618530273,19.9709415435791,110400
2013-11-15,22.950000762939453,23.083332061767578,22.82666778564453,23.046667098999023,20.098846435546875,105900
2013-11-18,23.083332061767578,23.083332061767578,22.799999237060547,22.84000015258789,19.918611526489258,201000
2013-11-19,22.873332977294922,22.889999389648438,22.559999465942383,22.57666778564453,19.688953399658203,162300
2013-11-20,22.586666107177734,22.636667251586914,22.43000030517578,22.456666946411133,19.584308624267578,178500
2013-11-21,22.53333282470703,22.8799991607666,22.53333282470703,22.863332748413086,19.9389591217041,124500
2013-11-22,22.829999923706055,22.90999984741211,22.766666412353516,22.893333435058594,19.965120315551758,81900
2013-11-25,22.899999618530273,22.906667709350586,22.700000762939453,22.863332748413086,19.9389591217041,74700
2013-11-26,22.8799991607666,23.09666633605957,22.8799991607666,23.05666732788086,20.107566833496094,166200
2013-11-27,22.983333587646484,23.14666748046875,22.916667938232422,23.1200008392334,20.16279411315918,1223400
2013-11-29,23.126667022705078,23.233333587646484,23.123332977294922,23.156667709350586,20.194772720336914,117600
2013-12-02,23.15333366394043,23.219999313354492,23.073333740234375,23.100000381469727,20.145349502563477,175200
2013-12-03,23.043333053588867,23.25666618347168,23.043333053588867,23.18000030517578,20.215120315551758,682500
2013-12-04,23.133333206176758,23.233333587646484,22.92333221435547,23.073333740234375,20.122098922729492,844500
2013-12-05,23.09666633605957,23.226667404174805,23.083332061767578,23.1200008392334,20.16279411315918,149700
2013-12-06,23.363332748413086,23.44333267211914,23.350000381469727,23.389999389648438,20.398265838623047,279000
2013-12-09,23.49333381652832,23.540000915527344,23.416667938232422,23.44333267211914,20.444772720336914,190800
2013-12-10,23.426666259765625,23.48666763305664,23.343332290649414,23.3799991607666,20.389541625976562,130800
2013-12-11,23.399999618530273,23.43666648864746,23.133333206176758,23.176666259765625,20.212215423583984,322800
2013-12-12,23.166667938232422,23.190000534057617,22.940000534057617,22.98666763305664,20.046520233154297,168600
2013-12-13,23.059999465942383,23.06333351135254,22.893333435058594,22.940000534057617,20.005815505981445,137700
2013-12-16,23.21666717529297,23.366666793823242,23.093332290649414,23.22333335876465,20.252910614013672,281700
2013-12-17,23.24333381652832,23.523332595825195,23.24333381652832,23.46666717529297,20.46512222290039,166500
2013-12-18,23.479999542236328,23.65333366394043,23.126667022705078,23.59000015258789,20.57267951965332,381000
2013-12-19,23.600000381469727,23.600000381469727,23.399999618530273,23.49333381652832,20.48837661743164,192000
2013-12-20,23.510000228881836,23.753332138061523,23.510000228881836,23.703332901000977,20.6715145111084,908400
2013-12-23,23.719999313354492,23.829999923706055,23.696666717529297,23.803333282470703,20.82578468322754,435300
2013-12-24,23.836666107177734,23.940000534057617,23.833332061767578,23.856666564941406,20.872453689575195,77100
2013-12-26,23.956666946411133,24.0,23.906667709350586,23.950000762939453,20.954120635986328,252600
2013-12-27,23.969999313354492,24.03333282470703,23.959999084472656,23.969999313354492,20.97160530090332,1479600
2013-12-30,23.979999542236328,24.07666778564453,23.959999084472656,24.010000228881836,21.006607055664062,270900
2013-12-31,24.10333251953125,24.24333381652832,24.10333251953125,24.23666763305664,21.204917907714844,887100
2014-01-02,24.09000015258789,24.09000015258789,23.803333282470703,23.90333366394043,20.913288116455078,865800
2014-01-03,23.899999618530273,23.899999618530273,23.739999771118164,23.833332061767578,20.852039337158203,427800
2014-01-06,23.84000015258789,23.84000015258789,23.67333221435547,23.71666717529297,20.74996566772461,737400
2014-01-07,23.76333236694336,23.916667938232422,23.733333587646484,23.8799991607666,20.892864227294922,394800
2014-01-08,24.066667556762695,24.260000228881836,24.0,24.23666763305664,21.204917907714844,342600
2014-01-09,24.290000915527344,24.290000915527344,23.96666717529297,24.05666732788086,21.04743194580078,213300
2014-01-10,24.073333740234375,24.203332901000977,24.049999237060547,24.166667938232422,21.143686294555664,156000
2014-01-13,24.126667022705078,24.203332901000977,23.816667556762695,23.893333435058594,20.904529571533203,543000
2014-01-14,23.953332901000977,24.453332901000977,23.953332901000977,24.406667709350586,21.353660583496094,383100
2014-01-15,24.540000915527344,24.706666946411133,24.503332138061523,24.623332977294922,21.543210983276367,759000
2014-01-16,24.549999237060547,24.626667022705078,24.450000762939453,24.496667861938477,21.432397842407227,601800
2014-01-17,24.373332977294922,24.520000457763672,24.30666732788086,24.363332748413086,21.31574249267578,545400
2014-01-21,24.456666946411133,24.510000228881836,24.309999465942383,24.496667861938477,21.432397842407227,510900
2014-01-22,24.49333381652832,24.796667098999023,24.446666717529297,24.760000228881836,21.662792205810547,448200
2014-01-23,24.626667022705078,24.639999389648438,24.383333206176758,24.51333236694336,21.44697380065918,285600
2014-01-24,24.366666793823242,24.406667709350586,23.926666259765625,23.94333267211914,20.948284149169922,1125900
2014-01-27,23.99333381652832,24.040000915527344,23.633333206176758,23.77666664123535,20.802457809448242,824700
2014-01-28,23.77666664123535,23.92333221435547,23.65333366394043,23.873332977294922,20.88703727722168,497400
2014-01-29,23.719999313354492,23.99333381652832,23.719999313354492,23.78333282470703,20.80829620361328,921600
2014-01-30,23.99333381652832,24.15333366394043,23.916667938232422,24.083332061767578,21.070762634277344,1313700
2014-01-31,23.780000686645508,24.06333351135254,23.76333236694336,23.97333335876465,20.974529266357422,524700
2014-02-03,23.953332901000977,23.953332901000977,23.386667251586914,23.43666648864746,20.50499153137207,1737900
2014-02-04,23.50666618347168,23.516666412353516,23.34000015258789,23.476667404174805,20.53999137878418,949500
2014-02-05,23.376667022705078,23.60333251953125,23.23666763305664,23.50666618347168,20.56623649597168,606300
2014-02-06,23.546667098999023,23.916667938232422,23.546667098999023,23.8799991607666,20.892864227294922,455700
2014-02-07,23.97333335876465,24.280000686645508,23.893333435058594,24.25666618347168,21.222414016723633,399300
2014-02-10,24.290000915527344,24.40999984741211,24.273332595825195,24.3799991607666,21.330324172973633,346800
2014-02-11,24.420000076293945,24.760000228881836,24.420000076293945,24.700000762939453,21.61029624938965,823800
2014-02-12,24.766666412353516,24.94333267211914,24.766666412353516,24.916667938232422,21.799861907958984,408000
2014-02-13,24.803333282470703,25.209999084472656,24.75666618347168,25.200000762939453,22.047754287719727,347400
2014-02-14,25.170000076293945,25.393333435058594,25.110000610351562,25.363332748413086,22.19065284729004,1166700
2014-02-18,25.39666748046875,25.450000762939453,25.239999771118164,25.43000030517578,22.24897575378418,169500
2014-02-19,25.363332748413086,25.520000457763672,25.336666107177734,25.406667709350586,22.228567123413086,139800
2014-02-20,25.416667938232422,25.606666564941406,25.3700008392334,25.579999923706055,22.380210876464844,285000
2014-02-21,25.6299991607666,25.676666259765625,25.40333366394043,25.469999313354492,22.28397560119629,390300
2014-02-24,25.59666633605957,25.726667404174805,25.566667556762695,25.56999969482422,22.371471405029297,167100
2014-02-25,25.510000228881836,25.59000015258789,25.31333351135254,25.433332443237305,22.251895904541016,243300
2014-02-26,25.520000457763672,25.786666870117188,25.496667861938477,25.606666564941406,22.40355110168457,164400
2014-02-27,25.600000381469727,25.64666748046875,25.43000030517578,25.60333251953125,22.400636672973633,196800
2014-02-28,25.606666564941406,25.68000030517578,25.406667709350586,25.583332061767578,22.383127212524414,163800
2014-03-03,25.3799991607666,25.47333335876465,25.203332901000977,25.42333221435547,22.243146896362305,269400
2014-03-04,25.753332138061523,25.916667938232422,25.753332138061523,25.873332977294922,22.636856079101562,889800
2014-03-05,25.913333892822266,25.99333381652832,25.829999923706055,25.92333221435547,22.68059730529785,289200
2014-03-06,26.0,26.126667022705078,25.906667709350586,26.10333251953125,22.83808708190918,427800
2014-03-07,26.273332595825195,26.273332595825195,25.99333381652832,26.073333740234375,22.811843872070312,672000
2014-03-10,26.083332061767578,26.133333206176758,25.90999984741211,26.030000686645508,22.773923873901367,150300
2014-03-11,26.083332061767578,26.15333366394043,25.81333351135254,25.886667251586914,22.648523330688477,178500
2014-03-12,25.770000457763672,26.10333251953125,25.719999313354492,26.093332290649414,22.829326629638672,145800
2014-03-13,26.170000076293945,26.209999084472656,25.536666870117188,25.670000076293945,22.45895767211914,778200
2014-03-14,25.639999389648438,25.74333381652832,25.520000457763672,25.523332595825195,22.330638885498047,178500
2014-03-17,25.690000534057617,25.93000030517578,25.690000534057617,25.84000015258789,22.607698440551758,150300
2014-03-18,25.940000534057617,26.22333335876465,25.843332290649414,26.213333129882812,22.934326171875,538200
2014-03-19,26.219999313354492,26.366666793823242,26.036666870117188,26.190000534057617,22.913911819458008,785100
2014-03-20,26.126667022705078,26.68666648864746,26.079999923706055,26.67333221435547,23.33677864074707,533700
2014-03-21,26.75666618347168,26.786666870117188,26.3799991607666,26.440000534057617,23.13263511657715,396000
2014-03-24,26.56999969482422,26.59000015258789,26.1200008392334,26.333332061767578,23.03931999206543,727800
2014-03-25,26.386667251586914,26.606666564941406,26.323333740234375,26.459999084472656,23.211545944213867,309300
2014-03-26,26.74333381652832,26.766666412353516,26.15999984741211,26.15999984741211,22.948379516601562,384300
2014-03-27,26.166667938232422,26.25,25.89666748046875,25.96666717529297,22.778778076171875,543600
2014-03-28,26.046667098999023,26.343332290649414,26.030000686645508,26.136667251586914,22.927907943725586,214200
2014-03-31,26.356666564941406,26.64666748046875,26.309999465942383,26.56333351135254,23.30219268798828,696300
2014-04-01,26.68666648864746,26.98666763305664,26.68000030517578,26.98666763305664,23.67355728149414,621000
2014-04-02,27.036666870117188,27.040000915527344,26.80666732788086,26.946666717529297,23.63846778869629,542700
2014-04-03,26.989999771118164,27.233333587646484,26.876667022705078,26.98666763305664,23.67355728149414,354600
2014-04-04,27.200000762939453,27.200000762939453,26.18666648864746,26.22333335876465,23.003934860229492,977700
2014-04-07,26.156667709350586,26.373332977294922,25.84000015258789,25.98666763305664,22.79632568359375,797100
2014-04-08,26.02666664123535,26.343332290649414,26.023332595825195,26.32666778564453,23.094581604003906,181200
2014-04-09,26.446666717529297,26.616666793823242,26.316667556762695,26.60333251953125,23.3372802734375,174000
2014-04-10,26.643333435058594,26.643333435058594,25.753332138061523,25.780000686645508,22.615028381347656,1304400
2014-04-11,25.489999771118164,25.84666633605957,25.309999465942383,25.376667022705078,22.26121711730957,1170000
2014-04-14,25.583332061767578,25.71666717529297,25.34000015258789,25.579999923706055,22.439577102661133,1281000
2014-04-15,25.626667022705078,25.823333740234375,25.299999237060547,25.746667861938477,22.58579444885254,477900
2014-04-16,25.816667556762695,25.833332061767578,25.333332061767578,25.703332901000977,22.547775268554688,590700
2014-04-17,25.863332748413086,26.293333053588867,25.833332061767578,26.18666648864746,22.97176742553711,354600
2014-04-21,26.366666793823242,26.43000030517578,26.093332290649414,26.42333221435547,23.179380416870117,447300
2014-04-22,26.483333587646484,26.729999542236328,26.426666259765625,26.65999984741211,23.386985778808594,621000
2014-04-23,26.690000534057617,26.753332138061523,26.56999969482422,26.636667251586914,23.366527557373047,602100
2014-04-24,26.843332290649414,26.860000610351562,26.446666717529297,26.786666870117188,23.49811553955078,247800
2014-04-25,26.516666412353516,26.516666412353516,25.860000610351562,25.90999984741211,22.729068756103516,261900
2014-04-28,26.05666732788086,26.113332748413086,25.393333435058594,25.76333236694336,22.600412368774414,882900
2014-04-29,25.886667251586914,26.0,25.766666412353516,25.940000534057617,22.755382537841797,215100
2014-04-30,25.866666793823242,26.07666778564453,25.833332061767578,26.06999969482422,22.869422912597656,155700
2014-05-01,26.040000915527344,26.316667556762695,25.933332443237305,25.98666763305664,22.79632568359375,85500
2014-05-02,25.989999771118164,26.18666648864746,25.946666717529297,26.07666778564453,22.875268936157227,66300
2014-05-05,25.920000076293945,26.170000076293945,25.84666633605957,26.100000381469727,22.895742416381836,258900
2014-05-06,26.10333251953125,26.233333587646484,25.97333335876465,26.0,22.808015823364258,222600
2014-05-07,26.116666793823242,26.116666793823242,25.799999237060547,26.010000228881836,22.81679344177246,105600
2014-05-08,26.010000228881836,26.549999237060547,25.916667938232422,26.190000534057617,22.974695205688477,139200
2014-05-09,26.206666946411133,26.206666946411133,25.93000030517578,26.106666564941406,22.901594161987305,199800
2014-05-12,26.253332138061523,26.613332748413086,26.246667861938477,26.583332061767578,23.319738388061523,169500
2014-05-13,26.68666648864746,26.68666648864746,26.3700008392334,26.373332977294922,23.135522842407227,322200
2014-05-14,26.376667022705078,26.3799991607666,26.143333435058594,26.15333366394043,22.942533493041992,103200
2014-05-15,26.123332977294922,26.163333892822266,25.65999984741211,25.84666633605957,22.67351531982422,708900
2014-05-16,25.953332901000977,26.149999618530273,25.889999389648438,26.133333206176758,22.92498016357422,204300
2014-05-19,26.113332748413086,26.459999084472656,26.113332748413086,26.39666748046875,23.155986785888672,384600
2014-05-20,26.386667251586914,26.483333587646484,26.1299991607666,26.270000457763672,23.04487419128418,238200
2014-05-21,26.3700008392334,26.46666717529297,26.273332595825195,26.39666748046875,23.155986785888672,137100
2014-05-22,26.456666946411133,26.623332977294922,26.44333267211914,26.516666412353516,23.261247634887695,264300
2014-05-23,26.543333053588867,26.78333282470703,26.483333587646484,26.770000457763672,23.483489990234375,233700
2014-05-27,26.950000762939453,27.100000381469727,26.883333206176758,27.100000381469727,23.77298355102539,579900
2014-05-28,27.143333435058594,27.203332901000977,27.0,27.139999389648438,23.808067321777344,255000
2014-05-29,27.22333335876465,27.280000686645508,27.139999389648438,27.190000534057617,23.8519287109375,150900
2014-05-30,27.23666763305664,27.26333236694336,27.1200008392334,27.22333335876465,23.88117218017578,219600
2014-06-02,27.399999618530273,27.450000762939453,27.166667938232422,27.373332977294922,24.01275062561035,379500
2014-06-03,27.386667251586914,27.649999618530273,27.31333351135254,27.6299991607666,24.237903594970703,336900
2014-06-04,27.59000015258789,27.793333053588867,27.543333053588867,27.753332138061523,24.346101760864258,636600
2014-06-05,27.796667098999023,27.953332901000977,27.663333892822266,27.889999389648438,24.465991973876953,260700
2014-06-06,27.99333381652832,28.079999923706055,27.959999084472656,28.053333282470703,24.609268188476562,332700
2014-06-09,28.143333435058594,28.24333381652832,28.046667098999023,28.079999923706055,24.632658004760742,235200
2014-06-10,28.10333251953125,28.18000030517578,27.983333587646484,28.163333892822266,24.705760955810547,199200
2014-06-11,28.15333366394043,28.416667938232422,28.14666748046875,28.309999465942383,24.83441925048828,344100
2014-06-12,28.290000915527344,28.406667709350586,28.113332748413086,28.213333129882812,24.749622344970703,867300
2014-06-13,28.469999313354492,28.56999969482422,28.34000015258789,28.489999771118164,24.992324829101562,391500
2014-06-16,28.459999084472656,28.713333129882812,28.453332901000977,28.65999984741211,25.14145278930664,761100
2014-06-17,28.610000610351562,28.90999984741211,28.610000610351562,28.8700008392334,25.325666427612305,330600
2014-06-18,28.90999984741211,28.90999984741211,28.540000915527344,28.75,25.22041130065918,698100
2014-06-19,28.823333740234375,28.823333740234375,28.606666564941406,28.790000915527344,25.2554931640625,905100
2014-06-20,28.85333251953125,28.876667022705078,28.74333381652832,28.876667022705078,25.331523895263672,685800
2014-06-23,28.913333892822266,28.913333892822266,28.73666763305664,28.770000457763672,25.237953186035156,1428600
2014-06-24,28.76333236694336,28.883333206176758,28.399999618530273,28.456666946411133,25.033275604248047,1128000
2014-06-25,28.40333366394043,28.606666564941406,28.28333282470703,28.57666778564453,25.138845443725586,435300
2014-06-26,28.59666633605957,28.59666633605957,28.239999771118164,28.450000762939453,25.02741241455078,247800
2014-06-27,28.383333206176758,28.503332138061523,28.34666633605957,28.48666763305664,25.05967140197754,476700
2014-06-30,28.55666732788086,28.823333740234375,28.51333236694336,28.799999237060547,25.33530044555664,297000
2014-07-01,28.90999984741211,29.30666732788086,28.889999389648438,29.19333267211914,25.68131446838379,306900
2014-07-02,29.286666870117188,29.31333351135254,29.18000030517578,29.270000457763672,25.748764038085938,445800
2014-07-03,29.366666793823242,29.503332138061523,29.366666793823242,29.453332901000977,25.9100399017334,316800
2014-07-07,29.47333335876465,29.47333335876465,29.213333129882812,29.25666618347168,25.737035751342773,468000
2014-07-08,29.219999313354492,29.253332138061523,28.823333740234375,29.100000381469727,25.59920883178711,525900
2014-07-09,29.079999923706055,29.293333053588867,28.963333129882812,29.27666664123535,25.754629135131836,382800
2014-07-10,28.85333251953125,29.25,28.75666618347168,29.143333435058594,25.637340545654297,471000
2014-07-11,29.14666748046875,29.203332901000977,29.023332595825195,29.139999389648438,25.634403228759766,347700
2014-07-14,29.303333282470703,29.386667251586914,29.196666717529297,29.28333282470703,25.7604923248291,937500
2014-07-15,29.296667098999023,29.383333206176758,28.926666259765625,29.196666717529297,25.684247970581055,434700
2014-07-16,29.42333221435547,29.553333282470703,29.366666793823242,29.536666870117188,25.98335075378418,308100
2014-07-17,29.229999542236328,29.239999771118164,28.729999542236328,28.773332595825195,25.311843872070312,1110900
2014-07-18,28.886667251586914,29.176666259765625,28.850000381469727,29.149999618530273,25.64320182800293,605400
2014-07-21,29.086666107177734,29.296667098999023,29.043333053588867,29.23666763305664,25.71944236755371,355500
2014-07-22,29.35333251953125,29.476667404174805,29.293333053588867,29.426666259765625,25.886585235595703,342300
2014-07-23,29.28333282470703,29.28333282470703,28.73666763305664,28.753332138061523,25.29425048828125,797400
2014-07-24,28.739999771118164,28.74333381652832,28.47333335876465,28.48666763305664,25.05967140197754,921600
2014-07-25,28.27666664123535,28.31333351135254,27.860000610351562,27.92333221435547,24.564105987548828,2210100
2014-07-28,27.933332443237305,27.946666717529297,27.559999465942383,27.89666748046875,24.540651321411133,1801800
2014-07-29,27.98666763305664,28.116666793823242,27.843332290649414,27.84666633605957,24.49666404724121,577800
2014-07-30,28.086666107177734,28.203332901000977,27.950000762939453,28.116666793823242,24.73418426513672,1718400
2014-07-31,27.799999237060547,27.886667251586914,27.426666259765625,27.546667098999023,24.232749938964844,2455800
2014-08-01,27.503332138061523,27.786666870117188,27.399999618530273,27.636667251586914,24.311918258666992,587400
2014-08-04,27.709999084472656,27.836666107177734,27.489999771118164,27.75666618347168,24.4174861907959,720600
2014-08-05,27.666667938232422,27.770000457763672,27.366666793823242,27.463333129882812,24.15943717956543,1244100
2014-08-06,27.360000610351562,27.75,27.316667556762695,27.553333282470703,24.23862075805664,859800
2014-08-07,27.72333335876465,27.739999771118164,27.1200008392334,27.183332443237305,23.913131713867188,879000
2014-08-08,27.286666870117188,27.53333282470703,27.246667861938477,27.520000457763672,24.209291458129883,652500
2014-08-11,27.64666748046875,27.92333221435547,27.636667251586914,27.770000457763672,24.429218292236328,1435200
2014-08-12,27.75,27.80666732788086,27.51333236694336,27.75,24.411617279052734,196800
2014-08-13,27.793333053588867,28.01333236694336,27.793333053588867,28.01333236694336,24.643285751342773,407400
2014-08-14,28.01333236694336,28.110000610351562,27.963333129882812,28.066667556762695,24.69019317626953,469200
2014-08-15,28.286666870117188,28.459999084472656,28.036666870117188,28.363332748413086,24.951168060302734,622500
2014-08-18,28.463333129882812,28.479999542236328,28.266666412353516,28.47333335876465,25.04793930053711,488400
2014-08-19,28.546667098999023,28.719999313354492,28.516666412353516,28.676666259765625,25.226808547973633,712200
2014-08-20,28.636667251586914,28.950000762939453,28.636667251586914,28.916667938232422,25.437938690185547,262800
2014-08-21,28.90333366394043,29.043333053588867,28.850000381469727,29.02666664123535,25.534696578979492,409500
2014-08-22,29.010000228881836,29.166667938232422,28.926666259765625,29.046667098999023,25.552295684814453,467400
2014-08-25,29.226667404174805,29.226667404174805,28.889999389648438,28.94333267211914,25.461389541625977,247800
2014-08-26,28.97333335876465,29.053333282470703,28.916667938232422,28.946666717529297,25.46433448791504,153000
2014-08-27,28.959999084472656,29.023332595825195,28.82666778564453,29.0,25.511240005493164,356700
2014-08-28,28.850000381469727,29.110000610351562,28.809999465942383,29.093332290649414,25.59334945678711,207600
2014-08-29,29.25666618347168,29.399999618530273,29.196666717529297,29.31333351135254,25.786888122558594,240900
2014-09-02,29.356666564941406,29.416667938232422,29.049999237060547,29.18000030517578,25.669593811035156,214200
2014-09-03,29.293333053588867,29.3799991607666,29.196666717529297,29.260000228881836,25.739974975585938,238200
2014-09-04,29.336666107177734,29.553333282470703,29.266666412353516,29.343332290649414,25.813268661499023,270600
2014-09-05,29.363332748413086,29.59000015258789,29.31333351135254,29.586666107177734,26.0273380279541,445200
2014-09-08,29.553333282470703,29.823333740234375,29.546667098999023,29.65999984741211,26.091846466064453,474300
2014-09-09,29.666667938232422,29.690000534057617,29.34666633605957,29.386667251586914,25.851394653320312,190500
2014-09-10,29.356666564941406,29.426666259765625,29.196666717529297,29.376667022705078,25.842594146728516,162300
2014-09-11,29.28333282470703,29.453332901000977,29.163333892822266,29.453332901000977,25.9100399017334,250800
2014-09-12,29.416667938232422,29.416667938232422,29.02666664123535,29.086666107177734,25.587491989135742,624600
2014-09-15,29.14666748046875,29.156667709350586,28.71666717529297,28.729999542236328,25.27372932434082,652500
2014-09-16,28.683332443237305,29.270000457763672,28.670000076293945,29.229999542236328,25.71356773376465,1664400
2014-09-17,29.28333282470703,29.60333251953125,29.25666618347168,29.440000534057617,25.8983097076416,444000
2014-09-18,29.56333351135254,29.889999389648438,29.536666870117188,29.889999389648438,26.294172286987305,355500
2014-09-19,30.030000686645508,30.036666870117188,29.463333129882812,29.516666412353516,25.96575355529785,339000
2014-09-22,29.40999984741211,29.479999542236328,29.10333251953125,29.15999984741211,25.651994705200195,315600
2014-09-23,29.023332595825195,29.290000915527344,28.953332901000977,29.066667556762695,25.56988525390625,632700
2014-09-24,29.040000915527344,29.360000610351562,29.040000915527344,29.350000381469727,25.890399932861328,329100
2014-09-25,29.290000915527344,29.309999465942383,28.72333335876465,28.81333351135254,25.4169864654541,507900
2014-09-26,29.036666870117188,29.22333335876465,28.940000534057617,29.15333366394043,25.716917037963867,828300
2014-09-29,28.860000610351562,29.28333282470703,28.803333282470703,29.190000534057617,25.749263763427734,325800
2014-09-30,29.233333587646484,29.233333587646484,28.843332290649414,28.950000762939453,25.537551879882812,370800
2014-10-01,28.893333435058594,28.893333435058594,28.170000076293945,28.24333381652832,24.9141788482666,1676700
2014-10-02,28.23666763305664,28.23666763305664,27.566667556762695,28.06999969482422,24.761276245117188,584400
2014-10-03,28.30666732788086,28.43666648864746,28.09666633605957,28.246667861938477,24.9171199798584,489600
2014-10-06,28.296667098999023,28.34666633605957,27.816667556762695,28.0,24.699533462524414,429900
2014-10-07,27.906667709350586,27.96666717529297,27.46666717529297,27.46666717529297,24.229063034057617,1260600
2014-10-08,27.52666664123535,28.14666748046875,27.239999771118164,28.086666107177734,24.77597999572754,439200
2014-10-09,28.030000686645508,28.03333282470703,27.309999465942383,27.32666778564453,24.10556411743164,1307100
2014-10-10,26.566667556762695,26.573333740234375,25.213333129882812,25.44333267211914,22.44422721862793,3951300
2014-10-13,25.456666946411133,25.773332595825195,24.886667251586914,24.90333366394043,21.967876434326172,4425000
2014-10-14,25.350000381469727,25.833332061767578,25.143333435058594,25.35333251953125,22.364835739135742,3031200
2014-10-15,24.866666793823242,25.666667938232422,24.719999313354492,25.47333335876465,22.470684051513672,1984800
2014-10-16,25.123332977294922,26.043333053588867,25.116666793823242,25.866666793823242,22.81765365600586,990300
2014-10-17,26.329999923706055,26.5,26.016666412353516,26.05666732788086,22.985260009765625,1563000
2014-10-20,26.066667556762695,26.496667861938477,25.883333206176758,26.469999313354492,23.349876403808594,591900
2014-10-21,26.78333282470703,27.459999084472656,26.76333236694336,27.446666717529297,24.211416244506836,1086600
2014-10-22,27.656667709350586,27.69333267211914,27.040000915527344,27.053333282470703,23.864452362060547,2008500
2014-10-23,27.40999984741211,27.59000015258789,27.32666778564453,27.44333267211914,24.208480834960938,709500
2014-10-24,27.450000762939453,27.786666870117188,27.43000030517578,27.71666717529297,24.449596405029297,624900
2014-10-27,27.696666717529297,27.889999389648438,27.48666763305664,27.84666633605957,24.564273834228516,1352400
2014-10-28,27.99333381652832,28.253332138061523,27.899999618530273,28.24333381652832,24.9141788482666,1290900
2014-10-29,28.196666717529297,28.373332977294922,27.976667404174805,28.299999237060547,24.964157104492188,1864200
2014-10-30,28.166667938232422,28.196666717529297,27.606666564941406,27.956666946411133,24.66130256652832,1145100
2014-10-31,28.733333587646484,29.190000534057617,28.733333587646484,29.049999237060547,25.625757217407227,2241300
2014-11-03,29.093332290649414,29.406667709350586,29.049999237060547,29.25,25.802186965942383,1669500
2014-11-04,29.139999389648438,29.316667556762695,28.926666259765625,29.143333435058594,25.708097457885742,539700
2014-11-05,29.363332748413086,29.47333335876465,29.110000610351562,29.43666648864746,25.96684455871582,762900
2014-11-06,29.26333236694336,29.366666793823242,29.0,29.183332443237305,25.743379592895508,978000
2014-11-07,29.149999618530273,29.24333381652832,28.68666648864746,28.920000076293945,25.511083602905273,445200
2014-11-10,29.0,29.18000030517578,28.876667022705078,29.133333206176758,25.699268341064453,326100
2014-11-11,29.18000030517578,29.18000030517578,28.953332901000977,29.07666778564453,25.64928436279297,533700
2014-11-12,28.963333129882812,29.05666732788086,28.876667022705078,29.03333282470703,25.61105728149414,254700
2014-11-13,29.126667022705078,29.32666778564453,28.933332443237305,29.036666870117188,25.61400032043457,186600
2014-11-14,28.98666763305664,29.309999465942383,28.829999923706055,29.290000915527344,25.83746910095215,277500
2014-11-17,29.15333366394043,29.239999771118164,28.920000076293945,29.156667709350586,25.71985626220703,864900
2014-11-18,29.206666946411133,29.80666732788086,29.206666946411133,29.726667404174805,26.222667694091797,456900
2014-11-19,29.77666664123535,29.77666664123535,29.386667251586914,29.523332595825195,26.04330062866211,725700
2014-11-20,29.389999389648438,29.82666778564453,29.26333236694336,29.793333053588867,26.281469345092773,651300
2014-11-21,30.110000610351562,30.209999084472656,29.883333206176758,30.1200008392334,26.569637298583984,1091700
2014-11-24,30.18000030517578,30.426666259765625,30.133333206176758,30.40999984741211,26.82545280456543,533100
2014-11-25,30.5,30.510000228881836,30.350000381469727,30.416667938232422,26.831336975097656,610500
2014-11-26,30.43000030517578,31.066667556762695,30.43000030517578,31.059999465942383,27.398826599121094,552300
2014-11-28,31.123332977294922,31.233333587646484,30.956666946411133,31.14666748046875,27.475278854370117,333900
2014-12-01,31.010000228881836,31.17333221435547,30.639999389648438,30.753332138061523,27.12832260131836,930300
2014-12-02,30.683332443237305,30.956666946411133,30.55666732788086,30.946666717529297,27.298858642578125,538800
2014-12-03,31.09666633605957,31.626667022705078,31.083332061767578,31.59666633605957,27.87224006652832,1059600
2014-12-04,31.690000534057617,31.82666778564453,31.446666717529297,31.623332977294922,27.8957576751709,741000
2014-12-05,31.72333335876465,31.946666717529297,31.663333892822266,31.940000534057617,28.175107955932617,362100
2014-12-08,31.883333206176758,32.0099983215332,31.296667098999023,31.489999771118164,27.778146743774414,1208400
2014-12-09,31.043333053588867,31.553333282470703,30.956666946411133,31.48666763305664,27.775209426879883,645900
2014-12-10,31.323333740234375,31.489999771118164,30.829999923706055,30.886667251586914,27.245935440063477,667500
2014-12-11,31.023332595825195,31.406667709350586,30.963333129882812,31.03333282470703,27.37531089782715,1842900
2014-12-12,30.760000228881836,30.963333129882812,30.489999771118164,30.520000457763672,26.922483444213867,1188600
2014-12-15,30.666667938232422,30.969999313354492,30.136667251586914,30.23666763305664,26.672550201416016,1096800
2014-12-16,30.106666564941406,30.670000076293945,29.98666763305664,30.030000686645508,26.4902400970459,855900
2014-12-17,30.083332061767578,30.753332138061523,29.876667022705078,30.676666259765625,27.060686111450195,812100
2014-12-18,31.183332443237305,31.260000228881836,30.969999313354492,31.260000228881836,27.575254440307617,627600
2014-12-19,31.433332443237305,31.433332443237305,31.036666870117188,31.26333236694336,27.57819938659668,577500
2014-12-22,31.336666107177734,31.683332443237305,31.296667098999023,31.64666748046875,27.916345596313477,377700
2014-12-23,31.78333282470703,31.906667709350586,31.566667556762695,31.57666778564453,27.854602813720703,982500
2014-12-24,31.433332443237305,31.503332138061523,31.360000610351562,31.3700008392334,27.896394729614258,203400
2014-12-26,31.450000762939453,31.543333053588867,31.373332977294922,31.40999984741211,27.931964874267578,201000
2014-12-29,31.393333435058594,31.399999618530273,31.213333129882812,31.31999969482422,27.8519344329834,204600
2014-12-30,31.106666564941406,31.270000457763672,31.106666564941406,31.123332977294922,27.677047729492188,362700
2014-12-31,31.170000076293945,31.393333435058594,30.94333267211914,30.963333129882812,27.53476333618164,290100
2015-01-02,31.100000381469727,31.27666664123535,30.64666748046875,30.93666648864746,27.511043548583984,663000
2015-01-05,30.80666732788086,30.863332748413086,30.343332290649414,30.35333251953125,26.99230194091797,619500
2015-01-06,30.373332977294922,30.40333366394043,29.59000015258789,29.676666259765625,26.390565872192383,1123800
2015-01-07,29.84666633605957,30.10333251953125,29.670000076293945,29.969999313354492,26.65141487121582,721200
2015-01-08,30.273332595825195,30.90999984741211,30.273332595825195,30.860000610351562,27.442867279052734,633000
2015-01-09,30.983333587646484,31.0,30.50666618347168,30.876667022705078,27.45768165588379,420900
2015-01-12,30.74333381652832,30.74333381652832,30.136667251586914,30.28333282470703,26.930055618286133,572400
2015-01-13,30.503332138061523,30.876667022705078,29.833332061767578,29.98666763305664,26.666240692138672,520800
2015-01-14,29.696666717529297,30.113332748413086,29.510000228881836,29.816667556762695,26.51506233215332,1241700
2015-01-15,30.049999237060547,30.213333129882812,29.55666732788086,29.579999923706055,26.30460548400879,663000
2015-01-16,29.476667404174805,29.94333267211914,29.350000381469727,29.90333366394043,26.592132568359375,876900
2015-01-20,30.05666732788086,30.323333740234375,29.82666778564453,30.213333129882812,26.867807388305664,395400
2015-01-21,30.156667709350586,30.690000534057617,30.02666664123535,30.55666732788086,27.173120498657227,433500
2015-01-22,30.530000686645508,30.766666412353516,29.963333129882812,30.739999771118164,27.336149215698242,1371300
2015-01-23,30.60333251953125,30.799999237060547,30.510000228881836,30.65999984741211,27.2650089263916,564600
2015-01-26,30.593332290649414,30.786666870117188,30.366666793823242,30.71666717529297,27.315406799316406,353700
2015-01-27,30.323333740234375,30.453332901000977,29.983333587646484,30.170000076293945,26.82927703857422,1060800
2015-01-28,30.586666107177734,30.829999923706055,30.00666618347168,30.02666664123535,26.70180320739746,945900
2015-01-29,29.926666259765625,30.139999389648438,29.48666763305664,30.046667098999023,26.719594955444336,658200
2015-01-30,29.706666946411133,30.10333251953125,29.413333892822266,29.456666946411133,26.19491958618164,1456200
2015-02-02,29.510000228881836,29.626667022705078,28.916667938232422,29.53333282470703,26.26310157775879,927300
2015-02-03,29.65999984741211,30.06999969482422,29.616666793823242,30.05666732788086,26.72849464416504,631200
2015-02-04,29.976667404174805,30.383333206176758,29.96666717529297,30.170000076293945,26.82927703857422,1008000
2015-02-05,30.293333053588867,30.476667404174805,30.1299991607666,30.463333129882812,27.090124130249023,699000
2015-02-06,30.50666618347168,30.760000228881836,30.219999313354492,30.296667098999023,26.94191551208496,1006200
2015-02-09,30.253332138061523,30.253332138061523,29.899999618530273,29.976667404174805,26.657344818115234,1523400
2015-02-10,30.34666633605957,31.0,30.26333236694336,30.989999771118164,27.558473587036133,1259100
2015-02-11,30.99333381652832,31.200000762939453,30.889999389648438,31.09000015258789,27.64739990234375,965700
2015-02-12,31.183332443237305,31.59666633605957,31.183332443237305,31.586666107177734,28.089065551757812,935400
2015-02-13,31.729999542236328,31.90333366394043,31.536666870117188,31.809999465942383,28.287673950195312,737100
2015-02-17,31.796667098999023,31.946666717529297,31.700000762939453,31.90999984741211,28.37659454345703,2393400
2015-02-18,31.873332977294922,31.920000076293945,31.700000762939453,31.82666778564453,28.302499771118164,458700
2015-02-19,31.780000686645508,32.00666809082031,31.733333587646484,31.913333892822266,28.379560470581055,651600
2015-02-20,31.82666778564453,32.12666702270508,31.75,32.10333251953125,28.548521041870117,1902900
2015-02-23,32.06666564941406,32.06666564941406,31.790000915527344,31.90333366394043,28.37066650390625,673200
2015-02-24,31.90333366394043,32.34333419799805,31.68666648864746,32.33000183105469,28.75009536743164,842400
2015-02-25,32.2599983215332,32.336666107177734,32.06666564941406,32.163333892822266,28.601884841918945,387900
2015-02-26,32.31666564941406,32.45333480834961,32.21333312988281,32.383331298828125,28.797517776489258,295500
2015-02-27,32.37666702270508,32.4466667175293,32.186668395996094,32.28666687011719,28.711557388305664,350100
2015-03-02,32.560001373291016,33.189998626708984,32.55666732788086,33.17333221435547,29.500041961669922,865800
2015-03-03,33.05666732788086,33.05666732788086,32.516666412353516,32.560001373291016,28.954620361328125,1192200
2015-03-04,32.470001220703125,32.526668548583984,32.150001525878906,32.516666412353516,28.916095733642578,569700
2015-03-05,32.630001068115234,32.723331451416016,32.400001525878906,32.53666687011719,28.933876037597656,733500
2015-03-06,32.43000030517578,32.483333587646484,32.11000061035156,32.20000076293945,28.634490966796875,642600
2015-03-09,32.17333221435547,32.37666702270508,32.13999938964844,32.29999923706055,28.723421096801758,519900
2015-03-10,32.09000015258789,32.16666793823242,31.696666717529297,31.703332901000977,28.192821502685547,1150500
2015-03-11,31.863332748413086,32.099998474121094,31.76333236694336,31.773332595825195,28.25507354736328,356100
2015-03-12,31.440000534057617,31.773332595825195,31.416667938232422,31.76333236694336,28.246170043945312,1173300
2015-03-13,31.84000015258789,32.03333282470703,31.633333206176758,31.976667404174805,28.43588638305664,539100
2015-03-16,32.150001525878906,32.470001220703125,32.106666564941406,32.46333312988281,28.868661880493164,657600
2015-03-17,32.22666549682617,32.28333282470703,32.04666519165039,32.22666549682617,28.658201217651367,439800
2015-03-18,32.21666717529297,32.62333297729492,31.80666732788086,32.46666717529297,28.871627807617188,466500
2015-03-19,32.43333435058594,32.619998931884766,32.38666534423828,32.540000915527344,28.93684196472168,283200
2015-03-20,32.776668548583984,33.10333251953125,32.733333587646484,33.0,29.345901489257812,462300
2015-03-23,33.0099983215332,33.04666519165039,32.71333312988281,32.72666549682617,29.10283660888672,401100
2015-03-24,32.75,32.75,32.426666259765625,32.4466667175293,28.853839874267578,580200
2015-03-25,32.336666107177734,32.37333297729492,30.81999969482422,30.856666564941406,27.51310920715332,1159200
2015-03-26,30.139999389648438,30.6299991607666,29.760000228881836,30.433332443237305,27.13564109802246,1420500
2015-03-27,30.446666717529297,31.413333892822266,30.376667022705078,31.296667098999023,27.905420303344727,1165500
2015-03-30,31.5,31.780000686645508,31.316667556762695,31.696666717529297,28.262083053588867,1275300
2015-03-31,31.559999465942383,31.623332977294922,31.290000915527344,31.34000015258789,27.944067001342773,408900
2015-04-01,31.253332138061523,31.273332595825195,30.893333435058594,31.136667251586914,27.762765884399414,625500
2015-04-02,31.26333236694336,31.350000381469727,31.040000915527344,31.066667556762695,27.70035743713379,643800
2015-04-06,30.773332595825195,31.273332595825195,30.606666564941406,31.203332901000977,27.822208404541016,1060800
2015-04-07,31.209999084472656,31.483333587646484,31.156667709350586,31.21666717529297,27.8341007232666,1043700
2015-04-08,31.15333366394043,31.503332138061523,31.136667251586914,31.399999618530273,27.997568130493164,876300
2015-04-09,31.246667861938477,31.850000381469727,31.246667861938477,31.809999465942383,28.363142013549805,597600
2015-04-10,31.833332061767578,31.940000534057617,31.786666870117188,31.940000534057617,28.47905158996582,264900
2015-04-13,31.983333587646484,32.099998474121094,31.706666946411133,31.75,28.30964469909668,436500
2015-04-14,31.753332138061523,31.753332138061523,31.329999923706055,31.426666259765625,28.02134895324707,664200
2015-04-15,31.666667938232422,32.043331146240234,31.626667022705078,31.950000762939453,28.487979888916016,444300
2015-04-16,31.643333435058594,31.860000610351562,31.643333435058594,31.81333351135254,28.36611557006836,523200
2015-04-17,31.55666732788086,31.55666732788086,31.209999084472656,31.360000610351562,27.9619083404541,497700
2015-04-20,31.520000457763672,31.753332138061523,31.51333236694336,31.626667022705078,28.199674606323242,398100
2015-04-21,31.979999542236328,32.06666564941406,31.733333587646484,31.843332290649414,28.392858505249023,454500
2015-04-22,32.040000915527344,32.29999923706055,31.790000915527344,32.293331146240234,28.79410171508789,450900
2015-04-23,31.719999313354492,31.90333366394043,31.546667098999023,31.793333053588867,28.348283767700195,588900
2015-04-24,31.733333587646484,31.753332138061523,31.073333740234375,31.270000457763672,27.88165283203125,630600
2015-04-27,31.31333351135254,31.676666259765625,31.273332595825195,31.350000381469727,27.95298957824707,595200
2015-04-28,31.366666793823242,31.446666717529297,30.94333267211914,31.3799991607666,27.9797306060791,1202700
2015-04-29,31.143333435058594,31.299999237060547,30.883333206176758,31.206666946411133,27.825185775756836,784500
2015-04-30,31.149999618530273,31.266666412353516,30.74333381652832,30.93666648864746,27.584440231323242,2324100
2015-05-01,31.22333335876465,31.8700008392334,31.213333129882812,31.796667098999023,28.351253509521484,1523700
2015-05-04,31.8700008392334,31.93666648864746,31.649999618530273,31.733333587646484,28.294782638549805,662400
2015-05-05,31.50666618347168,31.586666107177734,31.01333236694336,31.043333053588867,27.679546356201172,748200
2015-05-06,31.15999984741211,31.303333282470703,30.780000686645508,31.00666618347168,27.6468505859375,1397400
2015-05-07,31.126667022705078,31.393333435058594,31.126667022705078,31.34666633605957,27.950014114379883,928500
2015-05-08,31.60333251953125,31.793333053588867,31.573333740234375,31.65999984741211,28.229400634765625,657000
2015-05-11,31.65999984741211,31.796667098999023,31.549999237060547,31.68000030517578,28.24723243713379,495000
2015-05-12,31.543333053588867,31.583332061767578,31.25,31.393333435058594,27.991622924804688,996000
2015-05-13,31.559999465942383,31.81333351135254,31.5,31.586666107177734,28.16401481628418,393900
2015-05-14,31.80666732788086,32.08000183105469,31.690000534057617,31.963333129882812,28.499860763549805,876300
2015-05-15,32.02333450317383,32.13666534423828,31.8799991607666,32.016666412353516,28.54741096496582,379200
2015-05-18,32.060001373291016,32.3466682434082,31.969999313354492,32.33000183105469,28.826801300048828,625500
2015-05-19,32.40999984741211,32.56666564941406,32.099998474121094,32.21333312988281,28.722774505615234,457200
2015-05-20,32.253334045410156,32.51333236694336,32.13999938964844,32.28333282470703,28.785179138183594,858600
2015-05-21,32.25666809082031,32.496665954589844,32.116668701171875,32.4466667175293,28.930814743041992,460200
2015-05-22,32.40666580200195,32.62666702270508,32.40666580200195,32.51333236694336,28.990262985229492,411000
2015-05-26,32.46333312988281,32.49333190917969,32.116668701171875,32.26333236694336,28.76734733581543,785400
2015-05-27,32.36333465576172,33.63999938964844,32.3466682434082,33.529998779296875,29.896766662597656,1316100
2015-05-28,33.563331604003906,33.723331451416016,33.34000015258789,33.563331604003906,29.926488876342773,1225800
2015-05-29,33.66999816894531,33.82666778564453,33.53333282470703,33.689998626708984,30.0394287109375,1813800
2015-06-01,33.8033332824707,33.93333435058594,33.529998779296875,33.709999084472656,30.057254791259766,1315800
2015-06-02,33.606666564941406,33.606666564941406,33.28333282470703,33.33333206176758,29.72140884399414,938700
2015-06-03,33.5,33.529998779296875,33.08333206176758,33.106666564941406,29.519302368164062,3604800
2015-06-04,32.96666717529297,33.08000183105469,32.706668853759766,32.80666732788086,29.251813888549805,1787400
2015-06-05,32.766666412353516,32.90666580200195,32.51333236694336,32.810001373291016,29.25478744506836,1308000
2015-06-08,32.84000015258789,32.84000015258789,32.106666564941406,32.19333267211914,28.70492935180664,1367700
2015-06-09,32.21333312988281,32.25666809082031,31.84666633605957,32.17333221435547,28.687103271484375,1645500
2015-06-10,32.323333740234375,32.686668395996094,32.30666732788086,32.573333740234375,29.04376220703125,1308900
2015-06-11,32.709999084472656,32.72666549682617,32.53333282470703,32.563331604003906,29.03484344482422,1614300
2015-06-12,32.426666259765625,32.426666259765625,32.22666549682617,32.27000045776367,28.773292541503906,657000
2015-06-15,31.93666648864746,32.22999954223633,31.78333282470703,32.20333480834961,28.71385955810547,828300
2015-06-16,32.143333435058594,32.37333297729492,32.06666564941406,32.293331146240234,28.79410171508789,679200
2015-06-17,32.33000183105469,32.4466667175293,32.20000076293945,32.31999969482422,28.81787109375,727200
2015-06-18,32.40666580200195,32.93000030517578,32.40666580200195,32.776668548583984,29.225069046020508,796800
2015-06-19,32.856666564941406,32.95000076293945,32.50666809082031,32.61333465576172,29.079431533813477,1072500
2015-06-22,32.883331298828125,32.973331451416016,32.72666549682617,32.88999938964844,29.326112747192383,899700
2015-06-23,32.95333480834961,33.0,32.616668701171875,32.72666549682617,29.18047523498535,976500
2015-06-24,32.59333419799805,32.67333221435547,32.290000915527344,32.29666519165039,28.872060775756836,742200
2015-06-25,32.383331298828125,32.4900016784668,32.19333267211914,32.27333450317383,28.85120964050293,973200
2015-06-26,31.983333587646484,31.983333587646484,31.343332290649414,31.469999313354492,28.1330509185791,1826700
2015-06-29,31.05666732788086,31.27666664123535,30.56333351135254,30.586666107177734,27.343385696411133,1572300
2015-06-30,30.866666793823242,30.933332443237305,30.559999465942383,30.696666717529297,27.44171905517578,4370400
2015-07-01,31.133333206176758,31.18000030517578,30.706666946411133,30.770000457763672,27.507280349731445,1442400
2015-07-02,30.829999923706055,31.010000228881836,30.78333282470703,30.913333892822266,27.635412216186523,1002300
2015-07-06,30.633333206176758,30.913333892822266,30.329999923706055,30.463333129882812,27.23313331604004,3059400
2015-07-07,30.476667404174805,30.479999542236328,29.446666717529297,30.366666793823242,27.146717071533203,2893200
2015-07-08,29.959999084472656,30.043333053588867,29.47333335876465,29.546667098999023,26.41366195678711,1993500
2015-07-09,30.083332061767578,30.15333366394043,29.15999984741211,29.170000076293945,26.076932907104492,3779700
2015-07-10,29.516666412353516,29.81333351135254,29.48666763305664,29.709999084472656,26.55967903137207,1492200
2015-07-13,29.969999313354492,30.020000457763672,29.746667861938477,29.959999084472656,26.783170700073242,1103700
2015-07-14,30.106666564941406,30.34666633605957,30.06999969482422,30.273332595825195,27.063268661499023,1011300
2015-07-15,30.34000015258789,30.34000015258789,29.956666946411133,30.093332290649414,26.902362823486328,1074900
2015-07-16,30.316667556762695,30.316667556762695,29.873332977294922,30.149999618530273,26.95301628112793,1657500
2015-07-17,30.133333206176758,30.133333206176758,29.850000381469727,30.086666107177734,26.896406173706055,1542000
2015-07-20,30.196666717529297,30.246667861938477,29.863332748413086,29.8799991607666,26.71164894104004,1096800
2015-07-21,29.893333435058594,30.149999618530273,29.843332290649414,29.886667251586914,26.71761131286621,678600
2015-07-22,29.10333251953125,29.22333335876465,28.81999969482422,29.143333435058594,26.05308723449707,3495300
2015-07-23,29.30666732788086,29.926666259765625,29.30666732788086,29.57666778564453,26.44047737121582,1139700
2015-07-24,29.663333892822266,29.72333335876465,28.953332901000977,28.983333587646484,25.910057067871094,2122800
2015-07-27,28.80666732788086,28.969999313354492,28.46666717529297,28.770000457763672,25.719345092773438,1569000
2015-07-28,28.916667938232422,29.546667098999023,28.690000534057617,29.3700008392334,26.25571632385254,2151900
2015-07-29,29.34666633605957,29.463333129882812,29.086666107177734,29.406667709350586,26.288509368896484,1403400
2015-07-30,29.253332138061523,29.6200008392334,29.17333221435547,29.523332595825195,26.392799377441406,3404700
2015-07-31,29.566667556762695,29.566667556762695,29.126667022705078,29.18000030517578,26.085878372192383,1690800
2015-08-03,29.149999618530273,29.206666946411133,28.926666259765625,29.086666107177734,26.002437591552734,1101900
2015-08-04,28.99333381652832,29.049999237060547,28.579999923706055,28.76333236694336,25.713388442993164,2780100
2015-08-05,28.93000030517578,29.329999923706055,28.916667938232422,29.126667022705078,26.038206100463867,1431300
2015-08-06,29.18000030517578,29.18000030517578,28.386667251586914,28.606666564941406,25.57333755493164,2950500
2015-08-07,28.489999771118164,28.799999237060547,28.463333129882812,28.770000457763672,25.719345092773438,946800
2015-08-10,29.023332595825195,29.53333282470703,28.98666763305664,29.483333587646484,26.357040405273438,1439100
2015-08-11,29.190000534057617,29.19333267211914,28.703332901000977,28.81999969482422,25.76404571533203,2166000
2015-08-12,28.469999313354492,29.126667022705078,28.24333381652832,28.98666763305664,25.913040161132812,2565600
2015-08-13,28.983333587646484,29.100000381469727,28.690000534057617,28.753332138061523,25.704442977905273,903300
2015-08-14,28.64666748046875,28.64666748046875,28.343332290649414,28.516666412353516,25.492881774902344,1231500
2015-08-17,28.39666748046875,28.81333351135254,28.253332138061523,28.760000228881836,25.71040916442871,794400
2015-08-18,28.71666717529297,28.719999313354492,28.17333221435547,28.21666717529297,25.224687576293945,1221600
2015-08-19,28.27666664123535,28.28333282470703,27.780000686645508,27.963333129882812,24.99821662902832,1461000
2015-08-20,27.65999984741211,27.67333221435547,26.90333366394043,26.913333892822266,24.059558868408203,2677500
2015-08-21,26.566667556762695,26.976667404174805,26.176666259765625,26.176666259765625,23.400999069213867,4139700
2015-08-24,24.65999984741211,26.726667404174805,24.286666870117188,25.59000015258789,22.876537322998047,5372700
2015-08-25,26.59666633605957,26.65333366394043,25.336666107177734,25.336666107177734,22.650074005126953,2749500
2015-08-26,26.126667022705078,26.633333206176758,25.626667022705078,26.600000381469727,23.779443740844727,3394800
2015-08-27,27.06333351135254,27.626667022705078,27.03333282470703,27.59000015258789,24.66447639465332,3912300
2015-08-28,27.489999771118164,27.80666732788086,27.489999771118164,27.75,24.807510375976562,2056200
2015-08-31,27.536666870117188,27.953332901000977,27.399999618530273,27.67333221435547,24.738977432250977,1644000
2015-09-01,26.843332290649414,27.386667251586914,26.566667556762695,26.696666717529297,23.865861892700195,2040000
2015-09-02,27.14666748046875,27.333332061767578,26.850000381469727,27.333332061767578,24.43501853942871,1447200
2015-09-03,27.540000915527344,27.90999984741211,27.456666946411133,27.546667098999023,24.625734329223633,952500
2015-09-04,27.166667938232422,27.399999618530273,26.963333129882812,27.06999969482422,24.199604034423828,998100
2015-09-08,27.666667938232422,28.280000686645508,27.663333892822266,28.270000457763672,25.272367477416992,2252400
2015-09-09,28.520000457763672,28.71666717529297,27.69333267211914,27.75,24.807510375976562,2599800
2015-09-10,27.73666763305664,28.126667022705078,27.476667404174805,27.873332977294922,24.917760848999023,1707600
2015-09-11,27.6299991607666,27.906667709350586,27.50666618347168,27.889999389648438,24.932653427124023,1901100
2015-09-14,28.02666664123535,28.100000381469727,27.873332977294922,27.953332901000977,24.989276885986328,1593000
2015-09-15,28.083332061767578,28.386667251586914,28.06999969482422,28.309999465942383,25.308124542236328,1239600
2015-09-16,28.24333381652832,28.40333366394043,28.07666778564453,28.3700008392334,25.36176872253418,1427100
2015-09-17,28.31999969482422,28.600000381469727,28.083332061767578,28.143333435058594,25.159137725830078,1956300
2015-09-18,27.72333335876465,28.010000228881836,27.546667098999023,27.65333366394043,24.721086502075195,1840500
2015-09-21,27.829999923706055,27.920000076293945,27.43666648864746,27.56999969482422,24.646591186523438,2055600
2015-09-22,27.100000381469727,27.176666259765625,26.85333251953125,26.963333129882812,24.104251861572266,2840700
2015-09-23,26.983333587646484,27.116666793823242,26.729999542236328,26.76333236694336,23.925458908081055,1437900
2015-09-24,26.510000228881836,26.876667022705078,26.003332138061523,26.709999084472656,23.87778091430664,4153500
2015-09-25,26.92333221435547,27.100000381469727,26.450000762939453,26.706666946411133,24.009033203125,1764900
2015-09-28,26.536666870117188,26.683332443237305,25.963333129882812,25.96666717529297,23.343782424926758,5704500
2015-09-29,26.036666870117188,26.386667251586914,25.860000610351562,26.139999389648438,23.49960708618164,1279800
2015-09-30,26.600000381469727,27.18000030517578,26.559999465942383,27.15333366394043,24.410581588745117,1386600
2015-10-01,27.139999389648438,27.139999389648438,26.363332748413086,26.829999923706055,24.119909286499023,2105100
2015-10-02,26.47333335876465,27.406667709350586,26.459999084472656,27.389999389648438,24.623350143432617,2045700
2015-10-05,27.656667709350586,28.05666732788086,27.56999969482422,27.92333221435547,25.10280990600586,2508300
2015-10-06,27.863332748413086,28.086666107177734,27.51333236694336,28.01333236694336,25.183719635009766,3105900
2015-10-07,28.25,28.559999465942383,27.90999984741211,28.383333206176758,25.516338348388672,1994100
2015-10-08,28.366666793823242,28.6200008392334,28.1200008392334,28.56999969482422,25.684158325195312,1840500
2015-10-09,28.623332977294922,28.65999984741211,28.22333335876465,28.393333435058594,25.525341033935547,1390800
2015-10-12,28.366666793823242,28.453332901000977,28.24333381652832,28.393333435058594,25.525341033935547,1982400
2015-10-13,28.19333267211914,28.350000381469727,28.016666412353516,28.043333053588867,25.210689544677734,1438200
2015-10-14,28.183332443237305,29.316667556762695,28.106666564941406,29.06333351135254,26.127649307250977,3415800
2015-10-15,29.27666664123535,29.559999465942383,29.086666107177734,29.336666107177734,26.37337875366211,2243400
2015-10-16,29.35333251953125,29.440000534057617,29.163333892822266,29.40333366394043,26.433313369750977,1426500
2015-10-19,29.309999465942383,29.593332290649414,29.17333221435547,29.393333435058594,26.42432403564453,1389000
2015-10-20,29.383333206176758,29.463333129882812,29.200000762939453,29.366666793823242,26.400344848632812,996900
2015-10-21,29.656667709350586,29.96666717529297,29.399999618530273,29.40999984741211,26.439300537109375,1579800
2015-10-22,29.889999389648438,30.479999542236328,29.833332061767578,30.43000030517578,27.356281280517578,2399100
2015-10-23,30.700000762939453,30.883333206176758,30.389999389648438,30.799999237060547,27.688901901245117,3199500
2015-10-26,30.65999984741211,30.65999984741211,30.09666633605957,30.246667861938477,27.191465377807617,3103200
2015-10-27,29.976667404174805,30.19333267211914,29.899999618530273,29.983333587646484,26.954723358154297,3168900
2015-10-28,30.196666717529297,30.50666618347168,30.06999969482422,30.426666259765625,27.353275299072266,3307800
2015-10-29,29.843332290649414,29.92333221435547,29.523332595825195,29.610000610351562,26.619104385375977,1950600
2015-10-30,29.72333335876465,29.953332901000977,29.670000076293945,29.84666633605957,26.831867218017578,1505400
2015-11-02,29.926666259765625,30.149999618530273,29.89666748046875,30.110000610351562,27.0685977935791,1122300
2015-11-03,30.01333236694336,30.389999389648438,30.01333236694336,30.266666412353516,27.209442138671875,1026300
2015-11-04,30.293333053588867,30.42333221435547,30.139999389648438,30.35333251953125,27.287351608276367,1472100
2015-11-05,30.21666717529297,30.260000228881836,29.67333221435547,29.71666717529297,26.71499252319336,2101800
2015-11-06,29.963333129882812,30.516666412353516,29.916667938232422,30.503332138061523,27.42220115661621,1913700
2015-11-09,30.426666259765625,30.426666259765625,30.049999237060547,30.206666946411133,27.15550422668457,1821900
2015-11-10,29.883333206176758,29.883333206176758,29.566667556762695,29.656667709350586,26.66105842590332,2517900
2015-11-11,29.726667404174805,29.99333381652832,29.65333366394043,29.68000030517578,26.682029724121094,1607400
2015-11-12,29.523332595825195,29.703332901000977,29.296667098999023,29.296667098999023,26.337417602539062,2419200
2015-11-13,29.286666870117188,29.39666748046875,28.920000076293945,29.03333282470703,26.10068130493164,1488300
2015-11-16,29.016666412353516,29.40999984741211,29.010000228881836,29.389999389648438,26.42132568359375,1824000
2015-11-17,29.43000030517578,29.816667556762695,29.389999389648438,29.586666107177734,26.59812355041504,2051700
2015-11-18,29.6299991607666,29.90999984741211,29.426666259765625,29.8799991607666,26.86182975769043,2264700
2015-11-19,29.950000762939453,30.22333335876465,29.790000915527344,29.950000762939453,26.924760818481445,1168200
2015-11-20,30.07666778564453,30.209999084472656,29.969999313354492,30.046667098999023,27.01166534423828,598200
2015-11-23,29.99333381652832,30.0,29.64666748046875,29.68666648864746,26.68802833557129,1169400
2015-11-24,29.623332977294922,30.09666633605957,29.496667861938477,30.036666870117188,27.002674102783203,1676700
2015-11-25,30.059999465942383,30.206666946411133,29.946666717529297,30.079999923706055,27.04163360595703,462300
2015-11-27,30.09666633605957,30.323333740234375,30.09666633605957,30.209999084472656,27.158496856689453,588600
2015-11-30,30.253332138061523,30.623332977294922,30.24333381652832,30.536666870117188,27.452167510986328,1134900
2015-12-01,30.733333587646484,31.01333236694336,30.663333892822266,31.010000228881836,27.877687454223633,1731600
2015-12-02,31.123332977294922,31.203332901000977,30.803333282470703,30.863332748413086,27.745838165283203,996900
2015-12-03,31.273332595825195,31.30666732788086,30.520000457763672,30.676666259765625,27.57802963256836,1847700
2015-12-04,30.643333435058594,31.290000915527344,30.593332290649414,31.206666946411133,28.054489135742188,1254900
2015-12-07,31.18000030517578,31.18000030517578,30.886667251586914,30.953332901000977,27.826744079589844,1502100
2015-12-08,30.540000915527344,30.78333282470703,30.399999618530273,30.690000534057617,27.59001350402832,1609200
2015-12-09,30.690000534057617,30.72333335876465,30.143333435058594,30.290000915527344,27.230424880981445,1364700
2015-12-10,30.26333236694336,30.68666648864746,30.24333381652832,30.43666648864746,27.362268447875977,1127400
2015-12-11,30.126667022705078,30.233333587646484,29.81999969482422,29.866666793823242,26.849838256835938,2222100
2015-12-14,29.85333251953125,29.96666717529297,29.373332977294922,29.67333221435547,26.676036834716797,2588100
2015-12-15,29.90333366394043,30.23666763305664,29.803333282470703,30.1200008392334,27.077587127685547,1524000
2015-12-16,30.303333282470703,30.406667709350586,29.8700008392334,30.34666633605957,27.281356811523438,1255200
2015-12-17,30.523332595825195,30.600000381469727,29.90333366394043,29.93000030517578,26.90677833557129,1064700
2015-12-18,29.746667861938477,29.84000015258789,29.516666412353516,29.583332061767578,26.59512710571289,1937700
2015-12-21,29.76333236694336,30.116666793823242,29.74333381652832,30.09000015258789,27.05061912536621,953100
2015-12-22,30.18666648864746,30.23666763305664,29.899999618530273,30.136667251586914,27.092565536499023,796500
2015-12-23,30.17333221435547,30.373332977294922,30.126667022705078,30.34666633605957,27.281356811523438,1291200
2015-12-24,30.253332138061523,30.516666412353516,30.233333587646484,30.40333366394043,27.39036750793457,506700
2015-12-28,30.260000228881836,30.28333282470703,29.983333587646484,30.28333282470703,27.282251358032227,342900
2015-12-29,30.469999313354492,30.77666664123535,30.3799991607666,30.636667251586914,27.600576400756836,596400
2015-12-30,30.626667022705078,30.690000534057617,30.336666107177734,30.360000610351562,27.35133171081543,1165800
2015-12-31,30.239999771118164,30.253332138061523,29.93000030517578,29.946666717529297,26.978961944580078,776700
2016-01-04,29.343332290649414,29.600000381469727,29.166667938232422,29.600000381469727,26.666643142700195,1023000
2016-01-05,29.656667709350586,29.71666717529297,29.25666618347168,29.31999969482422,26.41439437866211,1329000
2016-01-06,28.690000534057617,28.816667556762695,28.239999771118164,28.30666732788086,25.501483917236328,1541100
2016-01-07,27.760000228881836,28.15999984741211,27.453332901000977,27.51333236694336,24.786767959594727,2026800
2016-01-08,27.703332901000977,27.80666732788086,27.046667098999023,27.116666793823242,24.429414749145508,1465200
2016-01-11,27.290000915527344,27.456666946411133,26.843332290649414,27.209999084472656,24.51349449157715,1000800
2016-01-12,27.510000228881836,27.696666717529297,27.05666732788086,27.43666648864746,24.717697143554688,1073700
2016-01-13,27.44333267211914,27.65333366394043,26.55666732788086,26.56333351135254,23.930912017822266,1756200
2016-01-14,26.696666717529297,27.253332138061523,26.333332061767578,27.110000610351562,24.423410415649414,1294200
2016-01-15,26.040000915527344,26.229999542236328,25.540000915527344,25.886667251586914,23.321304321289062,1663800
2016-01-19,26.273332595825195,26.49333381652832,25.703332901000977,25.93000030517578,23.360336303710938,986100
2016-01-20,25.60333251953125,26.360000610351562,25.3799991607666,26.100000381469727,23.51349449157715,1718700
2016-01-21,26.360000610351562,26.809999465942383,26.123332977294922,26.48666763305664,23.861845016479492,1162200
2016-01-22,26.989999771118164,27.15999984741211,26.80666732788086,26.969999313354492,24.297279357910156,1642800
2016-01-25,26.90999984741211,26.96666717529297,26.546667098999023,26.59666633605957,23.96094512939453,1261500
2016-01-26,26.670000076293945,27.053333282470703,26.586666107177734,26.843332290649414,24.18315887451172,1683300
2016-01-27,26.75666618347168,27.043333053588867,26.43000030517578,26.536666870117188,23.906885147094727,1650000
2016-01-28,26.64666748046875,26.793333053588867,26.260000228881836,26.476667404174805,23.85283088684082,525000
2016-01-29,26.696666717529297,27.68000030517578,26.696666717529297,27.676666259765625,24.933917999267578,1774500
2016-02-01,27.459999084472656,27.94333267211914,27.389999389648438,27.799999237060547,25.045019149780273,1923600
2016-02-02,27.5,27.5,26.80666732788086,26.883333206176758,24.219196319580078,1210200
2016-02-03,27.23666763305664,27.23666763305664,26.40333366394043,26.946666717529297,24.276256561279297,1507800
2016-02-04,26.946666717529297,27.583332061767578,26.92333221435547,27.413333892822266,24.696678161621094,1115400
2016-02-05,27.293333053588867,27.293333053588867,26.363332748413086,26.47333335876465,23.849838256835938,2381400
2016-02-08,26.02666664123535,26.036666870117188,25.39666748046875,25.80666732788086,23.249231338500977,3249300
2016-02-09,25.49333381652832,26.113332748413086,25.43666648864746,25.65999984741211,23.117103576660156,859200
2016-02-10,25.866666793823242,26.093332290649414,25.433332443237305,25.459999084472656,22.936918258666992,2616000
2016-02-11,25.05666732788086,25.406667709350586,24.933332443237305,25.26333236694336,22.75974464416504,1256100
2016-02-12,25.543333053588867,25.84666633605957,25.190000534057617,25.816667556762695,23.258241653442383,1213500
2016-02-16,26.15999984741211,26.860000610351562,26.07666778564453,26.72333335876465,24.075056076049805,1281300
2016-02-17,26.899999618530273,27.413333892822266,26.860000610351562,27.360000610351562,24.648632049560547,1126200
2016-02-18,27.566667556762695,27.59000015258789,27.203332901000977,27.229999542236328,24.531513214111328,1015200
2016-02-19,27.27666664123535,27.510000228881836,27.15999984741211,27.350000381469727,24.639623641967773,545400
2016-02-22,27.623332977294922,27.92333221435547,27.623332977294922,27.780000686645508,25.027009963989258,1787400
2016-02-23,27.643333435058594,27.69333267211914,27.290000915527344,27.343332290649414,24.633607864379883,764100
2016-02-24,27.016666412353516,27.766666412353516,26.850000381469727,27.706666946411133,24.960941314697266,1031700
2016-02-25,27.796667098999023,28.06999969482422,27.489999771118164,28.043333053588867,25.264244079589844,1239000
2016-02-26,28.290000915527344,28.32666778564453,28.10333251953125,28.22333335876465,25.426410675048828,921300
2016-02-29,28.27666664123535,28.649999618530273,28.156667709350586,28.156667709350586,25.36634635925293,1171200
2016-03-01,28.363332748413086,28.953332901000977,28.350000381469727,28.916667938232422,26.0510311126709,1164900
2016-03-02,28.873332977294922,29.113332748413086,28.866666793823242,29.09666633605957,26.21319007873535,1033200
2016-03-03,29.106666564941406,29.203332901000977,28.916667938232422,29.1299991607666,26.24321937561035,869400
2016-03-04,29.329999923706055,29.67333221435547,29.113332748413086,29.43000030517578,26.51349449157715,1378500
2016-03-07,29.25,29.670000076293945,29.14666748046875,29.56333351135254,26.633617401123047,1113600
2016-03-08,29.329999923706055,29.350000381469727,28.85333251953125,28.893333435058594,26.030012130737305,1032900
2016-03-09,28.97333335876465,29.170000076293945,28.8799991607666,29.09666633605957,26.21319007873535,578700
2016-03-10,29.280000686645508,29.52666664123535,28.850000381469727,29.24333381652832,26.345327377319336,2480700
2016-03-11,29.559999465942383,29.829999923706055,29.5,29.799999237060547,26.846830368041992,656100
2016-03-14,29.68666648864746,29.82666778564453,29.59666633605957,29.729999542236328,26.783761978149414,752400
2016-03-15,29.6299991607666,29.656667709350586,29.413333892822266,29.65333366394043,26.714693069458008,2064300
2016-03-16,29.46666717529297,29.956666946411133,29.46666717529297,29.920000076293945,26.954931259155273,1463400
2016-03-17,29.829999923706055,30.203332901000977,29.78333282470703,30.126667022705078,27.1411190032959,940200
2016-03-18,30.166667938232422,30.559999465942383,30.093332290649414,30.523332595825195,27.498477935791016,1722300
2016-03-21,30.42333221435547,30.600000381469727,30.303333282470703,30.56333351135254,27.53451156616211,672000
2016-03-22,30.413333892822266,30.67333221435547,30.34000015258789,30.55666732788086,27.52850914001465,653100
2016-03-23,30.420000076293945,30.446666717529297,30.059999465942383,30.066667556762695,27.168867111206055,735600
2016-03-24,29.8799991607666,30.06333351135254,29.719999313354492,30.046667098999023,27.150794982910156,602400
2016-03-28,30.110000610351562,30.14666748046875,29.90333366394043,30.030000686645508,27.135732650756836,476100
2016-03-29,29.899999618530273,30.46666717529297,29.760000228881836,30.44333267211914,27.509231567382812,1197600
2016-03-30,30.60333251953125,30.899999618530273,30.586666107177734,30.709999084472656,27.75018882751465,688800
2016-03-31,30.666667938232422,30.69333267211914,30.530000686645508,30.540000915527344,27.59657859802246,536700
2016-04-01,30.27666664123535,30.76333236694336,30.24333381652832,30.75,27.78633689880371,453000
2016-04-04,30.729999542236328,30.753332138061523,30.416667938232422,30.476667404174805,27.53935432434082,653700
2016-04-05,30.293333053588867,30.51333236694336,30.17333221435547,30.30666732788086,27.385732650756836,541500
2016-04-06,30.273332595825195,30.623332977294922,30.023332595825195,30.59666633605957,27.647781372070312,5235600
2016-04-07,30.479999542236328,30.479999542236328,30.016666412353516,30.1299991607666,27.226093292236328,1107300
2016-04-08,30.469999313354492,30.549999237060547,30.163333892822266,30.270000457763672,27.352602005004883,1175400
2016-04-11,30.413333892822266,30.709999084472656,30.253332138061523,30.26333236694336,27.346576690673828,789300
2016-04-12,30.303333282470703,30.336666107177734,29.833332061767578,30.219999313354492,27.30741310119629,1233000
2016-04-13,30.426666259765625,30.92333221435547,30.40999984741211,30.89666748046875,27.91887092590332,1008600
2016-04-14,30.626667022705078,30.706666946411133,30.35333251953125,30.65999984741211,27.705013275146484,725700
2016-04-15,30.593332290649414,30.636667251586914,30.363332748413086,30.39666748046875,27.46706199645996,1100100
2016-04-18,30.286666870117188,30.47333335876465,30.229999542236328,30.399999618530273,27.47007179260254,980100
2016-04-19,30.46666717529297,30.496667861938477,29.90333366394043,30.030000686645508,27.135732650756836,1293000
2016-04-20,29.953332901000977,30.453332901000977,29.950000762939453,30.316667556762695,27.394777297973633,1105500
2016-04-21,30.30666732788086,30.30666732788086,29.99333381652832,30.136667251586914,27.232112884521484,825300
2016-04-22,30.15999984741211,30.456666946411133,29.946666717529297,30.190000534057617,27.280311584472656,731400
2016-04-25,30.09666633605957,30.270000457763672,29.920000076293945,30.010000228881836,27.117658615112305,1796100
2016-04-26,30.23666763305664,30.68666648864746,30.233333587646484,30.40999984741211,27.479108810424805,1356300
2016-04-27,30.110000610351562,30.770000457763672,30.079999923706055,30.719999313354492,27.75922966003418,1516800
2016-04-28,30.55666732788086,30.72333335876465,29.836666107177734,29.916667938232422,27.033327102661133,1489500
2016-04-29,29.799999237060547,29.799999237060547,28.90333366394043,29.126667022705078,26.319461822509766,2604000
2016-05-02,29.203332901000977,29.386667251586914,28.976667404174805,29.34666633605957,26.518259048461914,1144200
2016-05-03,29.053333282470703,29.190000534057617,28.8799991607666,29.01333236694336,26.2170467376709,3286800
2016-05-04,28.803333282470703,29.00666618347168,28.583332061767578,28.683332443237305,25.918859481811523,2537100
2016-05-05,28.850000381469727,29.030000686645508,28.649999618530273,28.753332138061523,25.982105255126953,1178100
2016-05-06,28.6299991607666,28.81333351135254,28.39666748046875,28.793333053588867,26.01825714111328,1242000
2016-05-09,28.84666633605957,29.0,28.67333221435547,28.75666618347168,25.98512077331543,975000
2016-05-10,28.836666107177734,29.110000610351562,28.663333892822266,29.09666633605957,26.29235076904297,830100
2016-05-11,28.98666763305664,29.286666870117188,28.98666763305664,29.02666664123535,26.229101181030273,2676300
2016-05-12,29.093332290649414,29.14666748046875,28.27666664123535,28.50666618347168,25.759220123291016,1212000
2016-05-13,28.586666107177734,28.84666633605957,28.52666664123535,28.610000610351562,25.85259246826172,1603500
2016-05-16,28.626667022705078,29.266666412353516,28.52666664123535,29.06999969482422,26.268253326416016,712800
2016-05-17,29.02666664123535,29.18666648864746,28.793333053588867,28.8799991607666,26.096572875976562,624000
2016-05-18,28.760000228881836,29.583332061767578,28.760000228881836,29.329999923706055,26.503204345703125,2003400
2016-05-19,29.139999389648438,29.386667251586914,28.913333892822266,29.166667938232422,26.355602264404297,1394700
2016-05-20,29.520000457763672,30.079999923706055,29.516666412353516,30.049999237060547,27.153804779052734,1679400
2016-05-23,30.25,30.530000686645508,30.25,30.260000228881836,27.34356689453125,735900
2016-05-24,30.510000228881836,31.02666664123535,30.47333335876465,30.989999771118164,28.003206253051758,1587600
2016-05-25,31.18000030517578,31.25666618347168,30.933332443237305,31.17333221435547,28.168872833251953,1248600
2016-05-26,31.219999313354492,31.350000381469727,31.143333435058594,31.27666664123535,28.262245178222656,912300
2016-05-27,31.25,31.52666664123535,31.25,31.47333335876465,28.43996238708496,861600
2016-05-31,31.53333282470703,31.68666648864746,31.446666717529297,31.656667709350586,28.605628967285156,2144400
2016-06-01,31.6299991607666,31.863332748413086,31.50666618347168,31.823333740234375,28.756223678588867,1314300
2016-06-02,31.766666412353516,31.829999923706055,31.626667022705078,31.829999923706055,28.762248992919922,740700
2016-06-03,32.106666564941406,32.12333297729492,31.73666763305664,31.92333221435547,28.84658432006836,1316100
2016-06-06,31.94333267211914,32.11333465576172,31.796667098999023,31.850000381469727,28.78032112121582,1886100
2016-06-07,31.98666763305664,32.21666717529297,31.983333587646484,32.1533317565918,29.054420471191406,1399200
2016-06-08,32.1533317565918,32.223331451416016,32.040000915527344,32.13999938964844,29.04237174987793,418800
2016-06-09,31.933332443237305,32.19333267211914,31.823333740234375,32.176666259765625,29.075510025024414,1087200
2016-06-10,31.850000381469727,31.850000381469727,31.536666870117188,31.649999618530273,28.599594116210938,1038900
2016-06-13,31.446666717529297,31.836666107177734,31.420000076293945,31.48666763305664,28.452009201049805,1664400
2016-06-14,31.383333206176758,31.559999465942383,31.176666259765625,31.476667404174805,28.44296646118164,1265700
2016-06-15,31.636667251586914,31.690000534057617,31.420000076293945,31.47333335876465,28.43996238708496,706500
2016-06-16,31.163333892822266,31.489999771118164,30.93000030517578,31.469999313354492,28.436941146850586,4066500
2016-06-17,31.420000076293945,31.420000076293945,30.976667404174805,31.203332901000977,28.19597816467285,1817700
2016-06-20,31.656667709350586,31.926666259765625,31.53333282470703,31.549999237060547,28.509241104125977,1106100
2016-06-21,31.583332061767578,31.643333435058594,31.43666648864746,31.549999237060547,28.59958267211914,966600
2016-06-22,31.59666633605957,31.85333251953125,31.483333587646484,31.520000457763672,28.5723876953125,918900
2016-06-23,31.933332443237305,32.34333419799805,31.836666107177734,32.30666732788086,29.28548812866211,1099200
2016-06-24,30.940000534057617,31.43666648864746,30.43666648864746,30.553333282470703,27.696121215820312,2657100
2016-06-27,30.136667251586914,30.139999389648438,29.113332748413086,29.31333351135254,26.572078704833984,5307000
2016-06-28,29.770000457763672,30.139999389648438,29.690000534057617,30.079999923706055,27.26704978942871,2741700
2016-06-29,30.433332443237305,30.77666664123535,30.323333740234375,30.68666648864746,27.816986083984375,2353800
2016-06-30,30.726667404174805,31.246667861938477,30.666667938232422,31.213333129882812,28.29439926147461,1577400
2016-07-01,30.976667404174805,31.06333351135254,30.893333435058594,30.956666946411133,28.061738967895508,1338000
2016-07-05,30.713333129882812,30.713333129882812,30.206666946411133,30.389999389648438,27.548057556152344,2583300
2016-07-06,30.170000076293945,30.479999542236328,29.876667022705078,30.43000030517578,27.584318161010742,1725300
2016-07-07,30.476667404174805,31.02666664123535,30.476667404174805,30.799999237060547,27.919721603393555,1184100
2016-07-08,31.116666793823242,31.683332443237305,31.100000381469727,31.656667709350586,28.696277618408203,1075200
2016-07-11,31.89666748046875,32.150001525878906,31.873332977294922,32.01333236694336,29.01958656311035,960900
2016-07-12,32.30666732788086,32.540000915527344,32.246665954589844,32.43000030517578,29.39729118347168,3075300
2016-07-13,32.54666519165039,32.66666793823242,32.41999816894531,32.470001220703125,29.43355369567871,1431000
2016-07-14,32.76333236694336,32.79666519165039,32.5,32.706668853759766,29.64808464050293,1401300
2016-07-15,32.71333312988281,32.753334045410156,32.56666564941406,32.6966667175293,29.639013290405273,1151100
2016-07-18,33.11000061035156,33.23666763305664,33.016666412353516,33.176666259765625,30.074129104614258,1426200
2016-07-19,33.12333297729492,33.1533317565918,32.959999084472656,33.063331604003906,29.97140121459961,845400
2016-07-20,33.25,33.66999816894531,33.143333435058594,33.586666107177734,30.445789337158203,1967100
2016-07-21,33.619998931884766,33.63999938964844,33.21333312988281,33.349998474121094,30.231264114379883,1458000
2016-07-22,33.23666763305664,33.53666687011719,33.03333282470703,33.516666412353516,30.382335662841797,1398900
2016-07-25,33.5099983215332,33.77333450317383,33.5099983215332,33.709999084472656,30.55758285522461,710100
2016-07-26,34.03333282470703,35.17333221435547,34.03333282470703,35.016666412353516,31.7420597076416,4409700
2016-07-27,35.33000183105469,35.34333419799805,34.810001373291016,35.01333236694336,31.73904800415039,3430500
2016-07-28,34.856666564941406,35.0533332824707,34.66666793823242,34.81999969482422,31.563791275024414,2495700
2016-07-29,34.813331604003906,34.926666259765625,34.5099983215332,34.66666793823242,31.424789428710938,1017000
2016-08-01,34.74333190917969,34.81999969482422,34.573333740234375,34.69333267211914,31.448972702026367,1479300
2016-08-02,34.630001068115234,34.630001068115234,33.95333480834961,34.15999984741211,30.965505599975586,4523400
2016-08-03,33.97666549682617,34.209999084472656,33.970001220703125,34.20333480834961,31.004791259765625,1248900
2016-08-04,34.290000915527344,34.53666687011719,34.22666549682617,34.52333450317383,31.29486083984375,1218600
2016-08-05,34.72666549682617,35.0,34.676666259765625,34.96333312988281,31.693721771240234,1239000
2016-08-08,35.08333206176758,35.16666793823242,34.86000061035156,34.92333221435547,31.657466888427734,695700
2016-08-09,35.116668701171875,35.31999969482422,35.05666732788086,35.206668853759766,31.91429901123047,1128000
2016-08-10,35.23666763305664,35.276668548583984,34.81999969482422,34.96666717529297,31.696735382080078,2446800
2016-08-11,35.116668701171875,35.14666748046875,34.91666793823242,35.099998474121094,31.81760597229004,1129500
2016-08-12,35.16666793823242,35.34000015258789,35.130001068115234,35.26333236694336,31.965656280517578,575100
2016-08-15,35.336666107177734,35.83000183105469,35.336666107177734,35.74333190917969,32.40077590942383,683100
2016-08-16,35.686668395996094,35.686668395996094,35.45333480834961,35.49333190917969,32.17414093017578,1883100
2016-08-17,35.50666809082031,35.51333236694336,35.29666519165039,35.48666763305664,32.16810607910156,1782300
2016-08-18,35.496665954589844,35.746665954589844,35.46666717529297,35.74333190917969,32.40077590942383,693000
2016-08-19,35.776668548583984,36.13666534423828,35.776668548583984,36.04999923706055,32.678775787353516,1472400
2016-08-22,35.99333190917969,36.1533317565918,35.913333892822266,36.06666564941406,32.69387435913086,770700
2016-08-23,36.22666549682617,36.4033317565918,36.22666549682617,36.24333190917969,32.85401916503906,825600
2016-08-24,36.293331146240234,36.323333740234375,35.849998474121094,35.94333267211914,32.58207321166992,917700
2016-08-25,35.83333206176758,36.25666809082031,35.83333206176758,36.09000015258789,32.71501922607422,940200
2016-08-26,36.150001525878906,36.52333450317383,36.00666809082031,36.25,32.86006164550781,932100
2016-08-29,36.4033317565918,36.53333282470703,36.349998474121094,36.393333435058594,32.9899787902832,810900
2016-08-30,36.400001525878906,36.599998474121094,36.19333267211914,36.323333740234375,32.9265251159668,3181200
2016-08-31,36.313331604003906,36.35333251953125,36.0966682434082,36.29999923706055,32.90537643432617,1447200
2016-09-01,36.4033317565918,36.61333465576172,36.116668701171875,36.586666107177734,33.165245056152344,1393800
2016-09-02,36.75,36.776668548583984,36.383331298828125,36.54999923706055,33.13200759887695,1664400
2016-09-06,36.61333465576172,36.663333892822266,36.279998779296875,36.46666717529297,33.056461334228516,1085400
2016-09-07,36.52000045776367,36.526668548583984,36.12333297729492,36.189998626708984,32.80567169189453,3814200
2016-09-08,36.073333740234375,36.223331451416016,35.913333892822266,36.12666702270508,32.748260498046875,1353300
2016-09-09,35.84333419799805,35.84333419799805,34.73666763305664,34.84333419799805,31.584945678710938,2546400
2016-09-12,34.560001373291016,35.53333282470703,34.44333267211914,35.49333190917969,32.17414093017578,2162700
2016-09-13,35.31666564941406,35.616668701171875,35.003334045410156,35.18000030517578,31.890113830566406,1202100
2016-09-14,35.09000015258789,35.57666778564453,35.043331146240234,35.4900016784668,32.17112731933594,1094100
2016-09-15,35.473331451416016,36.37666702270508,35.426666259765625,36.310001373291016,32.914451599121094,1795500
2016-09-16,36.57666778564453,36.689998626708984,36.043331146240234,36.31999969482422,32.92351150512695,1916100
2016-09-19,36.54666519165039,36.89666748046875,36.24333190917969,36.36333465576172,32.96279525756836,1180500
2016-09-20,36.573333740234375,36.5966682434082,36.11000061035156,36.20000076293945,32.81473159790039,1076100
2016-09-21,36.380001068115234,36.75666809082031,36.223331451416016,36.70000076293945,33.267982482910156,1295700
2016-09-22,36.939998626708984,37.04999923706055,36.71333312988281,36.81999969482422,33.37675094604492,1056600
2016-09-23,36.766666412353516,36.78333282470703,36.39666748046875,36.44333267211914,33.03532791137695,818100
2016-09-26,36.03333282470703,36.1533317565918,35.78333282470703,35.93333435058594,32.70973587036133,1149300
2016-09-27,35.849998474121094,36.560001373291016,35.83000183105469,36.5533332824707,33.27411651611328,1034700
2016-09-28,36.686668395996094,36.813331604003906,36.4033317565918,36.62666702270508,33.34086227416992,840600
2016-09-29,36.643333435058594,37.30666732788086,36.24333190917969,37.07666778564453,33.75049591064453,2580900
2016-09-30,37.29666519165039,37.90666580200195,37.29666519165039,37.663333892822266,34.284542083740234,1372500
2016-10-03,37.753334045410156,37.91666793823242,37.336666107177734,37.40999984741211,34.05393981933594,3632100
2016-10-04,37.56666564941406,37.68333435058594,37.16999816894531,37.313331604003906,33.96592712402344,1019400
2016-10-05,37.43333435058594,37.849998474121094,37.34333419799805,37.586666107177734,34.21474838256836,3852600
2016-10-06,37.560001373291016,37.836666107177734,37.32666778564453,37.80666732788086,34.41500473022461,2603700
2016-10-07,37.866668701171875,37.866668701171875,37.40999984741211,37.75,34.36343002319336,1383900
2016-10-10,37.926666259765625,38.06999969482422,37.54666519165039,37.560001373291016,34.19047164916992,1210500
2016-10-11,37.51333236694336,37.51333236694336,36.45000076293945,36.77333450317383,33.47439193725586,1871400
2016-10-12,36.75,36.7599983215332,36.323333740234375,36.650001525878906,33.36210632324219,1567500
2016-10-13,36.323333740234375,36.323333740234375,35.633331298828125,36.21666717529297,32.9676513671875,2082000
2016-10-14,36.54666519165039,36.91666793823242,36.456668853759766,36.4900016784668,33.216468811035156,1365000
2016-10-17,36.45333480834961,36.650001525878906,36.279998779296875,36.29999923706055,33.04350280761719,701100
2016-10-18,36.746665954589844,36.869998931884766,36.650001525878906,36.720001220703125,33.42583084106445,891600
2016-10-19,36.400001525878906,36.61333465576172,36.220001220703125,36.56666564941406,33.28627014160156,1192200
2016-10-20,36.5,36.956668853759766,36.276668548583984,36.823333740234375,33.5198860168457,2059800
2016-10-21,36.529998779296875,36.766666412353516,36.383331298828125,36.72999954223633,33.434940338134766,1095900
2016-10-24,36.92333221435547,37.426666259765625,36.92333221435547,37.4033317565918,34.0478630065918,711000
2016-10-25,37.42333221435547,37.53666687011719,37.29999923706055,37.369998931884766,34.017513275146484,823500
2016-10-26,37.08333206176758,37.53666687011719,37.0533332824707,37.31666564941406,33.96896743774414,1119900
2016-10-27,37.68000030517578,37.766666412353516,37.09333419799805,37.143333435058594,33.811187744140625,1385700
2016-10-28,37.293331146240234,37.516666412353516,36.880001068115234,36.91999816894531,33.60788345336914,1798500
2016-10-31,37.04999923706055,37.29666519165039,37.04999923706055,37.119998931884766,33.78993606567383,913200
2016-11-01,37.12666702270508,37.41999816894531,36.38666534423828,36.790000915527344,33.48954772949219,1674000
2016-11-02,36.813331604003906,37.016666412353516,36.426666259765625,36.54666519165039,33.26804733276367,2461200
2016-11-03,36.563331604003906,36.8033332824707,36.349998474121094,36.483333587646484,33.21040344238281,1512600
2016-11-04,36.27000045776367,36.573333740234375,36.0,36.253334045410156,33.00102615356445,1259100
2016-11-07,36.926666259765625,37.29666519165039,36.779998779296875,37.27333450317383,33.92951583862305,4797900
2016-11-08,37.26333236694336,37.59000015258789,37.0533332824707,37.349998474121094,33.999324798583984,1226100
2016-11-09,36.51333236694336,37.293331146240234,36.33333206176758,37.17333221435547,33.83849334716797,3111000
2016-11-10,37.38999938964844,37.633331298828125,36.03333282470703,36.369998931884766,33.107242584228516,6669000
2016-11-11,36.78333282470703,37.823333740234375,36.78333282470703,37.76333236694336,34.375572204589844,2595300
2016-11-14,37.95000076293945,37.95333480834961,37.46666717529297,37.56666564941406,34.196533203125,1340100
2016-11-15,37.720001220703125,38.369998931884766,37.630001068115234,38.27000045776367,34.836788177490234,1415100
2016-11-16,38.20333480834961,38.74333190917969,38.19333267211914,38.709999084472656,35.23729705810547,1212300
2016-11-17,38.856666564941406,39.31999969482422,38.62333297729492,39.12666702270508,35.61659622192383,1084500
2016-11-18,39.0099983215332,39.459999084472656,39.0099983215332,39.40999984741211,35.874515533447266,1064400
2016-11-21,39.529998779296875,39.733333587646484,39.393333435058594,39.67333221435547,36.114219665527344,1140300
2016-11-22,39.883331298828125,40.133331298828125,39.8466682434082,40.0966682434082,36.499576568603516,1418700
2016-11-23,40.11333465576172,40.22999954223633,39.900001525878906,40.14666748046875,36.54508972167969,1044000
2016-11-25,40.220001220703125,40.23666763305664,40.043331146240234,40.21666717529297,36.60881042480469,411900
2016-11-28,40.119998931884766,40.279998779296875,40.029998779296875,40.0966682434082,36.499576568603516,661500
2016-11-29,40.06666564941406,40.2599983215332,39.83333206176758,40.02333450317383,36.43281936645508,1172700
2016-11-30,40.003334045410156,40.106666564941406,39.776668548583984,39.793331146240234,36.223453521728516,591900
2016-12-01,39.76333236694336,39.76333236694336,37.62333297729492,37.849998474121094,34.454444885253906,3488400
2016-12-02,37.79666519165039,38.383331298828125,37.66666793823242,38.31666564941406,34.87925720214844,2997000
2016-12-05,38.650001525878906,38.90666580200195,38.39666748046875,38.78333282470703,35.30405807495117,1120500
2016-12-06,38.893333435058594,39.36333465576172,38.893333435058594,39.31999969482422,35.79258346557617,1454700
2016-12-07,39.29666519165039,40.22666549682617,39.16666793823242,40.130001068115234,36.5299186706543,1300500
2016-12-08,40.23666763305664,40.71666717529297,40.186668395996094,40.47999954223633,36.8485107421875,1262700
2016-12-09,40.80666732788086,40.88999938964844,40.060001373291016,40.34333419799805,36.7241096496582,1004400
2016-12-12,40.18333435058594,40.253334045410156,39.706668853759766,40.026668548583984,36.435855865478516,2093700
2016-12-13,40.16666793823242,40.75666809082031,40.11333465576172,40.49333190917969,36.860652923583984,1004100
2016-12-14,40.5099983215332,40.71666717529297,40.31666564941406,40.456668853759766,36.8272705078125,1989300
2016-12-15,40.62333297729492,41.323333740234375,40.5533332824707,41.14666748046875,37.455387115478516,2221200
2016-12-16,41.38999938964844,41.473331451416016,40.54666519165039,40.72999954223633,37.07608413696289,1474200
2016-12-19,40.836666107177734,41.290000915527344,40.78666687011719,41.133331298828125,37.4432373046875,1245600
2016-12-20,41.54666519165039,41.606666564941406,41.3466682434082,41.526668548583984,37.8012809753418,2156700
2016-12-21,41.516666412353516,41.616668701171875,41.36333465576172,41.43000030517578,37.80127716064453,787200
2016-12-22,41.88666534423828,41.89666748046875,41.473331451416016,41.630001068115234,37.983768463134766,869400
2016-12-23,41.59000015258789,41.866668701171875,41.52000045776367,41.84333419799805,38.17840576171875,480000
2016-12-27,41.926666259765625,42.42333221435547,41.90666580200195,42.36000061035156,38.64983367919922,1408500
2016-12-28,42.60333251953125,42.63666534423828,41.53333282470703,41.55666732788086,37.9168701171875,1738500
2016-12-29,41.366668701171875,41.54999923706055,41.11333465576172,41.54999923706055,37.9107780456543,1046700
2016-12-30,41.70000076293945,41.88666534423828,40.77333450317383,40.90666580200195,37.323787689208984,3403800
2017-01-03,41.04666519165039,41.49333190917969,40.55666732788086,40.90666580200195,37.323787689208984,2654100
2017-01-04,41.11000061035156,41.220001220703125,40.83000183105469,41.02000045776367,37.42720413208008,1354200
2017-01-05,41.043331146240234,41.2599983215332,40.59333419799805,40.66999816894531,37.10786437988281,942000
2017-01-06,40.77000045776367,41.11000061035156,40.51333236694336,40.99333190917969,37.402862548828125,875100
2017-01-09,41.13666534423828,41.59333419799805,41.11000061035156,41.426666259765625,37.798240661621094,883800
2017-01-10,41.456668853759766,41.723331451416016,41.400001525878906,41.62666702270508,37.98073959350586,690900
2017-01-11,41.66999816894531,41.776668548583984,41.46666717529297,41.77000045776367,38.11151123046875,1630200
2017-01-12,41.543331146240234,41.650001525878906,40.793331146240234,41.41999816894531,37.79215621948242,1354500
2017-01-13,41.47999954223633,41.790000915527344,41.43000030517578,41.689998626708984,38.03851318359375,849600
2017-01-17,41.53666687011719,41.563331604003906,40.883331298828125,41.02000045776367,37.42720413208008,1092600
2017-01-18,41.06999969482422,41.61000061035156,41.029998779296875,41.58000183105469,37.93815612792969,1156500
2017-01-19,41.516666412353516,41.86000061035156,41.366668701171875,41.393333435058594,37.76782989501953,2727600
2017-01-20,41.813331604003906,42.18333435058594,41.76333236694336,41.926666259765625,38.25445556640625,1929900
2017-01-23,41.77000045776367,41.86000061035156,41.3466682434082,41.66999816894531,38.0202522277832,1053900
2017-01-24,41.8466682434082,42.55666732788086,41.790000915527344,42.47666549682617,38.756282806396484,3734100
2017-01-25,43.04999923706055,43.206668853759766,42.709999084472656,43.106666564941406,39.33110809326172,2025600
2017-01-26,43.189998626708984,43.189998626708984,42.676666259765625,42.86333465576172,39.109073638916016,1262400
2017-01-27,43.08333206176758,43.40999984741211,43.08333206176758,43.39666748046875,39.595699310302734,977400
2017-01-30,43.20000076293945,43.20000076293945,42.63999938964844,43.18000030517578,39.39800262451172,1517400
2017-01-31,42.93333435058594,42.959999084472656,42.356666564941406,42.619998931884766,38.887054443359375,1455000
2017-02-01,43.08000183105469,43.31666564941406,42.86333465576172,43.29666519165039,39.50445556640625,1792200
2017-02-02,43.0,43.40999984741211,42.793331146240234,43.276668548583984,39.48622512817383,1416000
2017-02-03,43.52000045776367,43.58000183105469,43.35333251953125,43.5,39.689979553222656,869400
2017-02-06,43.586666107177734,43.686668395996094,43.313331604003906,43.6533317565918,39.82988357543945,923100
2017-02-07,43.90666580200195,43.97666549682617,43.586666107177734,43.813331604003906,39.97586441040039,594900
2017-02-08,43.94333267211914,44.06666564941406,43.66666793823242,43.89666748046875,40.051902770996094,771600
2017-02-09,43.87333297729492,44.016666412353516,43.459999084472656,43.51333236694336,39.702144622802734,1358100
2017-02-10,43.80666732788086,43.810001373291016,43.063331604003906,43.48666763305664,39.677825927734375,1551600
2017-02-13,43.606666564941406,43.866668701171875,43.5099983215332,43.57666778564453,39.75992965698242,929400
2017-02-14,43.59333419799805,43.59333419799805,43.186668395996094,43.456668853759766,39.65044021606445,608400
2017-02-15,43.58000183105469,43.836666107177734,43.356666564941406,43.793331146240234,39.957618713378906,703800
2017-02-16,43.84000015258789,43.936668395996094,43.58333206176758,43.86333465576172,40.021488189697266,930600
2017-02-17,43.63999938964844,44.0966682434082,43.49333190917969,44.09000015258789,40.22830581665039,996300
2017-02-21,44.2400016784668,44.72999954223633,44.2400016784668,44.71333312988281,40.79703140258789,2010900
2017-02-22,44.62666702270508,44.779998779296875,44.543331146240234,44.723331451416016,40.80615997314453,674700
2017-02-23,44.66999816894531,44.67333221435547,43.706668853759766,43.996665954589844,40.143150329589844,1778100
2017-02-24,43.293331146240234,43.973331451416016,43.133331298828125,43.96666717529297,40.11577224731445,1569600
2017-02-27,43.9900016784668,44.4033317565918,43.893333435058594,44.38666534423828,40.49898910522461,3659400
2017-02-28,44.46666717529297,44.46666717529297,43.72999954223633,43.81999969482422,39.9819450378418,1295400
2017-03-01,44.3466682434082,44.563331604003906,43.91999816894531,44.503334045410156,40.60543441772461,1316700
2017-03-02,44.606666564941406,44.71666717529297,44.0,44.04666519165039,40.18877029418945,1290300
2017-03-03,44.0966682434082,44.130001068115234,43.766666412353516,44.02333450317383,40.16748046875,1290000
2017-03-06,43.900001525878906,44.12333297729492,43.53666687011719,44.04666519165039,40.18877029418945,1598400
2017-03-07,43.970001220703125,44.43333435058594,43.836666107177734,44.143333435058594,40.276947021484375,1624500
2017-03-08,44.323333740234375,44.61333465576172,44.15666580200195,44.246665954589844,40.37124252319336,1757100
2017-03-09,44.220001220703125,44.40666580200195,43.97999954223633,44.33333206176758,40.45033264160156,1020600
2017-03-10,44.5966682434082,44.93333435058594,44.5966682434082,44.84000015258789,40.91261672973633,2136300
2017-03-13,44.97666549682617,45.19333267211914,44.88999938964844,45.176666259765625,41.21979522705078,1147500
2017-03-14,45.05666732788086,45.09000015258789,44.67333221435547,45.043331146240234,41.0981330871582,1066800
2017-03-15,45.099998474121094,45.483333587646484,44.883331298828125,45.400001525878906,41.4235725402832,1108200
2017-03-16,45.54666519165039,45.55666732788086,45.266666412353516,45.35333251953125,41.380985260009766,932700
2017-03-17,45.5099983215332,45.5099983215332,45.3033332824707,45.4466667175293,41.46614074707031,1832100
2017-03-20,45.563331604003906,45.939998626708984,45.40666580200195,45.78333282470703,41.77333450317383,1138200
2017-03-21,45.900001525878906,45.98666763305664,44.62333297729492,44.709999084472656,40.79399490356445,1962600
2017-03-22,44.753334045410156,45.233333587646484,44.5966682434082,45.18333435058594,41.22587203979492,1676400
2017-03-23,45.176666259765625,45.279998779296875,44.95333480834961,45.08333206176758,41.13463592529297,1530900
2017-03-24,45.53666687011719,45.856666564941406,45.119998931884766,45.293331146240234,41.43437576293945,1596000
2017-03-27,44.86000061035156,45.46666717529297,44.67333221435547,45.36000061035156,41.495361328125,1449900
2017-03-28,45.45000076293945,45.68000030517578,45.22999954223633,45.503334045410156,41.62650680541992,851400
2017-03-29,45.52333450317383,45.52333450317383,45.25666809082031,45.393333435058594,41.5258674621582,1064400
2017-03-30,45.41666793823242,45.72666549682617,45.3466682434082,45.62666702270508,41.73932647705078,831000
2017-03-31,45.67333221435547,45.856666564941406,45.483333587646484,45.630001068115234,41.742366790771484,616500
2017-04-03,45.650001525878906,45.7599983215332,45.04666519165039,45.34000015258789,41.47709274291992,2164800
2017-04-04,45.05666732788086,45.40666580200195,44.983333587646484,45.11333465576172,41.26973342895508,1366800
2017-04-05,45.24333190917969,45.54999923706055,44.77000045776367,44.79999923706055,40.98308563232422,1259400
2017-04-06,44.77000045776367,44.970001220703125,44.413333892822266,44.869998931884766,41.047122955322266,1165500
2017-04-07,44.88666534423828,45.20000076293945,44.7599983215332,45.063331604003906,41.2239875793457,757200
2017-04-10,45.06666564941406,45.11000061035156,44.61000061035156,44.71666717529297,40.906856536865234,810300
2017-04-11,44.496665954589844,44.5099983215332,43.6966667175293,44.356666564941406,40.577518463134766,1602000
2017-04-12,44.233333587646484,44.293331146240234,43.4900016784668,43.59333419799805,39.87922286987305,1704600
2017-04-13,43.33333206176758,43.959999084472656,43.28666687011719,43.3033332824707,39.61393737792969,1309200
2017-04-17,43.473331451416016,43.866668701171875,43.473331451416016,43.84333419799805,40.1079216003418,1329900
2017-04-18,43.599998474121094,44.073333740234375,43.56999969482422,44.04666519165039,40.29392623901367,1325700
2017-04-19,44.40666580200195,44.68000030517578,44.209999084472656,44.276668548583984,40.50433349609375,1701600
2017-04-20,44.60333251953125,45.05666732788086,44.383331298828125,44.97666549682617,41.14469528198242,1669800
2017-04-21,44.83000183105469,44.87666702270508,44.40999984741211,44.78666687011719,40.970890045166016,1922400
2017-04-24,45.44333267211914,45.57666778564453,45.266666412353516,45.43000030517578,41.55940628051758,1482300
2017-04-25,45.650001525878906,45.96333312988281,45.540000915527344,45.893333435058594,41.983272552490234,1269900
2017-04-26,45.83000183105469,45.91666793823242,45.3466682434082,45.516666412353516,41.638694763183594,3504000
2017-04-27,45.84333419799805,46.220001220703125,45.753334045410156,46.15666580200195,42.22415542602539,1099200
2017-04-28,46.04666519165039,46.04666519165039,45.25,45.369998931884766,41.504520416259766,3133800
2017-05-01,45.47999954223633,45.83333206176758,45.253334045410156,45.81999969482422,41.916175842285156,2065500
2017-05-02,45.70000076293945,45.70000076293945,45.10333251953125,45.336666107177734,41.474037170410156,3398700
2017-05-03,45.0966682434082,45.560001373291016,45.08333206176758,45.49333190917969,41.61735534667969,1144800
2017-05-04,45.650001525878906,45.650001525878906,45.266666412353516,45.459999084472656,41.58684539794922,1219500
2017-05-05,45.58000183105469,45.63999938964844,45.21333312988281,45.63999938964844,41.75151824951172,902100
2017-05-08,45.616668701171875,45.70000076293945,45.37333297729492,45.459999084472656,41.58684539794922,801900
2017-05-09,45.52333450317383,46.043331146240234,45.459999084472656,45.90999984741211,41.998512268066406,1281000
2017-05-10,46.47666549682617,46.970001220703125,46.46333312988281,46.883331298828125,42.888916015625,2503500
2017-05-11,46.8466682434082,47.27000045776367,46.46666717529297,47.0533332824707,43.044437408447266,2091000
2017-05-12,47.116668701171875,47.24333190917969,46.91666793823242,47.186668395996094,43.16640853881836,573300
2017-05-15,47.38666534423828,47.9466667175293,47.25,47.91666793823242,43.83421325683594,1123200
2017-05-16,48.13999938964844,48.62333297729492,47.91666793823242,48.60333251953125,44.46237564086914,1067400
2017-05-17,48.03333282470703,48.130001068115234,46.46666717529297,46.50666809082031,42.544349670410156,3091200
2017-05-18,46.526668548583984,47.50666809082031,46.38666534423828,47.37333297729492,43.33716583251953,2103600
2017-05-19,47.81666564941406,48.063331604003906,47.77333450317383,47.89666748046875,43.815914154052734,2681100
2017-05-22,48.206668853759766,48.439998626708984,48.0966682434082,48.41999816894531,44.29466247558594,2000100
2017-05-23,48.46333312988281,48.46666717529297,47.856666564941406,48.22666549682617,44.1177864074707,760200
2017-05-24,48.54999923706055,48.630001068115234,48.31666564941406,48.540000915527344,44.404449462890625,1018800
2017-05-25,48.686668395996094,48.959999084472656,48.473331451416016,48.78666687011719,44.63007736206055,1013400
2017-05-26,48.746665954589844,49.03333282470703,48.46666717529297,49.0099983215332,44.834388732910156,789600
2017-05-30,49.00666809082031,49.456668853759766,48.95000076293945,49.336666107177734,45.13322067260742,1176900
2017-05-31,49.689998626708984,49.790000915527344,49.09333419799805,49.33000183105469,45.12713623046875,1605300
2017-06-01,49.52000045776367,49.52000045776367,49.099998474121094,49.380001068115234,45.172882080078125,1063200
2017-06-02,49.69333267211914,49.94333267211914,49.31999969482422,49.883331298828125,45.6333122253418,1297500
2017-06-05,49.866668701171875,50.27000045776367,49.8466682434082,50.003334045410156,45.74309539794922,986700
2017-06-06,49.81666564941406,50.5099983215332,49.74333190917969,50.16666793823242,45.892520904541016,1240800
2017-06-07,50.41666793823242,50.7400016784668,50.28333282470703,50.540000915527344,46.234031677246094,1262700
2017-06-08,50.95000076293945,51.483333587646484,50.5099983215332,51.46333312988281,47.078704833984375,1617600
2017-06-09,51.84000015258789,51.983333587646484,48.3033332824707,49.29999923706055,45.09968948364258,5103600
2017-06-12,48.68333435058594,49.1966667175293,47.60333251953125,49.016666412353516,44.84049987792969,5277300
2017-06-13,49.76333236694336,49.83333206176758,48.746665954589844,49.349998474121094,45.14542770385742,3216600
2017-06-14,49.5533332824707,49.5533332824707,48.290000915527344,48.83333206176758,44.67278289794922,2112300
2017-06-15,48.016666412353516,48.5966682434082,47.95333480834961,48.4466667175293,44.31904983520508,3531900
2017-06-16,48.573333740234375,48.810001373291016,48.10333251953125,48.253334045410156,44.1422119140625,1588800
2017-06-19,48.78666687011719,49.25,48.746665954589844,49.16999816894531,44.98076629638672,1455600
2017-06-20,49.43000030517578,49.4900016784668,48.606666564941406,48.616668701171875,44.474586486816406,1193100
2017-06-21,48.84333419799805,49.19333267211914,48.64666748046875,49.18000030517578,44.98990249633789,1386900
2017-06-22,49.16666793823242,49.28666687011719,48.83333206176758,49.06666564941406,44.88623046875,1299900
2017-06-23,49.150001525878906,49.4900016784668,48.91999816894531,49.21333312988281,45.0203971862793,973200
2017-06-26,49.49333190917969,49.7599983215332,48.529998779296875,48.790000915527344,44.63314437866211,1882800
2017-06-27,48.496665954589844,48.496665954589844,47.349998474121094,47.369998931884766,43.440956115722656,1921500
2017-06-28,47.643333435058594,48.24333190917969,47.186668395996094,48.189998626708984,44.19296646118164,2285400
2017-06-29,47.996665954589844,47.996665954589844,46.3466682434082,46.9900016784668,43.09248733520508,2949300
2017-06-30,47.13666534423828,47.383331298828125,46.529998779296875,46.733333587646484,42.85710525512695,1492800
2017-07-03,47.11000061035156,47.17333221435547,46.07666778564453,46.09333419799805,42.27020263671875,1771800
2017-07-05,46.24333190917969,47.11000061035156,46.24333190917969,47.03666687011719,43.135276794433594,1918200
2017-07-06,46.599998474121094,47.233333587646484,46.380001068115234,46.83000183105469,42.94575881958008,2063100
2017-07-07,47.05666732788086,47.810001373291016,47.05666732788086,47.619998931884766,43.67022705078125,3374400
2017-07-10,47.8033332824707,48.293331146240234,47.503334045410156,48.16999816894531,44.174598693847656,978300
2017-07-11,48.043331146240234,48.59000015258789,48.01333236694336,48.56999969482422,44.54143142700195,965400
2017-07-12,49.05666732788086,49.45333480834961,48.883331298828125,49.3466682434082,45.2536735534668,1678200
2017-07-13,49.400001525878906,49.720001220703125,49.04666519165039,49.19333267211914,45.11305618286133,1532700
2017-07-14,49.46333312988281,49.880001068115234,49.3466682434082,49.85333251953125,45.71832275390625,1234500
2017-07-17,50.02333450317383,50.040000915527344,49.483333587646484,49.650001525878906,45.531856536865234,693300
2017-07-18,49.35333251953125,49.813331604003906,49.16999816894531,49.8033332824707,45.672462463378906,1017000
2017-07-19,50.09000015258789,50.276668548583984,49.91999816894531,50.26333236694336,46.09431838989258,1410600
2017-07-20,50.28333282470703,50.47666549682617,49.866668701171875,50.40999984741211,46.228816986083984,1527000
2017-07-21,50.08000183105469,50.08000183105469,49.733333587646484,49.97999954223633,45.8344841003418,984000
2017-07-24,50.0533332824707,50.0533332824707,49.72999954223633,49.83000183105469,45.696929931640625,1212600
2017-07-25,49.72666549682617,49.90666580200195,49.27333450317383,49.78666687011719,45.657196044921875,1203600
2017-07-26,50.22999954223633,50.54999923706055,50.04999923706055,50.33333206176758,46.158512115478516,2004600
2017-07-27,50.483333587646484,50.54999923706055,48.97666549682617,49.56666564941406,45.45542907714844,2827800
2017-07-28,49.34000015258789,49.58000183105469,49.133331298828125,49.37666702270508,45.28118133544922,1205700
2017-07-31,49.383331298828125,49.63999938964844,48.856666564941406,48.99333190917969,44.929649353027344,1517400
2017-08-01,49.13999938964844,49.29999923706055,48.900001525878906,49.29666519165039,45.20783233642578,1002000
2017-08-02,49.58000183105469,49.686668395996094,48.599998474121094,48.939998626708984,44.8807373046875,1741200
2017-08-03,48.90999984741211,49.06666564941406,48.516666412353516,48.75666809082031,44.712623596191406,1347300
2017-08-04,48.790000915527344,49.16999816894531,48.633331298828125,48.776668548583984,44.730953216552734,1283700
2017-08-07,48.9033317565918,49.63999938964844,48.9033317565918,49.616668701171875,45.50128936767578,949200
2017-08-08,49.65999984741211,50.0533332824707,49.313331604003906,49.473331451416016,45.369842529296875,818700
2017-08-09,49.08333206176758,49.35333251953125,48.86333465576172,49.30666732788086,45.21699142456055,706500
2017-08-10,48.99333190917969,49.0099983215332,47.88999938964844,47.93000030517578,43.95451736450195,1627500
2017-08-11,47.706668853759766,48.28333282470703,47.59333419799805,48.20000076293945,44.2021369934082,1044300
2017-08-14,48.78333282470703,49.483333587646484,48.776668548583984,49.426666259765625,45.327049255371094,1610100
2017-08-15,49.643333435058594,49.650001525878906,49.20000076293945,49.54999923706055,45.44014358520508,531300
2017-08-16,49.6533317565918,49.84000015258789,49.393333435058594,49.630001068115234,45.51351547241211,777900
2017-08-17,49.393333435058594,49.52333450317383,48.349998474121094,48.37666702270508,44.364131927490234,1209000
2017-08-18,48.663333892822266,48.810001373291016,48.209999084472656,48.45000076293945,44.431392669677734,1026900
2017-08-21,48.52000045776367,48.599998474121094,47.790000915527344,48.09000015258789,44.101261138916016,945900
2017-08-22,48.51333236694336,48.97999954223633,48.45000076293945,48.883331298828125,44.828773498535156,1046700
2017-08-23,48.42333221435547,49.22999954223633,48.37333297729492,49.09000015258789,45.0182991027832,1983900
2017-08-24,49.293331146240234,49.36333465576172,48.823333740234375,49.0966682434082,45.02442932128906,1294200
2017-08-25,49.279998779296875,49.366668701171875,48.78333282470703,48.86000061035156,44.80739212036133,684900
2017-08-28,48.93000030517578,49.02000045776367,48.7400016784668,49.00666809082031,44.94187927246094,552600
2017-08-29,48.38999938964844,49.209999084472656,48.37333297729492,49.08333206176758,45.01219177246094,1068900
2017-08-30,49.3466682434082,50.0,49.17333221435547,49.92333221435547,45.782527923583984,1998900
2017-08-31,50.09333419799805,50.483333587646484,50.016666412353516,50.41666793823242,46.23493957519531,1072200
2017-09-01,50.50666809082031,50.900001525878906,50.50666809082031,50.63666534423828,46.436676025390625,1591200
2017-09-05,50.456668853759766,50.52000045776367,49.516666412353516,49.94333267211914,45.80086135864258,2806500
2017-09-06,50.223331451416016,50.253334045410156,49.78666687011719,50.02333450317383,45.87421798706055,1044000
2017-09-07,50.119998931884766,50.30666732788086,49.893333435058594,50.11000061035156,45.953697204589844,873300
2017-09-08,50.07666778564453,50.11333465576172,49.336666107177734,49.52000045776367,45.412635803222656,1454100
2017-09-11,49.9033317565918,50.58000183105469,49.9033317565918,50.46333312988281,46.27772521972656,1305300
2017-09-12,50.526668548583984,50.836666107177734,50.40999984741211,50.689998626708984,46.485595703125,742200
2017-09-13,50.66666793823242,50.90666580200195,50.413333892822266,50.790000915527344,46.577301025390625,772800
2017-09-14,50.57666778564453,51.290000915527344,50.56999969482422,50.9900016784668,46.76071548461914,1656900
2017-09-15,51.22999954223633,51.936668395996094,51.12666702270508,51.880001068115234,47.57689666748047,1424100
2017-09-18,52.18333435058594,52.880001068115234,52.18333435058594,52.560001373291016,48.20048141479492,1476900
2017-09-19,52.68333435058594,52.93000030517578,52.400001525878906,52.72666549682617,48.35333251953125,1382700
2017-09-20,52.78666687011719,52.78666687011719,51.29666519165039,52.0,47.686946868896484,2274900
2017-09-21,51.9033317565918,51.96333312988281,51.32666778564453,51.776668548583984,47.482139587402344,864300
2017-09-22,51.63999938964844,52.106666564941406,51.630001068115234,52.040000915527344,47.72362518310547,742200
2017-09-25,51.85333251953125,51.85333251953125,50.79666519165039,51.03666687011719,46.803504943847656,1795500
2017-09-26,51.39666748046875,51.39666748046875,50.643333435058594,50.790000915527344,46.72958755493164,1474200
2017-09-27,51.4033317565918,52.22999954223633,51.336666107177734,52.02000045776367,47.86126708984375,1166400
2017-09-28,51.96666717529297,52.43333435058594,51.83333206176758,52.4033317565918,48.213958740234375,819900
2017-09-29,52.61333465576172,52.926666259765625,52.3466682434082,52.856666564941406,48.63105392456055,918600
2017-10-02,53.09333419799805,53.41999816894531,52.810001373291016,53.209999084472656,48.956119537353516,1240500
2017-10-03,53.27333450317383,53.483333587646484,53.0966682434082,53.356666564941406,49.091064453125,536100
2017-10-04,53.290000915527344,53.47999954223633,52.97999954223633,53.47999954223633,49.20454788208008,873900
2017-10-05,53.706668853759766,53.71333312988281,53.21666717529297,53.526668548583984,49.24748611450195,538200
2017-10-06,53.33333206176758,53.753334045410156,53.33000183105469,53.73666763305664,49.44069290161133,742800
2017-10-09,53.9466667175293,54.19333267211914,53.88666534423828,54.14666748046875,49.81791687011719,835200
2017-10-10,54.633331298828125,54.633331298828125,53.90666580200195,54.45000076293945,50.09700393676758,756300
2017-10-11,54.41666793823242,54.836666107177734,54.34333419799805,54.823333740234375,50.44047927856445,859200
2017-10-12,54.8033332824707,55.0099983215332,54.606666564941406,54.650001525878906,50.28099822998047,584400
2017-10-13,54.90666580200195,55.19333267211914,54.76333236694336,55.0,50.6030158996582,531900
2017-10-16,55.16666793823242,55.27000045776367,54.88999938964844,55.2599983215332,50.84223556518555,543300
2017-10-17,55.28666687011719,55.28666687011719,54.9466667175293,55.21333312988281,50.7993049621582,558900
2017-10-18,55.41666793823242,55.5,54.67333221435547,55.400001525878906,50.971046447753906,712200
2017-10-19,54.973331451416016,55.266666412353516,54.40999984741211,55.2599983215332,50.84223556518555,1063800
2017-10-20,55.69333267211914,55.81666564941406,55.459999084472656,55.543331146240234,51.10292053222656,1083600
2017-10-23,55.813331604003906,56.11333465576172,55.54999923706055,55.81666564941406,51.35441207885742,898500
2017-10-24,55.973331451416016,56.2599983215332,55.76333236694336,56.206668853759766,51.713226318359375,643500
2017-10-25,55.89666748046875,56.04666519165039,54.9033317565918,55.470001220703125,51.03544616699219,1568100
2017-10-26,55.56666564941406,55.913333892822266,55.49333190917969,55.79666519165039,51.336002349853516,1145100
2017-10-27,56.16999816894531,57.040000915527344,55.926666259765625,56.96333312988281,52.40939712524414,1058400
2017-10-30,56.78333282470703,57.356666564941406,56.78333282470703,57.116668701171875,52.55048751831055,1579200
2017-10-31,57.2599983215332,57.7400016784668,57.10333251953125,57.573333740234375,52.97063064575195,1031400
2017-11-01,58.040000915527344,58.08000183105469,56.86000061035156,57.36333465576172,52.777435302734375,1516500
2017-11-02,57.473331451416016,57.79666519165039,57.029998779296875,57.64666748046875,53.03810119628906,4100100
2017-11-03,57.926666259765625,58.66999816894531,57.45000076293945,58.66666793823242,53.9765625,2683800
2017-11-06,59.23666763305664,59.52333450317383,58.813331604003906,59.496665954589844,54.740203857421875,3057600
2017-11-07,59.43000030517578,59.58333206176758,59.03666687011719,59.44333267211914,54.69115447998047,1299300
2017-11-08,59.38666534423828,59.68333435058594,59.1533317565918,59.633331298828125,54.86594772338867,1204500
2017-11-09,59.116668701171875,59.116668701171875,57.723331451416016,58.439998626708984,53.76802062988281,3302400
2017-11-10,58.643333435058594,58.86333465576172,58.47666549682617,58.82666778564453,54.123775482177734,1166400
2017-11-13,58.599998474121094,59.063331604003906,58.516666412353516,58.996665954589844,54.28016662597656,1308900
2017-11-14,58.88666534423828,59.11000061035156,58.5099983215332,58.94333267211914,54.231101989746094,801900
2017-11-15,58.526668548583984,58.65999984741211,57.939998626708984,58.413333892822266,53.74347686767578,1175700
2017-11-16,58.65666580200195,59.526668548583984,58.65666580200195,59.28333282470703,54.54393768310547,1093500
2017-11-17,59.633331298828125,59.63999938964844,58.92333221435547,59.02333450317383,54.304710388183594,1887300
2017-11-20,59.356666564941406,59.823333740234375,59.20333480834961,59.72666549682617,54.95182418823242,1792800
2017-11-21,60.119998931884766,60.48666763305664,60.003334045410156,60.40999984741211,55.58052444458008,3603000
2017-11-22,60.62333297729492,60.62666702270508,59.95333480834961,60.043331146240234,55.24317169189453,1203900
2017-11-24,60.29999923706055,60.62333297729492,60.21666717529297,60.58333206176758,55.74000549316406,556800
2017-11-27,60.21666717529297,60.21666717529297,59.723331451416016,59.823333740234375,55.04076385498047,1692900
2017-11-28,60.060001373291016,60.060001373291016,59.483333587646484,59.849998474121094,55.06529235839844,1971300
2017-11-29,59.78333282470703,59.79999923706055,56.633331298828125,57.21333312988281,52.63941955566406,5576700
2017-11-30,57.84333419799805,58.116668701171875,57.163333892822266,57.52000045776367,52.921566009521484,4293300
2017-12-01,56.97666549682617,57.23666763305664,55.503334045410156,56.89666748046875,52.34806823730469,4877700
2017-12-04,57.573333740234375,57.643333435058594,55.18333435058594,55.529998779296875,51.09065628051758,4886400
2017-12-05,55.25,56.586666107177734,54.8466682434082,55.573333740234375,51.130523681640625,5340300
2017-12-06,55.026668548583984,55.85333251953125,54.793331146240234,55.753334045410156,51.29613494873047,2170500
2017-12-07,56.163333892822266,56.470001220703125,55.93333435058594,56.29666519165039,51.79603576660156,2917500
2017-12-08,56.939998626708984,56.96666717529297,55.956668853759766,56.00666809082031,51.52921676635742,1965900
2017-12-11,56.0966682434082,56.4900016784668,55.939998626708984,56.34333419799805,51.838966369628906,5248200
2017-12-12,56.223331451416016,56.223331451416016,55.71666717529297,55.793331146240234,51.33293151855469,1307700
2017-12-13,55.98666763305664,56.276668548583984,55.75,55.78333282470703,51.32373809814453,980100
2017-12-14,55.81999969482422,56.0966682434082,55.59000015258789,55.72666549682617,51.271602630615234,889200
2017-12-15,56.016666412353516,56.746665954589844,55.709999084472656,56.599998474121094,52.07511520385742,3382500
2017-12-18,57.293331146240234,57.84333419799805,57.0,57.813331604003906,53.19144821166992,3488700
2017-12-19,57.70000076293945,57.86000061035156,57.349998474121094,57.64666748046875,53.135223388671875,2278500
2017-12-20,58.253334045410156,58.323333740234375,57.56999969482422,58.06666564941406,53.52234649658203,1342200
2017-12-21,58.25666809082031,58.25666809082031,57.369998931884766,57.45333480834961,52.95702362060547,1750500
2017-12-22,57.253334045410156,57.45000076293945,57.03333282470703,57.41999816894531,52.92629623413086,877800
2017-12-26,56.6966667175293,56.900001525878906,56.369998931884766,56.8466682434082,52.3978385925293,680100
2017-12-27,56.849998474121094,57.31999969482422,56.776668548583984,57.029998779296875,52.56681823730469,794100
2017-12-28,57.209999084472656,57.33333206176758,57.09000015258789,57.189998626708984,52.71428680419922,789000
2017-12-29,57.28333282470703,57.28333282470703,56.599998474121094,56.60333251953125,52.17353820800781,760200
2018-01-02,56.90999984741211,58.163333892822266,56.84000015258789,58.13999938964844,53.58994674682617,2860200
2018-01-03,58.456668853759766,59.17333221435547,58.323333740234375,59.15666580200195,54.52705001831055,1326900
2018-01-04,59.59333419799805,59.689998626708984,59.01333236694336,59.4900016784668,54.83429718017578,1335000
2018-01-05,59.75666809082031,60.07666778564453,59.40999984741211,59.83000183105469,55.14768600463867,1170600
2018-01-08,59.869998931884766,60.48666763305664,59.68333435058594,60.29999923706055,55.580909729003906,1622700
2018-01-09,60.459999084472656,60.459999084472656,59.63999938964844,59.706668853759766,55.03401184082031,1464600
2018-01-10,59.029998779296875,59.27333450317383,58.516666412353516,58.9900016784668,54.373435974121094,2030400
2018-01-11,59.18000030517578,59.37333297729492,58.936668395996094,59.34333419799805,54.6991081237793,1047300
2018-01-12,59.40666580200195,59.790000915527344,59.186668395996094,59.663333892822266,54.99406433105469,1101900
2018-01-16,60.16999816894531,60.563331604003906,59.5099983215332,59.86000061035156,55.17533493041992,1462500
2018-01-17,60.41999816894531,61.68000030517578,60.356666564941406,61.5966682434082,56.776092529296875,1136700
2018-01-18,61.57666778564453,62.176666259765625,61.503334045410156,61.87333297729492,57.03110885620117,3163800
2018-01-19,62.1533317565918,62.25,61.56999969482422,61.936668395996094,57.0894889831543,1188600
2018-01-22,62.0533332824707,62.413333892822266,61.75666809082031,62.39666748046875,57.51348114013672,1247700
2018-01-23,62.69333267211914,62.9033317565918,62.46333312988281,62.89666748046875,57.974365234375,1467000
2018-01-24,62.246665954589844,62.459999084472656,61.02000045776367,61.456668853759766,56.64704513549805,3006000
2018-01-25,62.12666702270508,62.28333282470703,60.38999938964844,60.38999938964844,55.66386795043945,2254800
2018-01-26,61.206668853759766,62.33000183105469,61.176666259765625,62.31999969482422,57.442813873291016,1667700
2018-01-29,62.09333419799805,62.66666793823242,61.49333190917969,62.22999954223633,57.35987091064453,1626000
2018-01-30,61.33333206176758,61.689998626708984,60.913333892822266,60.99333190917969,56.21998596191406,1948500
2018-01-31,61.709999084472656,61.93000030517578,61.150001525878906,61.4900016784668,56.67776870727539,1163700
2018-02-01,61.0,62.09000015258789,60.90666580200195,61.186668395996094,56.398197174072266,1255500
2018-02-02,60.68333435058594,60.72999954223633,59.5099983215332,59.540000915527344,54.8803825378418,3241800
2018-02-05,58.65666580200195,59.973331451416016,56.56999969482422,56.73666763305664,52.29644775390625,3915600
2018-02-06,55.866668701171875,58.86000061035156,55.73666763305664,58.790000915527344,54.18907928466797,4045500
2018-02-07,58.40666580200195,58.93000030517578,57.52000045776367,57.529998779296875,53.027687072753906,3262200
2018-02-08,57.79999923706055,57.959999084472656,55.06666564941406,55.11333465576172,50.80014419555664,4162200
2018-02-09,56.366668701171875,57.099998474121094,54.393333435058594,56.70000076293945,52.26265335083008,5947800
2018-02-12,57.45333480834961,58.16666793823242,56.91999816894531,57.790000915527344,53.26734161376953,2956200
2018-02-13,57.426666259765625,57.84333419799805,57.23666763305664,57.723331451416016,53.20588684082031,1481700
2018-02-14,57.27333450317383,59.16666793823242,57.15999984741211,59.07666778564453,54.45331573486328,1199100
2018-02-15,59.633331298828125,59.790000915527344,58.393333435058594,59.779998779296875,55.101593017578125,1732500
2018-02-16,59.483333587646484,60.313331604003906,59.483333587646484,59.56666564941406,54.90496826171875,929700
2018-02-20,59.380001068115234,61.16666793823242,59.31999969482422,60.619998931884766,55.87586212158203,2507400
2018-02-21,60.95333480834961,61.0,59.883331298828125,59.92333221435547,55.233707427978516,1435500
2018-02-22,60.27000045776367,60.413333892822266,59.59333419799805,59.790000915527344,55.11082077026367,1460700
2018-02-23,60.426666259765625,61.06999969482422,60.233333587646484,61.06999969482422,56.29063415527344,1424700
2018-02-26,61.43333435058594,62.400001525878906,61.426666259765625,62.38666534423828,57.50425720214844,1090500
2018-02-27,62.413333892822266,63.2400016784668,62.18000030517578,62.18000030517578,57.31377410888672,1369200
2018-02-28,62.616668701171875,62.7400016784668,61.56666564941406,61.62666702270508,56.80375671386719,1266600
2018-03-01,61.84333419799805,61.883331298828125,59.9466667175293,60.6533317565918,55.90657424926758,2850300
2018-03-02,59.96666717529297,61.79666519165039,59.82666778564453,61.68333435058594,56.855987548828125,1392600
2018-03-05,61.35333251953125,62.53666687011719,61.07666778564453,62.23666763305664,57.36601638793945,1251000
2018-03-06,62.83000183105469,63.3466682434082,62.5,63.17333221435547,58.229366302490234,1779000
2018-03-07,62.516666412353516,63.456668853759766,62.516666412353516,63.37666702270508,58.41679382324219,1167300
2018-03-08,63.75,63.78666687011719,63.08333206176758,63.43333435058594,58.469032287597656,1147200
2018-03-09,63.94333267211914,64.77666473388672,63.793331146240234,64.75,59.68265151977539,1586400
2018-03-12,65.22666931152344,65.7699966430664,65.0199966430664,65.4366683959961,60.31556701660156,1860300
2018-03-13,65.22666931152344,65.7699966430664,64.14666748046875,64.42666625976562,59.38462829589844,4230000
2018-03-14,64.78333282470703,64.78333282470703,63.83000183105469,64.41999816894531,59.37849044799805,1641000
2018-03-15,64.58999633789062,64.79000091552734,64.03666687011719,64.37000274658203,59.3323860168457,1073100
2018-03-16,64.45999908447266,64.72666931152344,64.27333068847656,64.34333038330078,59.30781173706055,1035000
2018-03-19,63.76333236694336,64.0633316040039,62.223331451416016,63.116668701171875,58.17713928222656,2781600
2018-03-20,63.25,63.78666687011719,63.16666793823242,63.58000183105469,58.60421371459961,760800
2018-03-21,63.50666809082031,64.5199966430664,63.426666259765625,63.70000076293945,58.714813232421875,1380300
2018-03-22,62.59333419799805,63.24333190917969,61.8466682434082,61.900001525878906,57.16786575317383,1752000
2018-03-23,61.790000915527344,61.900001525878906,59.81666564941406,59.84000015258789,55.265350341796875,3847500
2018-03-26,61.24333190917969,62.35333251953125,60.46333312988281,62.336666107177734,57.57114791870117,2399700
2018-03-27,62.81666564941406,62.99333190917969,59.53333282470703,60.043331146240234,55.45313262939453,3221700
2018-03-28,59.630001068115234,60.176666259765625,58.483333587646484,58.74333190917969,54.252525329589844,2980200
2018-03-29,59.13999938964844,60.586666107177734,58.709999084472656,60.016666412353516,55.42851257324219,2504100
2018-04-02,59.49333190917969,59.93333435058594,57.1533317565918,57.723331451416016,53.31050109863281,2379600
2018-04-03,58.44333267211914,58.97666549682617,57.810001373291016,58.81666564941406,54.320255279541016,1673400
2018-04-04,57.12333297729492,59.72999954223633,57.106666564941406,59.573333740234375,55.01907730102539,2024700
2018-04-05,59.9466667175293,60.02333450317383,58.58000183105469,58.96333312988281,54.45569610595703,1725000
2018-04-06,58.15666580200195,58.793331146240234,56.92333221435547,57.18000030517578,52.80870819091797,1179900
2018-04-09,57.85333251953125,59.20333480834961,57.50666809082031,57.540000915527344,53.14118194580078,1113000
2018-04-10,58.86000061035156,59.72666549682617,58.48666763305664,59.380001068115234,54.84052658081055,1904100
2018-04-11,59.04999923706055,59.926666259765625,58.94333267211914,59.4033317565918,54.862060546875,1226400
2018-04-12,59.87666702270508,60.686668395996094,59.823333740234375,60.52333450317383,55.896446228027344,1911300
2018-04-13,61.22999954223633,61.336666107177734,59.86000061035156,60.07666778564453,55.48392868041992,1289400
2018-04-16,60.43333435058594,60.50666809082031,59.68333435058594,60.18333435058594,55.58243179321289,849300
2018-04-17,60.65999984741211,61.46666717529297,60.53666687011719,61.323333740234375,56.635292053222656,1097700
2018-04-18,60.93000030517578,61.06666564941406,60.18000030517578,60.720001220703125,56.07807540893555,1453500
2018-04-19,59.5533332824707,59.619998931884766,57.88999938964844,58.09333419799805,53.6522216796875,5532900
2018-04-20,58.08000183105469,58.37666702270508,57.1533317565918,57.40666580200195,53.01803970336914,3552000
2018-04-23,57.62333297729492,57.753334045410156,56.5,56.643333435058594,52.313072204589844,2047200
2018-04-24,57.13666534423828,57.65999984741211,55.689998626708984,56.186668395996094,51.89132308959961,3480900
2018-04-25,56.436668395996094,56.52000045776367,55.22999954223633,56.116668701171875,51.82665252685547,4432800
2018-04-26,57.003334045410156,57.31999969482422,56.643333435058594,57.26333236694336,52.88566207885742,4609200
2018-04-27,57.9900016784668,58.04999923706055,56.58000183105469,56.86333465576172,52.51625061035156,3309000
2018-04-30,56.766666412353516,57.1966667175293,55.996665954589844,56.2400016784668,51.94055938720703,1802100
2018-05-01,56.099998474121094,57.22666549682617,56.03333282470703,57.163333892822266,52.79331970214844,3127800
2018-05-02,57.220001220703125,57.400001525878906,56.66999816894531,56.90999984741211,52.55933380126953,1543200
2018-05-03,56.46333312988281,57.5,56.03333282470703,57.25,52.87335205078125,2396700
2018-05-04,56.939998626708984,58.6966667175293,56.68000030517578,58.59333419799805,54.11398696899414,1977900
2018-05-07,59.073333740234375,59.436668395996094,58.86000061035156,59.15999984741211,54.637332916259766,1185000
2018-05-08,59.12333297729492,59.59333419799805,58.893333435058594,59.5099983215332,54.9605827331543,1206300
2018-05-09,59.72999954223633,60.459999084472656,59.5966682434082,60.41666793823242,55.79792785644531,1043700
2018-05-10,60.75666809082031,61.543331146240234,60.720001220703125,61.516666412353516,56.8138313293457,1242900
2018-05-11,61.16666793823242,61.63666534423828,60.956668853759766,61.06666564941406,56.39824295043945,1857900
2018-05-14,61.83000183105469,62.55666732788086,61.70333480834961,61.813331604003906,57.08783721923828,1653900
2018-05-15,61.40666580200195,61.58000183105469,60.70333480834961,61.143333435058594,56.469051361083984,1263900
2018-05-16,61.62666702270508,62.063331604003906,61.106666564941406,61.93000030517578,57.195579528808594,1221300
2018-05-17,61.78666687011719,62.253334045410156,61.28666687011719,61.75,57.02933120727539,1301400
2018-05-18,61.20000076293945,61.28666687011719,60.650001525878906,60.866668701171875,56.213531494140625,2072700
2018-05-21,61.76333236694336,62.08333206176758,60.936668395996094,61.47666549682617,56.77688980102539,1473300
2018-05-22,62.0,62.290000915527344,61.61000061035156,61.81999969482422,57.09397888183594,1496400
2018-05-23,61.34000015258789,62.17333221435547,61.08333206176758,62.1533317565918,57.40184020996094,1039200
2018-05-24,62.1966667175293,62.53666687011719,61.630001068115234,62.4033317565918,57.632720947265625,1136100
2018-05-25,62.400001525878906,62.996665954589844,62.29999923706055,62.90666580200195,58.09756851196289,1400700
2018-05-29,62.63999938964844,63.0533332824707,62.09333419799805,62.526668548583984,57.74662399291992,1538400
2018-05-30,62.866668701171875,63.4033317565918,62.62333297729492,62.93333435058594,58.122215270996094,2143500
2018-05-31,62.83000183105469,63.116668701171875,62.37666702270508,62.47666549682617,57.70044708251953,1606500
2018-06-01,63.03666687011719,63.900001525878906,62.813331604003906,63.900001525878906,59.014984130859375,1060500
2018-06-04,64.06999969482422,64.4800033569336,63.82666778564453,64.40666961669922,59.48291015625,1170900
2018-06-05,64.57666778564453,64.88666534423828,64.33333587646484,64.71333312988281,59.7661247253418,641400
2018-06-06,64.79000091552734,65.12333679199219,64.4433364868164,65.12333679199219,60.1447868347168,1268100
2018-06-07,65.1866683959961,65.26000213623047,64.08000183105469,64.5433349609375,59.609127044677734,2082900
2018-06-08,63.80666732788086,64.08999633789062,63.45333480834961,63.96666717529297,59.0765380859375,2429700
2018-06-11,63.869998931884766,64.16666412353516,63.633331298828125,63.84333419799805,58.96263885498047,1277700
2018-06-12,64.00666809082031,64.21666717529297,63.599998474121094,64.17333221435547,59.267417907714844,932400
2018-06-13,64.21333312988281,64.75666809082031,64.00666809082031,64.07666778564453,59.17814636230469,9156900
2018-06-14,64.44667053222656,64.7699966430664,64.07333374023438,64.45999908447266,59.53215408325195,1635600
2018-06-15,64.0433349609375,64.4800033569336,63.81666564941406,64.40333557128906,59.47982406616211,1122600
2018-06-18,63.99333190917969,63.99333190917969,63.19333267211914,63.78333282470703,58.9072265625,1675800
2018-06-19,62.83000183105469,63.130001068115234,62.12333297729492,63.08333206176758,58.2607307434082,2631000
2018-06-20,63.44333267211914,63.709999084472656,63.0966682434082,63.38666534423828,58.5408821105957,2007300
2018-06-21,63.813331604003906,63.84000015258789,62.50666809082031,62.599998474121094,57.814353942871094,1245900
2018-06-22,62.9033317565918,62.94333267211914,61.983333587646484,62.10333251953125,57.35565948486328,1116300
2018-06-25,61.436668395996094,61.436668395996094,59.503334045410156,60.276668548583984,55.66864013671875,5441100
2018-06-26,60.266666412353516,60.58333206176758,59.983333587646484,60.28333282470703,55.8663444519043,11004000
2018-06-27,60.60333251953125,60.74333190917969,58.813331604003906,58.84333419799805,54.53185272216797,2364000
2018-06-28,58.66666793823242,59.42333221435547,58.59000015258789,59.290000915527344,54.94578552246094,4067700
2018-06-29,59.83333206176758,60.13666534423828,59.413333892822266,59.413333892822266,55.060089111328125,1278000
2018-07-02,58.900001525878906,59.79999923706055,58.4466667175293,59.78666687011719,55.40605545043945,2097300
2018-07-03,60.040000915527344,60.12666702270508,58.63999938964844,58.6966667175293,54.395931243896484,1141500
2018-07-05,59.220001220703125,60.276668548583984,59.220001220703125,60.266666412353516,55.85089111328125,1341000
2018-07-06,60.26333236694336,61.106666564941406,59.939998626708984,61.00666809082031,56.53666687011719,2263200
2018-07-09,61.619998931884766,61.63666534423828,60.68000030517578,61.39666748046875,56.898101806640625,1360200
2018-07-10,61.5099983215332,62.176666259765625,61.41666793823242,62.04666519165039,57.500465393066406,1403400
2018-07-11,61.04666519165039,61.40999984741211,60.4033317565918,60.45333480834961,56.02387237548828,1998600
2018-07-12,60.29666519165039,60.94333267211914,59.91999816894531,60.86000061035156,56.4007568359375,2267400
2018-07-13,61.03333282470703,61.03333282470703,60.54999923706055,60.63999938964844,56.19688034057617,802200
2018-07-16,60.72666549682617,60.96333312988281,60.50666809082031,60.55666732788086,56.11964416503906,612600
2018-07-17,60.150001525878906,61.4466667175293,60.0533332824707,61.426666259765625,56.925899505615234,4140600
2018-07-18,61.70333480834961,62.00666809082031,61.5,61.900001525878906,57.36454772949219,923400
2018-07-19,61.779998779296875,62.01333236694336,61.36000061035156,61.76333236694336,57.23790740966797,871500
2018-07-20,61.70000076293945,61.81666564941406,61.15999984741211,61.473331451416016,56.96915054321289,871800
2018-07-23,61.15666580200195,61.65999984741211,60.36333465576172,61.55666732788086,57.04637145996094,1001100
2018-07-24,61.939998626708984,62.2400016784668,60.79999923706055,60.88666534423828,56.42546463012695,1884000
2018-07-25,60.86000061035156,61.16999816894531,60.08000183105469,61.116668701171875,56.63862991333008,10230000
2018-07-26,61.52333450317383,62.349998474121094,61.52333450317383,62.310001373291016,57.7445068359375,7296300
2018-07-27,62.35333251953125,62.913333892822266,61.57666778564453,62.03333282470703,57.48810958862305,5193300
2018-07-30,62.00666809082031,62.176666259765625,61.12333297729492,61.426666259765625,56.925899505615234,2500200
2018-07-31,61.836666107177734,62.6966667175293,61.723331451416016,61.83333206176758,57.302757263183594,2271000
2018-08-01,61.893333435058594,62.38999938964844,61.47666549682617,61.74333190917969,57.2193603515625,3727800
2018-08-02,61.186668395996094,62.43000030517578,60.96666717529297,62.349998474121094,57.78157424926758,2253300
2018-08-03,62.38999938964844,62.53666687011719,62.0966682434082,62.47999954223633,57.902061462402344,1344300
2018-08-06,62.36000061035156,62.866668701171875,62.02333450317383,62.856666564941406,58.251129150390625,777900
2018-08-07,63.15999984741211,63.39666748046875,62.91666793823242,63.356666564941406,58.714481353759766,9879900
2018-08-08,63.366668701171875,63.633331298828125,63.116668701171875,63.503334045410156,58.85041427612305,1116600
2018-08-09,63.220001220703125,63.310001373291016,62.86333465576172,62.87666702270508,58.2696533203125,2218800
2018-08-10,61.573333740234375,61.84333419799805,61.026668548583984,61.31666564941406,56.82394790649414,3248100
2018-08-13,61.426666259765625,61.939998626708984,61.33333206176758,61.40666580200195,56.907371520996094,1687500
2018-08-14,61.766666412353516,61.86333465576172,61.233333587646484,61.28333282470703,56.793067932128906,1609500
2018-08-15,60.75666809082031,61.0099983215332,59.810001373291016,60.43333435058594,56.00535202026367,3067800
2018-08-16,60.83333206176758,60.91666793823242,60.19333267211914,60.356666564941406,55.934303283691406,1419900
2018-08-17,59.81999969482422,60.06666564941406,59.01333236694336,59.90666580200195,55.51727294921875,2195400
2018-08-20,59.9900016784668,60.206668853759766,59.18000030517578,59.85333251953125,55.46785354614258,957300
2018-08-21,60.043331146240234,61.18000030517578,60.029998779296875,61.02000045776367,56.54902267456055,2549100
2018-08-22,60.893333435058594,61.38666534423828,60.52000045776367,61.30666732788086,56.81468963623047,1440300
2018-08-23,61.276668548583984,61.83000183105469,61.276668548583984,61.37666702270508,56.879573822021484,1847700
2018-08-24,61.650001525878906,62.29999923706055,61.63999938964844,62.266666412353516,57.704349517822266,1685100
2018-08-27,62.77333450317383,63.72666549682617,62.63666534423828,63.25666809082031,58.621822357177734,17873700
2018-08-28,63.59333419799805,63.77333450317383,62.88666534423828,63.5,58.84732437133789,1616100
2018-08-29,63.5,63.86333465576172,63.276668548583984,63.66666793823242,59.00177764892578,4280400
2018-08-30,63.52000045776367,63.7599983215332,63.0099983215332,63.0966682434082,58.47354507446289,1811400
2018-08-31,63.00666809082031,63.53666687011719,63.00666809082031,63.439998626708984,58.79172134399414,1099800
2018-09-04,63.209999084472656,63.97666549682617,63.073333740234375,63.95000076293945,59.26434326171875,1289700
2018-09-05,63.88999938964844,64.0633316040039,63.10333251953125,63.63999938964844,58.97705841064453,1579500
2018-09-06,63.400001525878906,63.45333480834961,61.88666534423828,61.95333480834961,57.41397476196289,1494000
2018-09-07,61.836666107177734,62.59333419799805,61.54999923706055,61.6966667175293,57.17612075805664,8400900
2018-09-10,62.13666534423828,62.366668701171875,61.77333450317383,62.349998474121094,57.78157424926758,951000
2018-09-11,62.099998474121094,62.18333435058594,61.41666793823242,61.746665954589844,57.22244644165039,1734900
2018-09-12,60.95000076293945,61.060001373291016,59.70000076293945,61.03333282470703,56.56138229370117,2111400
2018-09-13,61.706668853759766,62.503334045410156,61.50666809082031,61.72999954223633,57.206993103027344,2159700
2018-09-14,62.086666107177734,62.66999816894531,61.90666580200195,62.42333221435547,57.849544525146484,1979100
2018-09-17,62.19333267211914,62.356666564941406,61.47666549682617,61.5533332824707,57.04328536987305,1527600
2018-09-18,61.8033332824707,62.459999084472656,61.8033332824707,62.08333206176758,57.53445816040039,1312800
2018-09-19,62.106666564941406,62.47666549682617,61.91999816894531,62.18000030517578,57.62403869628906,1104900
2018-09-20,62.66999816894531,63.17333221435547,62.58000183105469,62.93333435058594,58.32217788696289,1450200
2018-09-21,62.99333190917969,63.22666549682617,62.599998474121094,62.76333236694336,58.16461944580078,1707600
2018-09-24,62.25666809082031,63.0099983215332,62.12666702270508,62.97999954223633,58.36540985107422,833400
2018-09-25,62.82666778564453,62.82666778564453,61.810001373291016,61.97666549682617,57.43559265136719,1470300
2018-09-26,61.41666793823242,61.78666687011719,61.0,61.06666564941406,56.84204864501953,1049700
2018-09-27,61.26333236694336,61.540000915527344,61.08333206176758,61.29666519165039,57.0561408996582,1055700
2018-09-28,61.22666549682617,61.900001525878906,61.043331146240234,61.68333435058594,57.41606521606445,2376600
2018-10-01,62.0,62.4033317565918,61.75,61.89666748046875,57.614627838134766,1025100
2018-10-02,61.733333587646484,62.75,61.733333587646484,61.89666748046875,57.614627838134766,2016900
2018-10-03,62.16666793823242,62.38666534423828,61.400001525878906,61.95333480834961,57.6673698425293,1986300
2018-10-04,61.526668548583984,61.630001068115234,60.33000183105469,60.856666564941406,56.646575927734375,1919100
2018-10-05,60.87333297729492,60.93333435058594,58.86333465576172,59.41666793823242,55.306190490722656,2436900
2018-10-08,58.93333435058594,59.46666717529297,58.246665954589844,58.753334045410156,54.68875503540039,2152200
2018-10-09,58.43000030517578,58.983333587646484,58.323333740234375,58.686668395996094,54.62669372558594,1609800
2018-10-10,57.92333221435547,57.959999084472656,56.04999923706055,56.0966682434082,52.21586608886719,6056400
2018-10-11,55.99333190917969,57.21333312988281,55.10333251953125,55.53666687011719,51.69461441040039,4370400
2018-10-12,57.03666687011719,57.356666564941406,55.723331451416016,56.54666519165039,52.634735107421875,4856100
2018-10-15,56.3033332824707,56.709999084472656,55.880001068115234,56.08333206176758,52.203468322753906,3884100
2018-10-16,56.706668853759766,57.9900016784668,56.643333435058594,57.90999984741211,53.90376663208008,1955100
2018-10-17,58.33333206176758,58.4466667175293,57.279998779296875,57.68000030517578,53.689674377441406,2425500
2018-10-18,57.44333267211914,57.4466667175293,56.026668548583984,56.23666763305664,52.34619903564453,4058700
2018-10-19,56.58333206176758,56.90666580200195,55.15666580200195,55.393333435058594,51.561195373535156,3382800
2018-10-22,55.68333435058594,56.060001373291016,55.21666717529297,55.733333587646484,51.877681732177734,3923700
2018-10-23,54.276668548583984,55.75,53.67333221435547,55.44333267211914,51.60774230957031,4304700
2018-10-24,54.516666412353516,54.516666412353516,51.71333312988281,51.80666732788086,48.2226676940918,9218700
2018-10-25,52.10333251953125,53.366668701171875,52.02333450317383,52.96333312988281,49.29930114746094,9226500
2018-10-26,51.810001373291016,52.959999084472656,51.1966667175293,52.043331146240234,48.44294738769531,3910200
2018-10-29,53.0966682434082,53.34000015258789,50.526668548583984,51.5,47.93720245361328,4422600
2018-10-30,51.349998474121094,53.69333267211914,51.349998474121094,53.63999938964844,49.929168701171875,2495700
2018-10-31,54.473331451416016,54.7400016784668,53.84000015258789,54.31999969482422,50.562110900878906,3495900
2018-11-01,54.709999084472656,57.0,54.66999816894531,56.869998931884766,52.93570327758789,3511500
2018-11-02,56.619998931884766,56.92333221435547,55.31999969482422,56.01333236694336,52.1382942199707,3240000
2018-11-05,55.926666259765625,55.93333435058594,54.56999969482422,55.503334045410156,51.66357421875,2405100
2018-11-06,55.383331298828125,56.366668701171875,55.383331298828125,56.150001525878906,52.26551055908203,1184400
2018-11-07,56.88999938964844,56.973331451416016,56.16666793823242,56.78666687011719,52.8581428527832,1827900
2018-11-08,56.34000015258789,57.003334045410156,56.08333206176758,56.633331298828125,52.71540069580078,1706100
2018-11-09,55.9900016784668,56.043331146240234,55.06999969482422,55.5533332824707,51.71012878417969,1690200
2018-11-12,54.606666564941406,54.71666717529297,52.9033317565918,53.073333740234375,49.401695251464844,2249100
2018-11-13,53.51333236694336,54.87333297729492,53.51333236694336,53.8033332824707,50.08120346069336,2411100
2018-11-14,54.30666732788086,54.81999969482422,53.52333450317383,54.040000915527344,50.301490783691406,3722100
2018-11-15,53.75666809082031,56.063331604003906,53.74333190917969,55.866668701171875,52.00178909301758,4985100
2018-11-16,53.84000015258789,55.44333267211914,53.83333206176758,55.19333267211914,51.37503433227539,4494300
2018-11-19,54.91999816894531,55.08000183105469,53.029998779296875,53.08333206176758,49.4109992980957,2579100
2018-11-20,51.56666564941406,53.836666107177734,51.50666809082031,53.150001525878906,49.473052978515625,3124200
2018-11-21,53.74333190917969,54.15666580200195,53.349998474121094,53.369998931884766,49.677833557128906,2259900
2018-11-23,52.96333312988281,53.81666564941406,52.93000030517578,53.400001525878906,49.705772399902344,1488000
2018-11-26,54.11333465576172,54.369998931884766,53.586666107177734,54.366668701171875,50.60555648803711,1907400
2018-11-27,54.073333740234375,54.90666580200195,53.8033332824707,54.4466667175293,50.68001937866211,2013000
2018-11-28,55.06666564941406,55.74333190917969,53.97999954223633,55.720001220703125,51.865264892578125,1681200
2018-11-29,55.58333206176758,55.8466682434082,55.17333221435547,55.313331604003906,51.486732482910156,2874300
2018-11-30,55.276668548583984,56.09000015258789,54.75666809082031,56.08333206176758,52.203468322753906,1842600
2018-12-03,57.77333450317383,57.983333587646484,56.99333190917969,57.55666732788086,53.57487106323242,2338500
2018-12-04,57.099998474121094,57.233333587646484,54.72999954223633,54.8033332824707,51.01201248168945,2076900
2018-12-06,53.27000045776367,54.52333450317383,52.996665954589844,54.52333450317383,50.75138473510742,5354400
2018-12-07,54.439998626708984,54.52333450317383,52.19333267211914,52.4900016784668,48.858726501464844,1956000
2018-12-10,52.30666732788086,53.40666580200195,52.17333221435547,53.163333892822266,49.4854736328125,1613100
2018-12-11,54.11333465576172,54.75666809082031,53.20000076293945,53.503334045410156,49.80195236206055,2491500
2018-12-12,54.37666702270508,55.0966682434082,53.936668395996094,54.26333236694336,50.50938415527344,1403700
2018-12-13,54.67333221435547,54.936668395996094,53.91666793823242,54.150001525878906,50.40388107299805,1341000
2018-12-14,53.52333450317383,54.436668395996094,53.336666107177734,53.383331298828125,49.69024658203125,1363500
2018-12-17,53.19333267211914,53.973331451416016,52.246665954589844,52.58000183105469,49.046321868896484,1176300
2018-12-18,53.02333450317383,54.099998474121094,53.01333236694336,53.27333450317383,49.69303894042969,2520300
2018-12-19,52.97666549682617,53.58000183105469,50.78666687011719,51.00666809082031,47.5787239074707,3022800
2018-12-20,50.983333587646484,51.810001373291016,49.97666549682617,50.6533317565918,47.24912643432617,3256500
2018-12-21,50.97666549682617,51.55666732788086,49.65666580200195,49.793331146240234,46.446929931640625,2780100
2018-12-24,49.36000061035156,49.913333892822266,48.33333206176758,48.33333206176758,45.08504104614258,2641800
2018-12-26,49.133331298828125,51.233333587646484,48.26333236694336,51.233333587646484,47.7901496887207,4233900
2018-12-27,50.4466667175293,51.57666778564453,49.84000015258789,51.56999969482422,48.10419464111328,2700600
2018-12-28,51.82666778564453,52.880001068115234,51.526668548583984,51.939998626708984,48.44932174682617,1011000
2018-12-31,52.47999954223633,52.709999084472656,51.7599983215332,52.3033332824707,48.78823471069336,2207700
2019-01-02,51.233333587646484,53.11000061035156,51.18000030517578,52.63999938964844,49.10227966308594,2292000
2019-01-03,51.439998626708984,51.76333236694336,49.54666519165039,49.56999969482422,46.23859786987305,3070200
2019-01-04,50.496665954589844,51.98666763305664,50.31666564941406,51.80666732788086,48.3249626159668,2537400
2019-01-07,51.959999084472656,53.27000045776367,51.74333190917969,52.76333236694336,49.217323303222656,1679700
2019-01-08,53.33333206176758,53.33333206176758,51.86000061035156,52.53333282470703,49.00278854370117,1529700
2019-01-09,53.0099983215332,54.11000061035156,53.0099983215332,53.883331298828125,50.26204299926758,2304600
2019-01-10,53.349998474121094,54.45000076293945,53.313331604003906,54.36000061035156,50.70668029785156,1256700
2019-01-11,54.12333297729492,55.393333435058594,53.9466667175293,54.94333267211914,51.250816345214844,1290300
2019-01-14,54.323333740234375,54.41666793823242,53.77333450317383,54.04999923706055,50.417510986328125,853500
2019-01-15,54.19333267211914,54.790000915527344,53.983333587646484,54.206668853759766,50.56366729736328,882000
2019-01-16,54.3033332824707,54.62666702270508,53.709999084472656,53.709999084472656,50.10036849975586,856800
2019-01-17,53.336666107177734,54.62666702270508,53.040000915527344,54.206668853759766,50.56366729736328,3133500
2019-01-18,54.776668548583984,55.95000076293945,54.606666564941406,55.616668701171875,51.87889862060547,1574400
2019-01-22,55.08000183105469,55.08000183105469,53.616668701171875,54.016666412353516,50.38643264770508,2130600
2019-01-23,54.31666564941406,54.53666687011719,53.163333892822266,53.63666534423828,50.03196334838867,2110500
2019-01-24,54.856666564941406,56.95000076293945,54.836666107177734,56.753334045410156,52.939178466796875,5947200
2019-01-25,56.97999954223633,58.16999816894531,56.58000183105469,57.93000030517578,54.03676986694336,3126600
2019-01-28,55.823333740234375,57.24333190917969,55.643333435058594,56.78666687011719,52.970272064208984,2450400
2019-01-29,56.790000915527344,56.973331451416016,55.869998931884766,55.96666717529297,52.20537185668945,4396500
2019-01-30,56.96666717529297,57.793331146240234,56.31999969482422,57.59000015258789,53.71961975097656,3142800
2019-01-31,57.473331451416016,58.08000183105469,57.03333282470703,57.563331604003906,53.694725036621094,1481700
2019-02-01,57.630001068115234,58.53333282470703,57.60333251953125,58.253334045410156,54.338375091552734,1515000
2019-02-04,58.220001220703125,58.5533332824707,57.79999923706055,58.54666519165039,54.611976623535156,627600
2019-02-05,58.496665954589844,59.0966682434082,58.393333435058594,58.813331604003906,54.86072540283203,1295400
2019-02-06,59.540000915527344,60.87666702270508,59.540000915527344,60.39666748046875,56.33763885498047,2575800
2019-02-07,59.65666580200195,59.93000030517578,58.56666564941406,59.086666107177734,55.11568832397461,3459900
2019-02-08,58.27333450317383,59.106666564941406,57.95333480834961,58.983333587646484,55.01930618286133,1882800
2019-02-11,59.119998931884766,59.426666259765625,58.8033332824707,59.27333450317383,55.28981399536133,741600
2019-02-12,60.003334045410156,60.676666259765625,59.91666793823242,60.526668548583984,56.458919525146484,2019900
2019-02-13,60.82666778564453,61.189998626708984,60.540000915527344,60.720001220703125,56.639251708984375,906600
2019-02-14,60.51333236694336,61.33333206176758,60.4466667175293,60.883331298828125,56.79161071777344,1004700
2019-02-15,61.366668701171875,61.53333282470703,60.866668701171875,61.1966667175293,57.08388900756836,742500
2019-02-19,60.91666793823242,61.50666809082031,60.84333419799805,61.11333465576172,57.00615310668945,1182900
2019-02-20,61.2599983215332,62.02000045776367,61.2599983215332,61.633331298828125,57.491207122802734,1036800
2019-02-21,61.63999938964844,61.776668548583984,61.0,61.176666259765625,57.06522750854492,1152900
2019-02-22,61.65666580200195,61.92333221435547,61.41666793823242,61.83333206176758,57.677764892578125,880800
2019-02-25,62.76333236694336,63.07666778564453,62.29999923706055,62.34333419799805,58.15349197387695,2355600
2019-02-26,62.17333221435547,62.41999816894531,61.7599983215332,61.95333480834961,57.789703369140625,865200
2019-02-27,61.70333480834961,61.70333480834961,60.543331146240234,61.209999084472656,57.09632110595703,2977800
2019-02-28,60.95000076293945,61.42333221435547,60.75,61.246665954589844,57.130531311035156,1236000
2019-03-01,61.83000183105469,62.09000015258789,61.150001525878906,61.790000915527344,57.63734436035156,1433400
2019-03-04,62.21666717529297,62.43333435058594,61.029998779296875,61.79666519165039,57.6435546875,1755600
2019-03-05,61.630001068115234,61.90999984741211,61.276668548583984,61.560001373291016,57.42280197143555,1330500
2019-03-06,61.38999938964844,61.53666687011719,60.5,60.543331146240234,56.474456787109375,1412400
2019-03-07,60.3033332824707,60.3033332824707,59.483333587646484,59.88999938964844,55.86503982543945,2994000
2019-03-08,58.85333251953125,59.88666534423828,58.63666534423828,59.836666107177734,55.815277099609375,1491000
2019-03-11,60.13666534423828,61.52333450317383,60.06666564941406,61.22999954223633,57.1149787902832,1993800
2019-03-12,61.45333480834961,61.81999969482422,60.926666259765625,61.459999084472656,57.32952117919922,1968300
2019-03-13,61.883331298828125,62.22999954223633,61.65666580200195,61.706668853759766,57.55961608886719,1230000
2019-03-14,61.7400016784668,62.029998779296875,61.366668701171875,61.369998931884766,57.24555969238281,1775700
2019-03-15,62.11000061035156,63.643333435058594,62.09333419799805,63.150001525878906,58.905941009521484,3952800
2019-03-18,63.293331146240234,63.61333465576172,62.64666748046875,63.0533332824707,58.81576919555664,2697000
2019-03-19,63.483333587646484,64.0633316040039,63.47666549682617,63.869998931884766,59.57754898071289,1991400
2019-03-20,63.733333587646484,64.0633316040039,62.71333312988281,63.099998474121094,59.01948547363281,2508600
2019-03-21,63.15999984741211,65.71333312988281,63.15999984741211,65.27999877929688,61.05848693847656,2802300
2019-03-22,65.00666809082031,65.0999984741211,63.38666534423828,63.439998626708984,59.337486267089844,4417200
2019-03-25,62.9900016784668,63.57666778564453,62.12333297729492,62.64666748046875,58.595462799072266,2944800
2019-03-26,63.526668548583984,63.813331604003906,62.77333450317383,63.246665954589844,59.156654357910156,3840900
2019-03-27,63.31999969482422,63.529998779296875,61.880001068115234,62.36000061035156,58.32731628417969,3970800
2019-03-28,62.46333312988281,63.02333450317383,61.81666564941406,62.25666809082031,58.230682373046875,1386600
2019-03-29,62.996665954589844,63.33000183105469,62.81999969482422,63.18000030517578,59.09429931640625,1725900
2019-04-01,64.11000061035156,64.83333587646484,63.883331298828125,64.75666809082031,60.56900405883789,1964400
2019-04-02,64.79000091552734,65.00666809082031,64.46666717529297,64.85333251953125,60.65943145751953,1459500
2019-04-03,65.63666534423828,66.88333129882812,65.62000274658203,66.28666687011719,62.000064849853516,3218100
2019-04-04,66.20333099365234,66.84333038330078,66.06999969482422,66.43000030517578,62.134124755859375,1617300
2019-04-05,66.82666778564453,66.94000244140625,66.43000030517578,66.91000366210938,62.583091735839844,1223700
2019-04-08,66.62000274658203,67.13999938964844,66.47666931152344,67.06666564941406,62.729637145996094,1380300
2019-04-09,66.68333435058594,66.68333435058594,66.02333068847656,66.37000274658203,62.07802200317383,1483500
2019-04-10,66.2933349609375,67.09666442871094,66.23666381835938,66.88333129882812,62.55814743041992,1267500
2019-04-11,67.0566635131836,67.3133316040039,66.65666961669922,66.82666778564453,62.505149841308594,935400
2019-04-12,67.44667053222656,67.80000305175781,67.23999786376953,67.75333404541016,63.37188720703125,1030500
2019-04-15,67.86333465576172,67.86333465576172,66.8933334350586,67.25,62.901123046875,1770000
2019-04-16,67.67666625976562,69.46333312988281,67.67666625976562,69.40333557128906,64.91519165039062,3216900
2019-04-17,70.82666778564453,71.40666961669922,70.0,70.55332946777344,65.9908218383789,3275700
2019-04-18,70.66666412353516,70.76333618164062,70.22666931152344,70.5633316040039,66.00018310546875,1083900
2019-04-22,70.34333038330078,70.71333312988281,69.91666412353516,70.51000213623047,65.95027923583984,912300
2019-04-23,70.90333557128906,71.5,70.73666381835938,71.23666381835938,66.62992858886719,2014800
2019-04-24,71.28333282470703,72.66666412353516,71.25333404541016,71.89666748046875,67.24729919433594,2025900
2019-04-25,71.65666961669922,71.76000213623047,70.0433349609375,70.63333129882812,66.06562805175781,2073300
2019-04-26,69.29000091552734,70.08333587646484,68.6066665649414,70.05000305175781,65.52005767822266,3381000
2019-04-29,70.08333587646484,70.22666931152344,69.63333129882812,69.96666717529297,65.44209289550781,2680200
2019-04-30,69.8066635131836,70.63999938964844,69.8066635131836,70.5199966430664,65.95963287353516,3088800
2019-05-01,71.10333251953125,71.52666473388672,69.87999725341797,69.9566650390625,65.43270874023438,4019100
2019-05-02,69.91666412353516,71.40666961669922,69.75333404541016,70.62999725341797,66.0625228881836,3420000
2019-05-03,71.0566635131836,71.19999694824219,70.33000183105469,71.18333435058594,66.58007049560547,2269800
2019-05-06,68.70333099365234,70.04666900634766,68.55332946777344,70.02333068847656,65.49507141113281,2262900
2019-05-07,69.09666442871094,69.25666809082031,67.52333068847656,68.30000305175781,63.883201599121094,3237000
2019-05-08,67.73666381835938,68.77999877929688,67.586669921875,67.71666717529297,63.33761215209961,3103200
2019-05-09,66.66666412353516,67.2699966430664,65.44999694824219,66.97000122070312,62.63921356201172,2978700
2019-05-10,66.3566665649414,67.43333435058594,65.44999694824219,67.06666564941406,62.729637145996094,3901200
2019-05-13,64.83333587646484,65.2300033569336,63.630001068115234,63.93000030517578,59.795806884765625,4856400
2019-05-14,64.7300033569336,65.74666595458984,64.41999816894531,65.40333557128906,61.17385482788086,2954100
2019-05-15,64.72666931152344,66.3566665649414,64.663330078125,65.90666961669922,61.644649505615234,5173800
2019-05-16,64.98666381835938,65.5633316040039,64.4566650390625,64.86666870117188,60.671897888183594,6997800
2019-05-17,63.82666778564453,65.11333465576172,63.32666778564453,63.60333251953125,59.490257263183594,5014200
2019-05-20,61.53333282470703,62.03666687011719,60.633331298828125,61.06666564941406,57.117637634277344,4640700
2019-05-21,62.293331146240234,62.64666748046875,61.79999923706055,62.31666564941406,58.28678512573242,5167500
2019-05-22,61.12333297729492,61.630001068115234,60.813331604003906,61.0,57.055267333984375,3254100
2019-05-23,59.93000030517578,60.08333206176758,59.06666564941406,60.04999923706055,56.166709899902344,3725400
2019-05-24,60.34333419799805,60.793331146240234,59.473331451416016,59.526668548583984,55.67722702026367,2273100
2019-05-28,59.866668701171875,60.073333740234375,58.883331298828125,59.016666412353516,55.20020294189453,2389200
2019-05-29,58.526668548583984,59.51333236694336,58.356666564941406,59.22999954223633,55.39973068237305,4244400
2019-05-30,59.380001068115234,60.209999084472656,59.246665954589844,59.72999954223633,55.86741256713867,2000100
2019-05-31,58.983333587646484,59.80666732788086,58.79999923706055,58.84000015258789,55.03496551513672,3330600
2019-06-03,59.50666809082031,60.13999938964844,58.676666259765625,58.97999954223633,55.165897369384766,2988000
2019-06-04,60.099998474121094,61.560001373291016,59.586666107177734,61.560001373291016,57.579071044921875,3156600
2019-06-05,62.08000183105469,62.23666763305664,60.31999969482422,61.116668701171875,57.16440200805664,3273600
2019-06-06,61.206668853759766,62.176666259765625,60.98666763305664,61.96333312988281,57.9563102722168,957000
2019-06-07,62.22999954223633,62.793331146240234,62.02000045776367,62.663333892822266,58.611045837402344,1468500
2019-06-10,63.436668395996094,64.97333526611328,63.436668395996094,64.19000244140625,60.03899383544922,3907800
2019-06-11,65.37999725341797,65.51000213623047,63.956668853759766,64.44667053222656,60.279056549072266,3400500
2019-06-12,63.7599983215332,63.84333419799805,62.86333465576172,62.95000076293945,58.87917709350586,1450500
2019-06-13,63.4033317565918,63.53333282470703,62.823333740234375,63.253334045410156,59.16289138793945,1143000
2019-06-14,61.4033317565918,61.93000030517578,61.2400016784668,61.65999984741211,57.67259216308594,2081700
2019-06-17,61.39666748046875,61.619998931884766,60.93333435058594,60.95333480834961,57.24590301513672,1074600
2019-06-18,61.60333251953125,64.03333282470703,61.60333251953125,63.59000015258789,59.72218704223633,2850000
2019-06-19,64.02666473388672,64.12666320800781,63.3466682434082,63.71666717529297,59.84115219116211,1431300
2019-06-20,64.9366683959961,65.23332977294922,63.956668853759766,64.25333404541016,60.345176696777344,3371400
2019-06-21,64.02999877929688,64.51667022705078,63.766666412353516,63.88666534423828,60.00080108642578,1333200
2019-06-24,63.96666717529297,64.25666809082031,63.79666519165039,63.95333480834961,60.06342697143555,2115900
2019-06-25,64.1066665649414,64.33999633789062,63.00666809082031,63.06999969482422,59.23381805419922,1416600
2019-06-26,64.4800033569336,65.45333099365234,64.36666870117188,65.1066665649414,61.146629333496094,1755300
2019-06-27,65.43333435058594,66.38333129882812,65.43333435058594,66.05332946777344,62.035675048828125,1559700
2019-06-28,66.586669921875,66.71666717529297,65.98999786376953,66.13666534423828,62.113956451416016,2529900
2019-07-01,69.01667022705078,69.58999633789062,67.34666442871094,67.80332946777344,63.67924499511719,4752000
2019-07-02,67.60333251953125,67.66999816894531,66.6500015258789,66.9566650390625,62.88408660888672,1378800
2019-07-03,66.95333099365234,66.99666595458984,66.14666748046875,66.6500015258789,62.596073150634766,738000
2019-07-05,65.77999877929688,66.31999969482422,65.51667022705078,66.2699966430664,62.23918151855469,934200
2019-07-08,65.66666412353516,65.94667053222656,65.34333038330078,65.75666809082031,61.757080078125,581400
2019-07-09,65.37999725341797,66.27333068847656,65.21333312988281,66.16666412353516,62.142127990722656,1347300
2019-07-10,66.8933334350586,67.63333129882812,66.59333038330078,66.69999694824219,62.64302444458008,1424100
2019-07-11,67.0,67.13666534423828,66.48666381835938,66.88666534423828,62.818328857421875,2578800
2019-07-12,67.0566635131836,68.17333221435547,67.0566635131836,68.10333251953125,63.96101379394531,1315500
2019-07-15,68.41666412353516,68.9566650390625,68.3066635131836,68.69999694824219,64.52136993408203,684300
2019-07-16,68.38333129882812,68.5199966430664,67.6066665649414,67.97000122070312,63.83577346801758,1124400
2019-07-17,68.36333465576172,68.4800033569336,67.93000030517578,68.17333221435547,64.02672576904297,786900
2019-07-18,68.1500015258789,69.31999969482422,68.1500015258789,69.16000366210938,64.95341491699219,1041600
2019-07-19,69.41999816894531,69.71666717529297,69.01000213623047,69.08000183105469,64.87825775146484,1311900
2019-07-22,69.38333129882812,70.5,69.38333129882812,70.4000015258789,66.11800384521484,2729700
2019-07-23,70.8066635131836,71.30332946777344,70.5,71.30332946777344,66.96634674072266,1297500
2019-07-24,71.79666900634766,73.6066665649414,71.79666900634766,73.47666931152344,69.00753021240234,2436300
2019-07-25,72.95333099365234,72.98666381835938,72.02999877929688,72.24333190917969,67.84918975830078,1846500
2019-07-26,72.76333618164062,72.76333618164062,72.16666412353516,72.22333526611328,67.83041381835938,626400
2019-07-29,72.0999984741211,72.48999786376953,71.48999786376953,72.41999816894531,68.01512145996094,2041800
2019-07-30,71.7066650390625,72.40666961669922,71.43333435058594,72.25666809082031,67.86173248291016,789600
2019-07-31,71.70999908447266,71.81999969482422,69.163330078125,69.86000061035156,65.61082458496094,1374600
2019-08-01,69.5633316040039,71.55999755859375,67.88999938964844,68.4800033569336,64.31476593017578,2578800
2019-08-02,67.78666687011719,68.37666320800781,66.87000274658203,67.47000122070312,63.366207122802734,2328900
2019-08-05,65.49333190917969,65.55000305175781,63.970001220703125,64.5566635131836,60.63005065917969,2511300
2019-08-06,65.62999725341797,66.21333312988281,64.65333557128906,65.37999725341797,61.4033203125,1479000
2019-08-07,64.33999633789062,66.0,64.33999633789062,65.7933349609375,61.79151153564453,2180400
2019-08-08,66.40666961669922,67.63999938964844,65.97000122070312,67.61666870117188,63.50392532348633,2165400
2019-08-09,66.9000015258789,67.17666625976562,65.9800033569336,66.4366683959961,62.395713806152344,1893600
2019-08-12,65.74666595458984,66.33000183105469,65.27666473388672,65.56666564941406,61.578643798828125,1178100
2019-08-13,65.56666564941406,68.08000183105469,65.12999725341797,67.50333404541016,63.39750671386719,2205000
2019-08-14,65.9433364868164,66.4566650390625,65.08999633789062,65.42666625976562,61.4471549987793,2766300
2019-08-15,65.78666687011719,65.96666717529297,64.73999786376953,65.3066635131836,61.334449768066406,965700
2019-08-16,65.99333190917969,67.23332977294922,65.99333190917969,67.04666900634766,62.968605041503906,1509900
2019-08-19,68.65333557128906,68.9000015258789,67.97666931152344,68.27999877929688,64.12692260742188,4550400
2019-08-20,68.25666809082031,68.4433364868164,67.663330078125,68.02666473388672,63.88901901245117,732600
2019-08-21,68.586669921875,68.93000030517578,68.2933349609375,68.58333587646484,64.41181945800781,700200
2019-08-22,68.7300033569336,68.97000122070312,67.87000274658203,68.58333587646484,64.41181945800781,5985600
2019-08-23,67.74333190917969,68.21666717529297,65.41666412353516,65.60333251953125,61.613067626953125,1682700
2019-08-26,66.59666442871094,66.70333099365234,65.90333557128906,66.16000366210938,62.1358757019043,997800
2019-08-27,66.63999938964844,66.97000122070312,65.59666442871094,65.913330078125,61.904205322265625,1290600
2019-08-28,65.66999816894531,66.4800033569336,65.20333099365234,66.33000183105469,62.2955207824707,726000
2019-08-29,67.50333404541016,68.32666778564453,67.35333251953125,67.92333221435547,63.79194641113281,3748500
2019-08-30,68.58333587646484,68.86333465576172,67.9433364868164,68.24333190917969,64.09248352050781,1014600
2019-09-03,67.48999786376953,67.76667022705078,66.73332977294922,67.12000274658203,63.03749084472656,2833500
2019-09-04,68.14666748046875,68.97333526611328,68.14666748046875,68.92333221435547,64.73113250732422,1387800
2019-09-05,70.40666961669922,71.87666320800781,70.21333312988281,71.0433349609375,66.7221908569336,2037600
2019-09-06,71.23332977294922,71.43333435058594,70.76000213623047,71.23332977294922,66.90062713623047,1273500
2019-09-09,71.52333068847656,72.08999633789062,71.22333526611328,71.49333190917969,67.14480590820312,962400
2019-09-10,71.27333068847656,71.8133316040039,70.70999908447266,71.8133316040039,67.4453353881836,1291800
2019-09-11,72.22666931152344,72.93000030517578,71.7699966430664,72.88999938964844,68.45652770996094,1415400
2019-09-12,73.62000274658203,73.7699966430664,72.63333129882812,73.05332946777344,68.60993194580078,1719900
2019-09-13,73.14666748046875,73.26333618164062,72.56999969482422,72.90666961669922,68.4721908569336,1309500
2019-09-16,72.3566665649414,72.73666381835938,71.75333404541016,72.4366683959961,68.03076934814453,840900
2019-09-17,72.3066635131836,72.69000244140625,71.8566665649414,72.59666442871094,68.18104553222656,667800
2019-09-18,72.68000030517578,72.7300033569336,71.66000366210938,72.7300033569336,68.3062515258789,654900
2019-09-19,72.82333374023438,73.05000305175781,72.23666381835938,72.25333404541016,67.85856628417969,1057500
2019-09-20,72.45333099365234,72.45333099365234,70.66666412353516,70.92333221435547,66.60948944091797,1944900
2019-09-23,70.913330078125,72.10333251953125,70.86000061035156,71.76000213623047,67.39524841308594,2110800
2019-09-24,71.72666931152344,71.97000122070312,69.88333129882812,70.26000213623047,66.28205871582031,1169400
2019-09-25,69.89666748046875,71.66666412353516,69.29000091552734,71.4366683959961,67.39212036132812,1033500
2019-09-26,71.43333435058594,71.73666381835938,70.81666564941406,71.52666473388672,67.47699737548828,1050600
2019-09-27,71.14666748046875,71.2933349609375,69.2933349609375,69.85333251953125,65.89842987060547,2070000
2019-09-30,70.163330078125,70.59666442871094,69.85333251953125,70.47000122070312,66.48017120361328,1079700
2019-10-01,70.9566650390625,71.86333465576172,69.62333679199219,69.80999755859375,65.85755920410156,1820400
2019-10-02,69.42666625976562,69.45333099365234,68.336669921875,68.79000091552734,64.89527893066406,1328700
2019-10-03,68.86000061035156,70.01667022705078,67.97666931152344,70.0,66.03678894042969,1603500
2019-10-04,70.3566665649414,71.2699966430664,70.2066650390625,71.163330078125,67.13423919677734,1213200
2019-10-07,71.11666870117188,71.4433364868164,70.70999908447266,70.74666595458984,66.74117279052734,1224600
2019-10-08,69.836669921875,70.02666473388672,68.47666931152344,68.5566635131836,64.6751708984375,2052000
2019-10-09,69.4366683959961,70.1500015258789,69.30000305175781,69.67666625976562,65.73175811767578,1358400
2019-10-10,69.75,71.12000274658203,69.75,70.3566665649414,66.37325286865234,1116300
2019-10-11,71.66666412353516,72.84666442871094,71.6433334350586,72.01667022705078,67.93927001953125,1947300
2019-10-14,71.96666717529297,72.12333679199219,71.6066665649414,72.00666809082031,67.92984008789062,1111200
2019-10-15,72.45333099365234,73.73666381835938,72.33000183105469,73.58999633789062,69.42351531982422,1204800
2019-10-16,73.17333221435547,73.51333618164062,72.336669921875,72.54666900634766,68.43927001953125,1761600
2019-10-17,73.37666320800781,73.56666564941406,72.26667022705078,72.66999816894531,68.5556411743164,1289700
2019-10-18,72.54000091552734,72.7699966430664,71.26000213623047,71.9000015258789,67.8292007446289,807600
2019-10-21,72.5999984741211,73.32333374023438,72.41999816894531,73.31666564941406,69.16569519042969,1299900
2019-10-22,73.53333282470703,73.57333374023438,72.67666625976562,72.67666625976562,68.56192016601562,1130400
2019-10-23,71.33999633789062,71.96333312988281,70.83999633789062,71.27666473388672,67.24115753173828,1599300
2019-10-24,72.23666381835938,73.11000061035156,72.1500015258789,73.04000091552734,68.90467071533203,1912200
2019-10-25,73.28333282470703,74.63999938964844,73.24333190917969,74.56666564941406,70.34490203857422,1859700
2019-10-28,75.12333679199219,75.98332977294922,75.01333618164062,75.92333221435547,71.624755859375,1158600
2019-10-29,75.98999786376953,76.50333404541016,75.13666534423828,75.13666534423828,70.88261413574219,1158300
2019-10-30,75.70999908447266,75.72666931152344,74.66666412353516,75.163330078125,70.90779113769531,1061400
2019-10-31,75.03666687011719,75.03666687011719,73.80999755859375,74.78333282470703,70.54931640625,862800
2019-11-01,75.48999786376953,76.5,75.13999938964844,76.5,72.16879272460938,1989600
2019-11-04,77.47000122070312,78.28333282470703,77.44999694824219,78.20333099365234,73.77566528320312,1991100
2019-11-05,78.44000244140625,78.87999725341797,78.02333068847656,78.24666595458984,73.81654357910156,1091700
2019-11-06,78.09666442871094,78.12000274658203,76.93333435058594,77.72333526611328,73.32284545898438,1633800
2019-11-07,78.88333129882812,79.05000305175781,77.87000274658203,78.1933364868164,73.76624298095703,1491600
2019-11-08,77.8933334350586,78.63666534423828,77.43333435058594,78.586669921875,74.13729858398438,1048500
2019-11-11,77.92333221435547,78.38333129882812,77.62666320800781,78.26333618164062,73.83228302001953,836400
2019-11-12,78.45999908447266,79.02999877929688,78.11666870117188,78.42333221435547,73.98322296142578,1444200
2019-11-13,77.99333190917969,78.69667053222656,77.61333465576172,78.50666809082031,74.06182098388672,929700
2019-11-14,78.08999633789062,78.31666564941406,77.6500015258789,78.24666595458984,73.81654357910156,973800
2019-11-15,79.28333282470703,79.62999725341797,78.59666442871094,78.96333312988281,74.49263000488281,977400
2019-11-18,78.9566650390625,79.26667022705078,78.39666748046875,78.78333282470703,74.32283020019531,777000
2019-11-19,79.1500015258789,79.26667022705078,77.9566650390625,78.38999938964844,73.95176696777344,731700
2019-11-20,78.02333068847656,78.413330078125,76.87333679199219,77.46666717529297,73.08072662353516,1412700
2019-11-21,76.92666625976562,77.31999969482422,76.30332946777344,76.63999938964844,72.30084991455078,2084400
2019-11-22,76.86000061035156,77.28333282470703,76.37999725341797,76.55999755859375,72.22534942626953,1028400
2019-11-25,77.29000091552734,78.47333526611328,77.29000091552734,78.39666748046875,73.95804595947266,1229100
2019-11-26,78.26667022705078,78.38666534423828,77.74666595458984,78.10333251953125,73.68133544921875,2139600
2019-11-27,78.41999816894531,78.67666625976562,78.31666564941406,78.66666412353516,74.2127685546875,775200
2019-11-29,78.40333557128906,78.40333557128906,77.72333526611328,77.82333374023438,73.41718292236328,615000
2019-12-02,77.90333557128906,77.98332977294922,76.46333312988281,76.62666320800781,72.28826141357422,1428900
2019-12-03,74.9800033569336,75.51667022705078,74.61666870117188,75.44000244140625,71.16878509521484,1932300
2019-12-04,76.4800033569336,76.96666717529297,76.41000366210938,76.63333129882812,72.29457092285156,1081500
2019-12-05,77.163330078125,77.33333587646484,76.68000030517578,77.01667022705078,72.65619659423828,1404600
2019-12-06,77.97000122070312,78.3566665649414,77.83000183105469,78.12999725341797,73.70648193359375,1002300
2019-12-09,78.3133316040039,78.38333129882812,77.76333618164062,77.77333068847656,73.3699951171875,492900
2019-12-10,78.18333435058594,78.61333465576172,77.80999755859375,78.10333251953125,73.68133544921875,522600
2019-12-11,78.3066635131836,79.82333374023438,78.25333404541016,79.70333099365234,75.19072723388672,1458900
2019-12-12,79.58333587646484,82.00333404541016,79.58333587646484,81.86333465576172,77.22845458984375,2190300
2019-12-13,81.90666961669922,82.75,81.13333129882812,81.50333404541016,76.88882446289062,1735800
2019-12-16,82.11000061035156,82.70333099365234,81.93000030517578,81.99333190917969,77.6247329711914,2099100
2019-12-17,82.4433364868164,82.52333068847656,81.93333435058594,82.36333465576172,77.97503662109375,974100
2019-12-18,82.52666473388672,82.52666473388672,82.0199966430664,82.31999969482422,77.93401336669922,963900
2019-12-19,82.6500015258789,82.98332977294922,82.25333404541016,82.98332977294922,78.56199645996094,1063500
2019-12-20,83.55999755859375,83.97000122070312,83.16999816894531,83.77333068847656,79.30990600585938,1035600
2019-12-23,84.43000030517578,84.47333526611328,83.93333435058594,84.04000091552734,79.56237030029297,1356300
2019-12-24,84.22666931152344,84.24666595458984,83.75,84.17666625976562,79.69174194335938,504300
2019-12-26,84.53333282470703,84.53333282470703,83.95999908447266,84.27333068847656,79.78327178955078,654000
2019-12-27,84.62000274658203,84.62000274658203,83.82333374023438,84.1066665649414,79.62547302246094,1104000
2019-12-30,84.086669921875,84.086669921875,82.9000015258789,83.47333526611328,79.02588653564453,1118700
2019-12-31,83.04000091552734,83.74333190917969,83.0,83.69999694824219,79.24049377441406,604500
2020-01-02,84.75333404541016,85.43000030517578,84.33333587646484,85.43000030517578,80.8783187866211,1275300
2020-01-03,84.11333465576172,84.56999969482422,83.65333557128906,83.836669921875,79.36986541748047,1235100
2020-01-06,82.78333282470703,83.2300033569336,82.41999816894531,82.96333312988281,78.54305267333984,1615200
2020-01-07,83.99666595458984,84.82333374023438,83.5,84.48999786376953,79.98839569091797,1146600
2020-01-08,84.65666961669922,84.98332977294922,84.05332946777344,84.413330078125,79.91580200195312,1297800
2020-01-09,85.586669921875,85.586669921875,84.14666748046875,84.94667053222656,80.42074584960938,639600
2020-01-10,85.48666381835938,85.48666381835938,84.2066650390625,84.45333099365234,79.95367431640625,1952100
2020-01-13,85.0433349609375,85.55999755859375,84.78333282470703,85.44000244140625,80.88777923583984,950100
2020-01-14,85.66666412353516,86.34666442871094,85.18000030517578,85.62666320800781,81.06449127197266,896400
2020-01-15,85.74666595458984,85.78666687011719,84.37000274658203,84.72000122070312,80.20613098144531,1516500
2020-01-16,85.37333679199219,86.09333038330078,85.3133316040039,86.05999755859375,81.47474670410156,1708500
2020-01-17,86.58333587646484,86.7066650390625,86.02666473388672,86.7066650390625,82.08692932128906,1016700
2020-01-21,86.36666870117188,86.9566650390625,86.2933349609375,86.65666961669922,82.03962707519531,1653300
2020-01-22,87.2933349609375,88.20999908447266,87.04000091552734,87.23999786376953,82.59187316894531,1251300
2020-01-23,87.57333374023438,87.9800033569336,86.77666473388672,87.9000015258789,83.21671295166016,1077300
2020-01-24,89.18333435058594,89.30999755859375,86.36000061035156,86.96666717529297,82.33311462402344,1626300
2020-01-27,84.5,84.66999816894531,83.47666931152344,83.64666748046875,79.19000244140625,3212100
2020-01-28,84.59333038330078,85.88666534423828,84.12333679199219,85.586669921875,81.02665710449219,2410500
2020-01-29,85.28333282470703,85.49666595458984,83.96333312988281,84.01333618164062,79.5371322631836,1242300
2020-01-30,83.55000305175781,84.26333618164062,82.36666870117188,84.01667022705078,79.54026794433594,1741800
2020-01-31,83.24666595458984,83.3133316040039,80.63333129882812,81.0199966430664,76.70327758789062,2155500
2020-02-03,81.26667022705078,82.12666320800781,81.21333312988281,81.92666625976562,77.56165313720703,1719300
2020-02-04,84.11000061035156,84.61333465576172,83.69000244140625,84.48666381835938,79.9852294921875,2465100
2020-02-05,86.09666442871094,86.58000183105469,85.15666961669922,86.43333435058594,81.82817840576172,2009100
2020-02-06,86.40333557128906,86.52666473388672,85.44000244140625,86.48332977294922,81.87550354003906,1068600
2020-02-07,85.46666717529297,85.61666870117188,84.33999633789062,84.4433364868164,79.9442138671875,1550700
2020-02-10,83.65666961669922,85.67333221435547,83.65666961669922,85.62666320800781,81.06449127197266,1212900
2020-02-11,86.4566650390625,87.86333465576172,86.4566650390625,87.3566665649414,82.70232391357422,1132500
2020-02-12,88.33333587646484,88.83333587646484,88.25333404541016,88.70333099365234,83.97724151611328,1554900
2020-02-13,87.97000122070312,89.37333679199219,87.86333465576172,88.79666900634766,84.06560516357422,1681800
2020-02-14,89.49333190917969,89.78666687011719,88.0566635131836,88.5,83.78473663330078,1366800
2020-02-18,87.15666961669922,87.50333404541016,86.69667053222656,87.36333465576172,82.70862579345703,2409900
2020-02-19,88.47333526611328,89.73332977294922,88.47333526611328,89.56666564941406,84.79458618164062,1575300
2020-02-20,89.28666687011719,89.52333068847656,86.96666717529297,88.26667022705078,83.56382751464844,2301300
2020-02-21,87.65333557128906,87.7300033569336,85.30332946777344,85.6433334350586,81.08029174804688,2479200
2020-02-24,81.62333679199219,82.78666687011719,81.0,81.54000091552734,77.19558715820312,3786600
2020-02-25,82.63333129882812,82.75666809082031,78.63666534423828,79.11000061035156,74.8950424194336,5127600
2020-02-26,79.76000213623047,80.9566650390625,78.73332977294922,79.21666717529297,74.99603271484375,4525200
2020-02-27,76.86000061035156,78.4366683959961,75.42333221435547,75.55999755859375,71.53418731689453,4172100
2020-02-28,72.92666625976562,77.7699966430664,72.7066650390625,77.26333618164062,73.14676666259766,4788900
2020-03-02,78.63333129882812,80.0,76.10333251953125,80.0,75.73762512207031,4137600
2020-03-03,80.3566665649414,81.40333557128906,76.66666412353516,77.18333435058594,73.0710220336914,2729700
2020-03-04,78.88666534423828,81.12666320800781,77.7300033569336,81.12666320800781,76.80426788330078,3355800
2020-03-05,79.11666870117188,80.72000122070312,78.02666473388672,78.68333435058594,74.4911117553711,3548700
2020-03-06,76.2933349609375,77.69000244140625,75.11000061035156,76.96333312988281,72.86276245117188,4851600
2020-03-09,70.82333374023438,74.26000213623047,70.0,70.38999938964844,66.6396484375,6082500
2020-03-10,73.33333587646484,75.07666778564453,70.69999694824219,75.01000213623047,71.01348114013672,3859500
2020-03-11,72.63666534423828,73.6933364868164,70.02999877929688,70.8066635131836,67.03412628173828,2262900
2020-03-12,65.86333465576172,68.55999755859375,62.936668395996094,63.043331146240234,59.68439865112305,5859900
2020-03-13,66.80332946777344,70.05999755859375,63.0533332824707,69.8066635131836,66.08736419677734,4420200
2020-03-16,62.66666793823242,65.62333679199219,58.54999923706055,59.176666259765625,56.023746490478516,4817100
2020-03-17,60.753334045410156,65.0,58.106666564941406,64.38333129882812,60.953006744384766,4079100
2020-03-18,60.10333251953125,62.26333236694336,55.93000030517578,59.09333419799805,55.94486618041992,4131600
2020-03-19,58.0099983215332,62.496665954589844,56.793331146240234,60.61333465576172,57.383880615234375,2945100
2020-03-20,62.81666564941406,63.92333221435547,58.586666107177734,58.88666534423828,55.74920654296875,2942700
2020-03-23,59.53666687011719,61.970001220703125,58.10333251953125,60.9900016784668,57.7404899597168,2787600
2020-03-24,64.81666564941406,67.78333282470703,64.62000274658203,67.586669921875,63.98566818237305,5754600
2020-03-25,67.95333099365234,70.16999816894531,65.51667022705078,66.47666931152344,63.15159225463867,2496000
2020-03-26,68.22000122070312,71.23666381835938,67.60333251953125,70.94667053222656,67.39800262451172,3301800
2020-03-27,68.7066650390625,69.71333312988281,67.19667053222656,67.42666625976562,64.0540771484375,2500800
2020-03-30,68.13333129882812,69.9800033569336,67.63333129882812,69.77333068847656,66.28335571289062,3341400
2020-03-31,69.78333282470703,70.95999908447266,67.8066635131836,68.40333557128906,64.98187255859375,4342200
2020-04-01,66.15333557128906,67.73666381835938,63.973331451416016,64.66000366210938,61.42578125,2938800
2020-04-02,64.10333251953125,66.74333190917969,63.96666717529297,66.586669921875,63.256080627441406,3537900
2020-04-03,66.48332977294922,67.32666778564453,64.46666717529297,65.32666778564453,62.059112548828125,3110400
2020-04-06,68.163330078125,72.31666564941406,68.163330078125,71.98999786376953,68.38914489746094,5011800
2020-04-07,74.50666809082031,74.7933349609375,71.6500015258789,71.73332977294922,68.14532470703125,6696300
2020-04-08,72.94000244140625,74.40666961669922,71.91999816894531,74.13333129882812,70.42525482177734,3915900
2020-04-09,75.19000244140625,75.7699966430664,71.81999969482422,72.52999877929688,68.90213775634766,6792300
2020-04-13,72.25333404541016,73.56999969482422,71.66999816894531,73.3499984741211,69.68110656738281,3968100
2020-04-14,75.12666320800781,76.73332977294922,74.94667053222656,76.73332977294922,72.89521026611328,5871300
2020-04-15,75.12333679199219,75.12333679199219,73.75,74.44999694824219,70.72608947753906,3620400
2020-04-16,75.80000305175781,76.70333099365234,74.7933349609375,76.54000091552734,72.7115707397461,3338100
2020-04-17,77.88666534423828,78.0433349609375,76.18333435058594,77.13333129882812,73.27521514892578,2772600
2020-04-20,75.97333526611328,77.10333251953125,75.3566665649414,75.4566650390625,71.68241119384766,2713200
2020-04-21,74.27999877929688,74.663330078125,71.52666473388672,71.76000213623047,68.17064666748047,3653100
2020-04-22,74.0999984741211,76.46333312988281,73.72333526611328,76.10333251953125,72.2967300415039,3341100
2020-04-23,76.1066665649414,76.88999938964844,75.07666778564453,75.34333038330078,71.57473754882812,2933100
2020-04-24,75.2933349609375,77.08000183105469,74.663330078125,76.91000366210938,73.06306457519531,2887200
2020-04-27,77.90333557128906,78.71333312988281,77.57666778564453,77.9366683959961,74.03839111328125,3212400
2020-04-28,79.38999938964844,79.78666687011719,77.44667053222656,77.53333282470703,73.65520477294922,4094100
2020-04-29,78.91000366210938,81.5433349609375,78.76333618164062,81.21333312988281,77.151123046875,3975900
2020-04-30,80.87000274658203,80.97000122070312,78.21333312988281,78.34666442871094,74.42786407470703,5172300
2020-05-01,76.28666687011719,76.70333099365234,74.16666412353516,74.52666473388672,70.79891204833984,6033600
2020-05-04,73.81666564941406,75.23999786376953,73.52333068847656,75.14666748046875,71.38793182373047,3381300
2020-05-05,76.54666900634766,77.83333587646484,75.95333099365234,76.41000366210938,72.58808135986328,4506300
2020-05-06,77.24333190917969,78.53666687011719,77.12333679199219,77.34666442871094,73.47786712646484,4407900
2020-05-07,78.71333312988281,79.01000213623047,77.65333557128906,78.0433349609375,74.13972473144531,2825700
2020-05-08,78.86000061035156,80.43000030517578,78.63666534423828,80.34666442871094,76.32781982421875,3885600
2020-05-11,79.59333038330078,80.98999786376953,79.44667053222656,80.2699966430664,76.2549819946289,3498300
2020-05-12,80.8133316040039,81.08333587646484,78.07333374023438,78.13999938964844,74.23151397705078,3764100
2020-05-13,78.5199966430664,78.87999725341797,75.47333526611328,76.63333129882812,72.80023193359375,6889500
2020-05-14,75.9800033569336,78.76000213623047,74.70333099365234,78.68333435058594,74.74768829345703,6521700
2020-05-15,76.04666900634766,77.31999969482422,75.58000183105469,77.0566635131836,73.20238494873047,5657100
2020-05-18,78.88666534423828,81.02666473388672,78.88666534423828,80.59666442871094,76.5653305053711,4940700
2020-05-19,80.61333465576172,82.1933364868164,80.30332946777344,80.33333587646484,76.31513214111328,4308000
2020-05-20,81.98666381835938,83.836669921875,81.98666381835938,83.2933349609375,79.12710571289062,3791100
2020-05-21,83.31999969482422,83.38333129882812,81.0633316040039,81.19667053222656,77.13531494140625,3809700
2020-05-22,81.27666473388672,81.6933364868164,80.2699966430664,81.5566635131836,77.4773178100586,2462400
2020-05-26,83.73999786376953,84.1433334350586,82.30332946777344,82.413330078125,78.2911148071289,4310400
2020-05-27,82.66666412353516,83.68333435058594,80.32666778564453,83.68333435058594,79.49759674072266,5297400
2020-05-28,83.06999969482422,84.1866683959961,81.40666961669922,81.8566665649414,77.76229095458984,4460100
2020-05-29,82.12666320800781,84.17666625976562,81.87333679199219,83.95333099365234,79.75408172607422,6282000
2020-06-01,83.5199966430664,83.8933334350586,82.75666809082031,83.5,79.32343292236328,2780100
2020-06-02,83.73999786376953,85.36666870117188,83.3499984741211,85.30332946777344,81.03655242919922,3159900
2020-06-03,86.56999969482422,88.16666412353516,86.54666900634766,87.76667022705078,83.3766860961914,1781700
2020-06-04,87.43333435058594,89.22333526611328,87.15666961669922,88.56666564941406,84.13665771484375,1948500
2020-06-05,90.68333435058594,92.05332946777344,90.25666809082031,90.73666381835938,86.19812774658203,2878200
2020-06-08,91.27666473388672,91.41999816894531,89.65666961669922,90.55000305175781,86.02079772949219,2531400
2020-06-09,89.63666534423828,90.9433364868164,89.23999786376953,90.62000274658203,86.08728790283203,1958400
2020-06-10,91.22333526611328,91.80332946777344,90.56666564941406,90.94000244140625,86.39127349853516,2579400
2020-06-11,88.63333129882812,88.92333221435547,85.06999969482422,85.163330078125,80.90355682373047,3992100
2020-06-12,87.34333038330078,88.0566635131836,84.39666748046875,86.32333374023438,82.00552368164062,4613400
2020-06-15,84.23999786376953,87.43333435058594,83.94667053222656,87.29666900634766,83.11087799072266,2132400
2020-06-16,89.86333465576172,90.43333435058594,87.413330078125,89.0,84.7325439453125,3384300
2020-06-17,89.84666442871094,90.5,89.15666961669922,89.6933364868164,85.39261627197266,1371300
2020-06-18,89.57333374023438,90.00666809082031,89.12999725341797,89.52666473388672,85.23394012451172,1340400
2020-06-19,90.6500015258789,90.93333435058594,88.8499984741211,89.09333038330078,84.8213882446289,2271300
2020-06-22,89.0,89.95999908447266,88.13999938964844,89.75,85.44657135009766,1286100
2020-06-23,90.62333679199219,91.00666809082031,89.91000366210938,90.06999969482422,85.75122833251953,1177800
2020-06-24,89.58000183105469,90.05332946777344,87.413330078125,88.09333038330078,83.86933135986328,1974000
2020-06-25,87.98666381835938,88.89666748046875,86.6433334350586,88.72333526611328,84.46913146972656,1376400
2020-06-26,88.83333587646484,88.91999816894531,86.84333038330078,87.05999755859375,82.88555145263672,1637700
2020-06-29,87.08333587646484,88.0433349609375,85.98666381835938,88.01000213623047,83.78999328613281,2664900
2020-06-30,88.41000366210938,90.62666320800781,88.336669921875,90.29000091552734,85.96068572998047,4086000
2020-07-01,90.37333679199219,90.40666961669922,89.05000305175781,89.13333129882812,84.85946655273438,1909200
2020-07-02,90.51000213623047,91.0633316040039,89.94999694824219,90.22333526611328,85.89720153808594,1787400
2020-07-06,91.99666595458984,92.95999908447266,91.70999908447266,92.6066665649414,88.166259765625,2312700
2020-07-07,92.413330078125,92.9800033569336,91.36666870117188,91.51333618164062,87.12538146972656,1893000
2020-07-08,92.20999908447266,92.83333587646484,91.48666381835938,92.75333404541016,88.305908203125,1610700
2020-07-09,93.19999694824219,94.55332946777344,91.77666473388672,93.98332977294922,89.47692108154297,2007900
2020-07-10,94.23332977294922,94.34666442871094,92.76000213623047,93.66666412353516,89.17545318603516,966000
2020-07-13,94.99333190917969,96.01667022705078,91.94999694824219,92.12666320800781,87.70928955078125,2951700
2020-07-14,91.47666931152344,93.88333129882812,90.28333282470703,93.6500015258789,89.15957641601562,3124200
2020-07-15,94.4000015258789,94.40333557128906,92.05332946777344,93.48666381835938,89.00407409667969,2247000
2020-07-16,92.4000015258789,93.4366683959961,91.99333190917969,93.13666534423828,88.67084503173828,1344600
2020-07-17,93.4433364868164,93.98666381835938,93.1500015258789,93.6066665649414,89.11833190917969,1340400
2020-07-20,93.76333618164062,95.72333526611328,93.14666748046875,95.4566650390625,90.87960815429688,1783200
2020-07-21,96.163330078125,96.29000091552734,94.58000183105469,94.97000122070312,90.41627502441406,1593900
2020-07-22,95.2300033569336,96.00666809082031,94.51000213623047,95.28333282470703,90.71460723876953,1240500
2020-07-23,95.33333587646484,96.07666778564453,93.0,93.82666778564453,89.3277816772461,2006100
2020-07-24,92.16666412353516,93.66999816894531,90.92333221435547,92.35333251953125,87.92507934570312,2717400
2020-07-27,93.5199966430664,95.2699966430664,93.45333099365234,95.2300033569336,90.66381072998047,2324400
2020-07-28,94.53333282470703,94.65666961669922,93.20333099365234,93.38999938964844,88.91204833984375,1822500
2020-07-29,94.22000122070312,95.70333099365234,94.12000274658203,95.3133316040039,90.74315643310547,1452000
2020-07-30,95.03666687011719,97.27999877929688,95.01333618164062,97.19000244140625,92.52983093261719,2717400
2020-07-31,97.43333435058594,97.4800033569336,95.31999969482422,96.79666900634766,92.15534973144531,1928400
2020-08-03,97.38666534423828,98.79000091552734,97.37333679199219,98.55332946777344,93.82778930664062,1654200
2020-08-04,98.55332946777344,100.086669921875,98.50333404541016,100.0,95.20509338378906,1452900
2020-08-05,99.84333038330078,100.33999633789062,99.19999694824219,99.89666748046875,95.1067123413086,1741500
2020-08-06,99.81999969482422,100.00666809082031,98.83000183105469,99.84333038330078,95.05595397949219,1096200
2020-08-07,99.7300033569336,100.0999984741211,97.53333282470703,98.73332977294922,93.99916076660156,1364700
2020-08-10,99.02999877929688,99.1500015258789,97.30000305175781,98.7300033569336,93.99598693847656,1326900
2020-08-11,98.61666870117188,99.63666534423828,97.4000015258789,97.69999694824219,93.01536560058594,2116500
2020-08-12,98.52999877929688,101.12333679199219,98.21333312988281,100.8566665649414,96.02069091796875,1945800
2020-08-13,100.8566665649414,100.95999908447266,99.3566665649414,99.85333251953125,95.06547546386719,1522200
2020-08-14,100.17333221435547,100.95999908447266,99.44000244140625,99.7933349609375,95.00834655761719,1088700
2020-08-17,100.61666870117188,101.3933334350586,100.38666534423828,100.91666412353516,96.07779693603516,928500
2020-08-18,101.48999786376953,101.5633316040039,100.09666442871094,100.38333129882812,95.57003021240234,1020300
2020-08-19,100.50666809082031,100.69000244140625,99.51000213623047,99.8133316040039,95.02739715576172,1197600
2020-08-20,98.66666412353516,99.38333129882812,98.19000244140625,98.92666625976562,94.18324279785156,1899300
2020-08-21,98.73332977294922,99.67333221435547,98.3566665649414,99.59666442871094,94.82109832763672,1239300
2020-08-24,100.75,100.99333190917969,99.84666442871094,100.63333129882812,95.8080825805664,1043700
2020-08-25,100.83333587646484,101.69000244140625,100.62999725341797,101.61000061035156,96.73789978027344,1089900
2020-08-26,101.83999633789062,102.30000305175781,101.41666412353516,101.9366683959961,97.04889678955078,1019700
2020-08-27,102.38333129882812,102.38333129882812,100.13666534423828,100.77666473388672,95.94450378417969,1660200
2020-08-28,100.9000015258789,102.67666625976562,100.72333526611328,102.63666534423828,97.71533203125,1711200
2020-08-31,102.56666564941406,103.26667022705078,101.75,102.40666961669922,97.49639129638672,1013400
2020-09-01,103.22666931152344,104.51000213623047,102.69000244140625,104.44000244140625,99.43220520019531,1414200
2020-09-02,106.086669921875,108.086669921875,105.07333374023438,107.46666717529297,102.31373596191406,2971800
2020-09-03,105.73999786376953,105.97666931152344,100.76667022705078,101.47333526611328,96.60779571533203,3921000
2020-09-04,100.79666900634766,102.1500015258789,96.83999633789062,100.41999816894531,95.6049575805664,3466800
2020-09-08,96.8133316040039,98.58999633789062,95.586669921875,95.72666931152344,91.13665771484375,3036000
2020-09-09,98.15333557128906,99.15333557128906,96.86333465576172,98.33333587646484,93.61836242675781,1914600
2020-09-10,99.663330078125,99.9566650390625,96.43000030517578,97.0,92.34893798828125,1914000
2020-09-11,97.67666625976562,98.6866683959961,95.91666412353516,96.97333526611328,92.32355499267578,1524300
2020-09-14,98.91666412353516,99.53333282470703,98.15333557128906,98.913330078125,94.17054748535156,1155600
2020-09-15,100.26667022705078,101.3133316040039,100.09333038330078,100.62000274658203,95.79537200927734,1259700
2020-09-16,101.34333038330078,101.46333312988281,99.52333068847656,99.67666625976562,94.89728546142578,1217400
2020-09-17,97.13666534423828,99.78666687011719,96.79666900634766,99.62666320800781,94.84966278076172,1714800
2020-09-18,100.08333587646484,100.336669921875,96.79000091552734,98.06666564941406,93.36446380615234,1210800
2020-09-21,96.22000122070312,97.88999938964844,95.3933334350586,97.88999938964844,93.19625091552734,2331600
2020-09-22,98.51667022705078,99.03666687011719,96.80000305175781,98.9000015258789,94.15784454345703,1096200
2020-09-23,98.56999969482422,99.0999984741211,95.913330078125,96.2699966430664,91.98538208007812,1896000
2020-09-24,95.47333526611328,98.43333435058594,95.40333557128906,97.08333587646484,92.76251220703125,2350500
2020-09-25,97.25333404541016,98.72666931152344,95.79666900634766,98.41666412353516,94.0364761352539,1614300
2020-09-28,99.8133316040039,101.22666931152344,99.16666412353516,101.12666320800781,96.62589263916016,1836000
2020-09-29,101.21333312988281,102.3133316040039,101.05999755859375,101.36333465576172,96.85202026367188,1915500
2020-09-30,101.29666900634766,102.53666687011719,100.9433364868164,101.53666687011719,97.01765441894531,1947600
2020-10-01,102.91666412353516,103.90666961669922,102.4433364868164,103.70999908447266,99.09422302246094,2045400
2020-10-02,101.02999877929688,102.69667053222656,100.45999908447266,100.5999984741211,96.12264251708984,2008500
2020-10-05,101.51667022705078,103.836669921875,101.37999725341797,103.74333190917969,99.1260986328125,1540200
2020-10-06,103.82666778564453,105.73666381835938,102.82666778564453,103.25,98.65470886230469,1888800
2020-10-07,104.72000122070312,105.55000305175781,104.70333099365234,105.22666931152344,100.54341125488281,1249200
2020-10-08,106.19000244140625,106.74666595458984,105.8566665649414,106.52999877929688,101.78871154785156,979800
2020-10-09,108.06999969482422,108.7066650390625,107.66000366210938,108.40333557128906,103.57872009277344,1967400
2020-10-12,109.836669921875,110.57666778564453,109.29000091552734,110.01333618164062,105.11705780029297,1591500
2020-10-13,110.19999694824219,110.75333404541016,109.31999969482422,109.81666564941406,104.92913055419922,2298900
2020-10-14,110.27333068847656,110.61000061035156,108.75,109.37333679199219,104.50552368164062,1562400
2020-10-15,107.33333587646484,109.2933349609375,107.11000061035156,109.08000183105469,104.22523498535156,1207200
2020-10-16,109.83333587646484,110.03333282470703,108.47333526611328,108.55999755859375,103.7283935546875,865800
2020-10-19,109.44999694824219,110.09666442871094,107.5999984741211,108.01333618164062,103.20604705810547,1208700
2020-10-20,108.5,108.7933349609375,107.58333587646484,107.836669921875,103.03724670410156,1048800
2020-10-21,108.09333038330078,108.30999755859375,107.02666473388672,107.11333465576172,102.34608459472656,1074300
2020-10-22,107.24666595458984,107.71333312988281,105.8566665649414,107.15666961669922,102.38753509521484,905100
2020-10-23,106.74666595458984,106.77999877929688,105.7699966430664,106.77999877929688,102.02761840820312,786000
2020-10-26,105.86666870117188,106.24666595458984,103.10333251953125,104.46666717529297,99.81724548339844,1671300
2020-10-27,105.19000244140625,105.44667053222656,103.69667053222656,104.0566635131836,99.42546844482422,890100
2020-10-28,102.41666412353516,102.41666412353516,100.48332977294922,100.6500015258789,96.17045593261719,1481100
2020-10-29,100.66666412353516,104.27999877929688,100.52666473388672,103.20333099365234,98.61012268066406,1504500
2020-10-30,102.11333465576172,102.77999877929688,100.4800033569336,101.82666778564453,97.29470825195312,1337100
2020-11-02,102.77999877929688,103.25,101.3133316040039,102.19000244140625,97.64189910888672,1456200
2020-11-03,103.08999633789062,105.0,103.06999969482422,104.11666870117188,99.48281860351562,1385100
2020-11-04,106.336669921875,108.31666564941406,105.06666564941406,107.75666809082031,102.9608154296875,3026700
2020-11-05,110.87000274658203,112.87666320800781,110.7699966430664,112.59666442871094,107.58539581298828,2808600
2020-11-06,112.33000183105469,114.8499984741211,111.96666717529297,114.43333435058594,109.3403091430664,2016000
2020-11-09,117.50666809082031,117.92333221435547,113.09333038330078,113.0999984741211,108.06632232666016,1920900
2020-11-10,112.086669921875,112.56666564941406,109.42333221435547,109.7066650390625,104.82401275634766,1862100
2020-11-11,111.4000015258789,113.86000061035156,111.38999938964844,113.66000366210938,108.60140991210938,1670400
2020-11-12,113.83999633789062,114.11000061035156,111.66000366210938,112.25666809082031,107.26053619384766,1203600
2020-11-13,113.59333038330078,114.58000183105469,112.81999969482422,113.63333129882812,108.57591247558594,1070700
2020-11-16,114.5633316040039,116.45999908447266,114.25,116.45999908447266,111.27678680419922,1456200
2020-11-17,116.04666900634766,116.08000183105469,114.6433334350586,115.5,110.3595199584961,1371600
2020-11-18,115.70333099365234,116.5,114.56666564941406,114.63999938964844,109.53781127929688,1361100
2020-11-19,114.2300033569336,116.4433364868164,113.7066650390625,116.33333587646484,111.15574645996094,1056300
2020-11-20,116.37333679199219,117.3566665649414,115.65333557128906,115.79000091552734,110.63658905029297,1369500
2020-11-23,116.3066635131836,117.8499984741211,115.93333435058594,117.44000244140625,112.21316528320312,1374900
2020-11-24,118.28333282470703,118.29000091552734,116.26000213623047,118.08000183105469,112.82471466064453,1824600
2020-11-25,118.25333404541016,118.72666931152344,117.33333587646484,117.81999969482422,112.57624816894531,974100
2020-11-27,118.56666564941406,119.91999816894531,118.56666564941406,119.22333526611328,113.9171371459961,1713300
2020-11-30,119.42333221435547,120.74333190917969,117.913330078125,120.60333251953125,115.23570251464844,1874100
2020-12-01,121.66666412353516,123.37000274658203,121.2699966430664,122.59333038330078,117.13716125488281,2005200
2020-12-02,122.25,123.55999755859375,122.12666320800781,122.95333099365234,117.48111724853516,2141400
2020-12-03,123.66666412353516,124.38999938964844,122.94667053222656,123.11333465576172,117.63399505615234,1096800
2020-12-04,123.66666412353516,126.54666900634766,123.47000122070312,126.47000122070312,120.84127044677734,1624500
2020-12-07,127.1866683959961,127.19999694824219,125.9000015258789,127.11000061035156,121.45278930664062,1657800
2020-12-08,127.0199966430664,128.01666259765625,126.39666748046875,127.5199966430664,121.84453582763672,1203000
2020-12-09,127.03666687011719,127.88333129882812,123.17333221435547,123.92666625976562,118.41114044189453,1949400
2020-12-10,122.86666870117188,124.81666564941406,122.45333099365234,123.75333404541016,118.24551391601562,1967400
2020-12-11,122.87666320800781,123.41000366210938,121.20333099365234,122.55000305175781,117.09574127197266,1605900
2020-12-14,123.44000244140625,124.413330078125,123.16666412353516,123.66666412353516,118.40325927734375,1313400
2020-12-15,125.33333587646484,125.8066635131836,124.51000213623047,125.38999938964844,120.05325317382812,1102500
2020-12-16,125.9800033569336,125.9800033569336,124.47000122070312,125.46333312988281,120.12347412109375,1342500
2020-12-17,126.28666687011719,126.28666687011719,125.1433334350586,125.6933364868164,120.34368896484375,1240200
2020-12-18,125.86000061035156,126.09333038330078,124.29666900634766,124.94667053222656,119.62882232666016,1160100
2020-12-21,123.36666870117188,124.49666595458984,122.32333374023438,124.38999938964844,119.09581756591797,1799700
2020-12-22,124.41999816894531,124.5,123.16999816894531,124.2066650390625,118.92029571533203,668700
2020-12-23,124.413330078125,124.61666870117188,123.16666412353516,123.27333068847656,118.02666473388672,1257000
2020-12-24,123.93000030517578,124.43000030517578,123.5566635131836,124.37333679199219,119.07988739013672,574200
2020-12-28,125.83333587646484,125.9000015258789,124.05332946777344,124.23666381835938,118.94902801513672,1108500
2020-12-29,124.87666320800781,124.87666320800781,122.5433349609375,123.91666412353516,118.64263153076172,1334700
2020-12-30,124.60333251953125,126.20333099365234,124.48666381835938,125.99333190917969,120.63091278076172,1159800
2020-12-31,126.12333679199219,126.58999633789062,125.2066650390625,126.3933334350586,121.01390838623047,1193100
2021-01-04,127.21333312988281,129.92666625976562,124.95333099365234,125.86333465576172,120.5064468383789,2487600
2021-01-05,125.76333618164062,128.43666076660156,125.66666412353516,128.43666076660156,122.97026824951172,1670700
2021-01-06,127.03333282470703,130.5366668701172,126.8566665649414,128.02000427246094,122.57134246826172,3215100
2021-01-07,129.89332580566406,133.17666625976562,129.89332580566406,132.85000610351562,127.19579315185547,1809000
2021-01-08,134.75332641601562,135.3699951171875,131.36000061035156,132.9199981689453,127.26277160644531,2119800
2021-01-11,131.76666259765625,135.3300018310547,131.6666717529297,134.26666259765625,128.55213928222656,1627500
2021-01-12,135.1300048828125,136.3866729736328,133.90333557128906,135.0800018310547,129.3308868408203,4503900
2021-01-13,136.3300018310547,136.6266632080078,134.77000427246094,135.3000030517578,129.54147338867188,1200000
2021-01-14,136.97999572753906,139.75332641601562,136.97999572753906,138.1666717529297,132.28616333007812,1748400
2021-01-15,138.01333618164062,138.1666717529297,134.5800018310547,135.35667419433594,129.59571838378906,2403900
2021-01-19,137.5833282470703,140.0933380126953,137.25999450683594,140.0,134.0414581298828,2517000
2021-01-20,141.52000427246094,141.99667358398438,139.17333984375,139.5,133.56272888183594,1851000
2021-01-21,140.82333374023438,142.0833282470703,139.3733367919922,141.51666259765625,135.49354553222656,2540400
2021-01-22,140.36666870117188,140.97332763671875,139.0433349609375,139.11666870117188,133.19570922851562,1668300
2021-01-25,140.27999877929688,140.63999938964844,136.63333129882812,139.31666564941406,133.38722229003906,1683300
2021-01-26,139.39332580566406,139.39332580566406,137.0399932861328,137.05332946777344,131.22019958496094,1224900
2021-01-27,134.6666717529297,134.68333435058594,129.41000366210938,129.94000244140625,124.40960693359375,5391300
2021-01-28,132.55667114257812,134.69667053222656,131.51333618164062,132.7899932861328,127.13831329345703,3369900
2021-01-29,133.23666381835938,133.7133331298828,130.0399932861328,130.47332763671875,124.92023468017578,2761800
2021-02-01,132.69667053222656,136.0399932861328,132.2566680908203,135.6266632080078,129.85423278808594,1923300
2021-02-02,137.88999938964844,138.0,135.96665954589844,137.82666015625,131.96063232421875,2429400
2021-02-03,138.35333251953125,138.75,134.6666717529297,135.02667236328125,129.27980041503906,2767800
2021-02-04,134.60000610351562,136.24000549316406,133.65333557128906,136.13333129882812,130.33935546875,1832400
2021-02-05,137.14999389648438,137.14999389648438,135.0,135.20333862304688,129.4489288330078,1462800
2021-02-08,136.1133270263672,139.3633270263672,136.10667419433594,139.25999450683594,133.33291625976562,1947300
2021-02-09,138.85667419433594,139.8300018310547,138.07666015625,138.85000610351562,132.9403839111328,1383300
2021-02-10,140.0,140.72999572753906,137.336669921875,139.1233367919922,133.20208740234375,2220300
2021-02-11,140.27333068847656,144.0433349609375,140.27333068847656,143.94000244140625,137.81378173828125,2112600
2021-02-12,143.51666259765625,146.00332641601562,142.78334045410156,145.72000122070312,139.51800537109375,1925100
2021-02-16,147.4566650390625,147.99000549316406,145.82666015625,146.45333862304688,140.22010803222656,3152400
2021-02-17,145.19667053222656,145.73333740234375,141.97000122070312,143.94332885742188,137.81695556640625,2785200
2021-02-18,142.1566619873047,143.1233367919922,140.67999267578125,142.4633331298828,136.3999481201172,2247600
2021-02-19,144.6233367919922,146.76333618164062,144.32666015625,145.89666748046875,139.6871337890625,2254500
2021-02-22,144.0,145.01333618164062,140.11666870117188,140.61000061035156,134.62551879882812,2652000
2021-02-23,138.02667236328125,140.60667419433594,134.02667236328125,139.55332946777344,133.61376953125,4029300
2021-02-24,138.68333435058594,144.23333740234375,137.43333435058594,144.0800018310547,137.94778442382812,3144900
2021-02-25,142.39999389648438,143.3433380126953,135.30999755859375,135.8733367919922,130.09043884277344,5339700
2021-02-26,138.10000610351562,140.25332641601562,135.35000610351562,138.97000122070312,133.05531311035156,4558800
2021-03-01,141.07666015625,143.5500030517578,140.0066680908203,143.39999389648438,137.29676818847656,2316600
2021-03-02,143.97999572753906,143.97999572753906,138.94332885742188,139.10000610351562,133.1797332763672,3177600
2021-03-03,139.24667358398438,139.54666137695312,133.5800018310547,134.8433380126953,129.10423278808594,4425900
2021-03-04,134.4066619873047,135.0399932861328,126.44999694824219,128.35333251953125,122.8904800415039,7243500
2021-03-05,131.30667114257812,132.64999389648438,125.18333435058594,132.20333862304688,126.57661437988281,6307800
2021-03-08,132.03334045410156,132.57000732421875,125.0199966430664,125.06999969482422,119.74690246582031,7349100
2021-03-09,129.60000610351562,133.73333740234375,129.21665954589844,132.83999633789062,127.18618774414062,4132800
2021-03-10,135.1300048828125,135.17333984375,130.3333282470703,130.3333282470703,124.78620147705078,4082400
2021-03-11,134.2100067138672,136.5933380126953,133.50332641601562,135.82000732421875,130.03941345214844,3689400
2021-03-12,133.3333282470703,134.63333129882812,132.3733367919922,134.3866729736328,128.66702270507812,3153600
2021-03-15,135.10667419433594,137.4066619873047,134.1266632080078,137.22000122070312,131.3797607421875,3894900
2021-03-16,138.8433380126953,141.1999969482422,138.18333435058594,138.9933319091797,133.07762145996094,6785100
2021-03-17,137.07333374023438,141.84666442871094,136.03334045410156,140.7433319091797,134.753173828125,5773800
2021-03-18,138.7866668701172,139.05999755859375,134.76333618164062,134.9199981689453,129.1776885986328,6042900
2021-03-19,135.19000244140625,137.7933349609375,133.46665954589844,136.586669921875,130.77337646484375,6614100
2021-03-22,138.26333618164062,141.11000061035156,137.74000549316406,139.47666931152344,133.5404052734375,3130200
2021-03-23,140.01666259765625,140.26333618164062,135.18333435058594,135.80999755859375,130.02981567382812,5638800
2021-03-24,138.07000732421875,138.6300048828125,133.88333129882812,133.94667053222656,128.2457733154297,6608100
2021-03-25,131.6300048828125,134.48666381835938,130.27333068847656,133.836669921875,128.38198852539062,5580000
2021-03-26,133.94000244140625,140.6999969482422,133.85000610351562,140.44332885742188,134.71934509277344,6493800
2021-03-29,139.1300048828125,139.663330078125,136.63333129882812,138.2899932861328,132.65379333496094,6540600
2021-03-30,137.1999969482422,138.25,136.3300018310547,137.9600067138672,132.33721923828125,4263600
2021-03-31,139.26333618164062,142.39999389648438,138.99000549316406,141.3300018310547,135.56993103027344,5968200
2021-04-01,143.7899932861328,146.61000061035156,143.73666381835938,146.52667236328125,140.55477905273438,7380000
2021-04-05,148.93666076660156,149.9199981689453,147.15333557128906,149.48333740234375,143.39096069335938,6504000
2021-04-06,148.60333251953125,149.52000427246094,146.3433380126953,147.81333923339844,141.7890167236328,5913000
2021-04-07,147.96665954589844,148.47332763671875,146.59666442871094,147.71665954589844,141.69622802734375,3296400
2021-04-08,149.30332946777344,149.57000732421875,148.03334045410156,149.39999389648438,143.31101989746094,4276500
2021-04-09,148.19000244140625,149.0800018310547,147.56666564941406,148.93333435058594,142.8633270263672,2466000
2021-04-12,148.15333557128906,148.15333557128906,146.06666564941406,147.3333282470703,141.32855224609375,2607900
2021-04-13,148.4566650390625,148.6666717529297,145.63333129882812,147.10000610351562,141.10472106933594,3328500
2021-04-14,146.82000732421875,147.93333435058594,144.68666076660156,145.48333740234375,139.553955078125,4996200
2021-04-15,146.97666931152344,148.22666931152344,145.84666442871094,147.9199981689453,141.8913116455078,5672400
2021-04-16,147.9199981689453,148.22332763671875,146.90333557128906,147.22666931152344,141.2262420654297,2712600
2021-04-19,146.14332580566406,146.63333129882812,142.0399932861328,143.35667419433594,137.51397705078125,8922300
2021-04-20,142.8866729736328,143.47999572753906,140.47999572753906,141.31333923339844,135.553955078125,5374500
2021-04-21,141.42333984375,145.07333374023438,140.83999633789062,145.02000427246094,139.1094970703125,4321800
2021-04-22,144.72000122070312,144.913330078125,141.0,141.8633270263672,136.0814971923828,5433000
2021-04-23,142.44332885742188,145.04666137695312,142.27000427246094,144.4499969482422,138.562744140625,3996300
2021-04-26,144.6366729736328,147.27999877929688,144.3766632080078,147.09666442871094,141.1015625,3577800
2021-04-27,147.67333984375,147.77999877929688,145.5500030517578,145.9933319091797,140.0431671142578,4878300
2021-04-28,145.18333435058594,145.25332641601562,143.61000061035156,143.77667236328125,137.9168243408203,2356200
2021-04-29,145.82000732421875,145.9066619873047,142.61000061035156,144.7100067138672,138.81216430664062,3237000
2021-04-30,142.586669921875,143.42666625976562,140.336669921875,140.67666625976562,134.94320678710938,3900000
2021-05-03,141.67666625976562,141.82333374023438,138.43666076660156,139.2133331298828,133.5394744873047,3222900
2021-05-04,137.39999389648438,137.45333862304688,134.336669921875,136.86666870117188,131.28846740722656,6061800
2021-05-05,138.5833282470703,139.42666625976562,136.69000244140625,137.72332763671875,132.11026000976562,4808700
2021-05-06,137.46665954589844,138.8866729736328,135.90333557128906,138.85333251953125,133.19419860839844,3656400
2021-05-07,140.26666259765625,141.72000122070312,139.60333251953125,140.75999450683594,135.02313232421875,2871600
2021-05-10,139.52999877929688,139.52999877929688,134.26333618164062,134.5,129.0182647705078,6354600
2021-05-11,130.39666748046875,135.05332946777344,129.92999267578125,134.67999267578125,129.19091796875,6719400
2021-05-12,131.8633270263672,132.64332580566406,128.67333984375,129.19332885742188,123.92786407470703,7754100
2021-05-13,131.43333435058594,132.86666870117188,129.52999877929688,130.83999633789062,125.50745391845703,4862400
2021-05-14,132.74667358398438,136.11000061035156,131.4566650390625,134.88999938964844,129.39239501953125,4663500
2021-05-17,133.63999938964844,133.82666015625,131.47999572753906,133.7133331298828,128.26365661621094,3365100
2021-05-18,134.97000122070312,135.22666931152344,132.55999755859375,132.6366729736328,127.23085021972656,2354700
2021-05-19,130.06666564941406,135.3633270263672,129.51666259765625,135.22332763671875,129.7120819091797,4127400
2021-05-20,136.23333740234375,139.35333251953125,136.13333129882812,138.77999877929688,133.12384033203125,5020800
2021-05-21,139.75999450683594,139.81333923339844,137.78334045410156,138.01333618164062,132.38841247558594,5250000
2021-05-24,139.4566650390625,142.26333618164062,139.3333282470703,141.5,135.7329864501953,3373800
2021-05-25,142.5399932861328,142.9933319091797,141.1199951171875,141.9199981689453,136.13583374023438,4363500
2021-05-26,142.02333068847656,142.9166717529297,141.0066680908203,142.3000030517578,136.5003662109375,2492400
2021-05-27,142.0366668701172,143.61666870117188,141.6666717529297,142.89999389648438,137.07589721679688,3302700
2021-05-28,143.44000244140625,144.9199981689453,143.18666076660156,144.22666931152344,138.34854125976562,2179500
2021-06-01,145.31666564941406,146.4633331298828,143.0800018310547,143.82333374023438,137.9615936279297,3373500
2021-06-02,143.7133331298828,145.2866668701172,143.2566680908203,144.6999969482422,138.80252075195312,2140500
2021-06-03,143.07666015625,143.6999969482422,141.54666137695312,142.2133331298828,136.41726684570312,3247500
2021-06-04,143.43333435058594,145.9566650390625,143.43333435058594,145.6666717529297,139.7298126220703,2821500
2021-06-07,144.97666931152344,145.2433319091797,143.69332885742188,144.53334045410156,138.64266967773438,2376300
2021-06-08,145.66000366210938,145.913330078125,142.6233367919922,143.7066650390625,137.84970092773438,2534400
2021-06-09,144.18333435058594,144.60000610351562,143.0,143.0,137.1718292236328,2607000
2021-06-10,143.05667114257812,145.03334045410156,142.7566680908203,144.47000122070312,138.7475128173828,2165100
2021-06-11,144.90333557128906,145.1999969482422,144.086669921875,145.1999969482422,139.4486083984375,1765200
2021-06-14,145.56666564941406,147.26333618164062,144.7133331298828,147.26333618164062,141.43019104003906,3673800
2021-06-15,146.8699951171875,147.76666259765625,145.57666015625,146.05667114257812,140.2713165283203,2388300
2021-06-16,146.50999450683594,146.93333435058594,143.53334045410156,144.68333435058594,138.952392578125,3614700
2021-06-17,144.2866668701172,147.31333923339844,144.17666625976562,146.2433319091797,140.4506072998047,3873000
2021-06-18,145.24000549316406,145.34666442871094,141.9566650390625,142.7433319091797,137.08924865722656,2889900
2021-06-21,142.9066619873047,143.52000427246094,141.69332885742188,143.27000427246094,137.59507751464844,2233200
2021-06-22,143.48333740234375,144.36000061035156,142.67999267578125,143.94667053222656,138.24490356445312,1737900
2021-06-23,144.30667114257812,145.36000061035156,144.25999450683594,144.54666137695312,138.82118225097656,1889400
2021-06-24,145.95333862304688,147.39332580566406,145.8000030517578,147.00332641601562,141.18048095703125,1428300
2021-06-25,147.6266632080078,147.8633270263672,146.19000244140625,146.60333251953125,140.7963409423828,1343100
2021-06-28,147.50999450683594,150.72666931152344,147.50999450683594,150.10333251953125,144.15769958496094,2651100
2021-06-29,149.92666625976562,151.5,149.43333435058594,151.27999877929688,145.28778076171875,1748100
2021-06-30,151.13999938964844,151.69667053222656,150.39666748046875,151.4066619873047,145.40943908691406,1317300
2021-07-01,151.25332641601562,151.25332641601562,148.72999572753906,149.23666381835938,143.3253936767578,2264100
2021-07-02,150.163330078125,150.50999450683594,148.97332763671875,150.14666748046875,144.1993408203125,1827000
2021-07-06,150.55332946777344,151.0399932861328,147.97999572753906,149.88999938964844,143.95285034179688,2001900
2021-07-07,150.8333282470703,150.84666442871094,146.99667358398438,147.6199951171875,141.77273559570312,1888200
2021-07-08,144.50999450683594,146.4199981689453,143.40333557128906,145.72332763671875,139.951171875,2000100
2021-07-09,146.20333862304688,148.3766632080078,145.14999389648438,148.10000610351562,142.23374938964844,1833000
2021-07-12,148.73333740234375,150.0,148.1666717529297,150.0,144.0584716796875,3949800
2021-07-13,149.3733367919922,150.04666137695312,148.60667419433594,149.39999389648438,143.4822540283203,2122200
2021-07-14,150.4199981689453,151.69667053222656,148.28334045410156,148.7100067138672,142.819580078125,2256600
2021-07-15,147.9933319091797,148.31333923339844,144.30667114257812,145.41000366210938,139.6502685546875,2657100
2021-07-16,145.8633270263672,146.60000610351562,141.91000366210938,142.25,136.61541748046875,2571600
2021-07-19,140.30667114257812,142.33999633789062,139.50332641601562,142.10667419433594,136.47781372070312,4068000
2021-07-20,142.7899932861328,145.1366729736328,141.0,144.0433349609375,138.33775329589844,3201000
2021-07-21,144.5933380126953,148.5366668701172,144.5933380126953,148.46665954589844,142.5858612060547,2039400
2021-07-22,147.72332763671875,148.39999389648438,146.49667358398438,147.58999633789062,141.74388122558594,1185000
2021-07-23,148.27999877929688,148.49000549316406,146.51333618164062,148.3433380126953,142.46742248535156,1312500
2021-07-26,147.77333068847656,148.72000122070312,147.4066619873047,148.38999938964844,142.51223754882812,1123200
2021-07-27,147.96665954589844,147.96665954589844,142.58999633789062,145.6666717529297,139.8967742919922,2508000
2021-07-28,146.19667053222656,148.6699981689453,145.4933319091797,148.04666137695312,142.18247985839844,2289600
2021-07-29,148.61000061035156,151.52999877929688,148.55332946777344,151.06666564941406,145.08290100097656,2303700
2021-07-30,149.6999969482422,152.6133270263672,149.6999969482422,152.30332946777344,146.2705535888672,2320200
2021-08-02,153.76333618164062,155.1666717529297,152.88999938964844,153.26666259765625,147.1957550048828,2864100
2021-08-03,153.60667419433594,154.43333435058594,151.80999755859375,154.43333435058594,148.3162078857422,1769100
2021-08-04,154.73333740234375,156.7566680908203,154.50332641601562,156.0066680908203,149.82720947265625,1626000
2021-08-05,156.7566680908203,157.1266632080078,155.14666748046875,156.03334045410156,149.85289001464844,1420200
2021-08-06,155.11666870117188,156.0366668701172,154.85000610351562,155.2566680908203,149.10690307617188,1233000
2021-08-09,155.88333129882812,155.97332763671875,154.07666015625,154.72999572753906,148.6011199951172,1065900
2021-08-10,154.9600067138672,155.22666931152344,151.81666564941406,152.93333435058594,146.8756103515625,2695500
2021-08-11,153.35000610351562,153.56333923339844,150.6199951171875,152.41000366210938,146.37301635742188,1296900
2021-08-12,151.91000366210938,151.91000366210938,149.52333068847656,150.77333068847656,144.80113220214844,1531500
2021-08-13,150.42666625976562,151.7433319091797,150.29666137695312,151.72000122070312,145.7103729248047,1060200
2021-08-16,151.14666748046875,151.54666137695312,149.88999938964844,151.1566619873047,145.16934204101562,1143900
2021-08-17,149.89999389648438,149.89999389648438,146.8433380126953,148.22999572753906,142.3585968017578,1850700
2021-08-18,148.02333068847656,148.92999267578125,146.07666015625,146.27000427246094,140.4761962890625,1879200
2021-08-19,145.35333251953125,148.27667236328125,144.22666931152344,147.47000122070312,141.62869262695312,2175600
2021-08-20,147.8633270263672,148.83999633789062,146.80667114257812,148.57666015625,142.69151306152344,1798200
2021-08-23,150.1199951171875,152.9633331298828,150.1199951171875,152.75999450683594,146.7091827392578,2181000
2021-08-24,153.1999969482422,153.6666717529297,152.49667358398438,152.75999450683594,146.7091827392578,1662900
2021-08-25,153.3633270263672,155.05999755859375,153.27667236328125,153.92333984375,147.826416015625,2274300
2021-08-26,153.74000549316406,154.6666717529297,152.80667114257812,154.06666564941406,147.96401977539062,2284500
2021-08-27,154.15333557128906,157.19332885742188,153.93666076660156,157.0066680908203,150.78761291503906,2404500
2021-08-30,157.64666748046875,158.8433380126953,156.7566680908203,157.32000732421875,151.08853149414062,2519400
2021-08-31,157.49000549316406,157.6999969482422,154.84666442871094,156.06333923339844,149.8816680908203,2107800
2021-09-01,156.84666442871094,157.00332641601562,155.2133331298828,155.2133331298828,149.06529235839844,1632600
2021-09-02,155.9499969482422,156.27333068847656,155.19000244140625,155.7933349609375,149.62234497070312,1501500
2021-09-03,155.82000732421875,157.57000732421875,155.47332763671875,156.9600067138672,150.7427978515625,1356000
2021-09-07,157.0399932861328,157.04666137695312,155.4566650390625,156.38333129882812,150.18893432617188,1640700
2021-09-08,155.6666717529297,155.82666015625,153.03334045410156,154.3800048828125,148.26498413085938,3087900
2021-09-09,154.27667236328125,155.83999633789062,154.18333435058594,154.92333984375,148.7867889404297,3921000
2021-09-10,156.19667053222656,158.52667236328125,156.13999938964844,156.15333557128906,149.9680633544922,2959200
2021-09-13,157.72666931152344,157.97666931152344,155.51666259765625,157.64999389648438,151.40545654296875,2835900
2021-09-14,158.05332946777344,158.85333251953125,156.93666076660156,157.6566619873047,151.41184997558594,2581500
2021-09-15,157.77999877929688,158.56666564941406,156.44332885742188,158.56333923339844,152.28260803222656,3770400
2021-09-16,157.4166717529297,159.39666748046875,156.76333618164062,158.86666870117188,152.57388305664062,1655100
2021-09-17,158.44667053222656,158.44667053222656,155.6266632080078,156.3333282470703,150.1409454345703,2426700
2021-09-20,153.0,153.5933380126953,150.21665954589844,152.4633331298828,146.42422485351562,3124800
2021-09-21,153.60333251953125,154.05999755859375,151.52333068847656,152.913330078125,146.85643005371094,2214000
2021-09-22,154.11666870117188,156.44667053222656,153.55332946777344,156.086669921875,149.904052734375,1309200
2021-09-23,156.82666015625,158.6666717529297,156.26333618164062,158.1666717529297,151.90167236328125,2407200
2021-09-24,156.5833282470703,157.93666076660156,156.3333282470703,157.60000610351562,151.72740173339844,1191900
2021-09-27,155.913330078125,157.8333282470703,154.99000549316406,157.21665954589844,151.3583221435547,1339800
2021-09-28,154.24667358398438,155.14332580566406,151.06666564941406,151.06666564941406,145.43753051757812,5448000
2021-09-29,151.40333557128906,151.84666442871094,148.39332580566406,148.68333435058594,143.14300537109375,6776400
2021-09-30,150.0933380126953,151.07333374023438,148.5833282470703,148.6233367919922,143.08522033691406,4524900
2021-10-01,149.2133331298828,149.4933319091797,146.27667236328125,148.72000122070312,143.17828369140625,3114900
2021-10-04,147.9499969482422,148.0399932861328,144.44667053222656,144.88999938964844,139.49099731445312,4161900
2021-10-05,145.5833282470703,148.10333251953125,145.33999633789062,147.0833282470703,141.60263061523438,3156000
2021-10-06,145.44667053222656,147.77000427246094,144.94332885742188,147.6566619873047,142.1545867919922,3410700
2021-10-07,149.56333923339844,151.3633270263672,149.19332885742188,149.38333129882812,143.81689453125,1913400
2021-10-08,149.9199981689453,150.1133270263672,147.73333740234375,147.85333251953125,142.34393310546875,1672200
2021-10-11,147.26666259765625,149.35333251953125,146.80999755859375,146.8633270263672,141.3908233642578,1532100
2021-10-12,147.7899932861328,148.0066680908203,144.4199981689453,145.02999877929688,139.6257781982422,3201900
2021-10-13,146.0800018310547,146.77333068847656,145.38999938964844,145.86666870117188,140.43128967285156,1756500
2021-10-14,148.55667114257812,150.4066619873047,148.14332580566406,150.39332580566406,144.78927612304688,2486100
2021-10-15,151.49667358398438,151.85000610351562,150.6300048828125,151.39666748046875,145.7552032470703,1639500
2021-10-18,150.49667358398438,152.6666717529297,149.63333129882812,152.61666870117188,146.92977905273438,1352700
2021-10-19,152.96665954589844,154.48666381835938,152.27000427246094,154.48666381835938,148.73007202148438,1394100
2021-10-20,153.92999267578125,154.77000427246094,153.5,154.1666717529297,148.4219970703125,1261500
2021-10-21,153.17666625976562,155.9199981689453,153.10667419433594,155.72000122070312,149.91746520996094,1303200
2021-10-22,154.89999389648438,156.5,153.7066650390625,153.97332763671875,148.23590087890625,3284400
2021-10-25,154.75999450683594,155.9199981689453,154.1999969482422,155.02999877929688,149.253173828125,1684800
2021-10-26,156.2433319091797,156.8000030517578,154.60000610351562,155.14666748046875,149.36549377441406,1879200
2021-10-27,154.20333862304688,155.83999633789062,153.48666381835938,154.03334045410156,148.2936553955078,3226200
2021-10-28,156.08999633789062,157.63333129882812,155.80999755859375,157.5066680908203,151.6375274658203,3278100
2021-10-29,156.17666625976562,158.22999572753906,156.0,158.2100067138672,152.31468200683594,2135700
2021-11-01,158.39999389648438,160.82666015625,158.0,160.7899932861328,154.79852294921875,2547300
2021-11-02,160.70333862304688,162.79666137695312,160.70333862304688,162.7899932861328,156.7239532470703,2225400
2021-11-03,163.0,164.86666870117188,162.3699951171875,164.6666717529297,158.53074645996094,2175000
2021-11-04,166.52667236328125,170.97000122070312,165.6199951171875,170.2066650390625,163.86431884765625,4080900
2021-11-05,171.26666259765625,173.4166717529297,170.38999938964844,172.09666442871094,165.6838836669922,4534800
2021-11-08,173.163330078125,175.55999755859375,172.5366668701172,174.42333984375,167.923828125,2921400
2021-11-09,176.163330078125,176.3633270263672,172.5433349609375,174.42333984375,167.923828125,2722800
2021-11-10,171.14999389648438,173.49000549316406,168.5433349609375,169.27999877929688,162.97219848632812,3934200
2021-11-11,172.0800018310547,173.27333068847656,170.75,172.86000061035156,166.41876220703125,2283000
2021-11-12,173.4600067138672,175.3766632080078,172.50332641601562,174.5500030517578,168.0458221435547,1970400
2021-11-15,175.85667419433594,175.85667419433594,172.6266632080078,174.4199981689453,167.92068481445312,2318100
2021-11-16,173.63333129882812,177.35333251953125,173.42333984375,177.03334045410156,170.43663024902344,2023200
2021-11-17,177.1233367919922,177.1233367919922,174.94000244140625,175.8000030517578,169.24923706054688,1575600
2021-11-18,178.99667358398438,179.6366729736328,177.03334045410156,178.74000549316406,172.07969665527344,1997100
2021-11-19,178.76666259765625,180.4499969482422,177.8766632080078,179.23666381835938,172.55780029296875,3405900
2021-11-22,180.26666259765625,182.7066650390625,176.39999389648438,176.63999938964844,170.05789184570312,4422600
2021-11-23,176.4499969482422,177.6366729736328,172.97332763671875,175.92999267578125,169.37435913085938,2422800
2021-11-24,174.5500030517578,177.95333862304688,172.80332946777344,177.8633270263672,171.2356719970703,2117100
2021-11-26,174.5066680908203,176.086669921875,171.63999938964844,172.913330078125,166.4700927734375,2448000
2021-11-29,175.47666931152344,179.9600067138672,174.81666564941406,179.55999755859375,172.86911010742188,2412300
2021-11-30,178.85333251953125,180.52999877929688,174.9066619873047,176.413330078125,169.83970642089844,3264300
2021-12-01,179.0,182.16000366210938,174.9933319091797,175.00332641601562,168.48223876953125,3112500
2021-12-02,173.1999969482422,176.47666931152344,171.8766632080078,175.2566680908203,168.7261199951172,3124500
2021-12-03,177.73666381835938,179.49667358398438,172.85000610351562,174.81333923339844,168.29933166503906,2490900
2021-12-06,174.47332763671875,175.1233367919922,169.1266632080078,174.58999633789062,168.0843048095703,2091600
2021-12-07,178.4933319091797,183.75999450683594,178.4933319091797,183.39999389648438,176.5659942626953,2692200
2021-12-08,182.42666625976562,182.586669921875,180.32666015625,182.2066650390625,175.4171905517578,1666500
2021-12-09,181.1300048828125,182.93666076660156,177.86000061035156,178.01666259765625,171.38327026367188,1674000
2021-12-10,181.336669921875,182.1999969482422,177.47332763671875,179.69667053222656,173.0006866455078,2020500
2021-12-13,180.1133270263672,180.19332885742188,174.32000732421875,174.6266632080078,168.39230346679688,2286600
2021-12-14,172.48333740234375,174.70333862304688,171.52333068847656,173.7866668701172,167.582275390625,2888100
2021-12-15,174.13999938964844,180.3300018310547,171.8000030517578,180.1666717529297,173.73452758789062,2344200
2021-12-16,180.89999389648438,181.41000366210938,171.27333068847656,172.30667114257812,166.15513610839844,2797800
2021-12-17,170.61000061035156,174.63999938964844,170.0399932861328,171.89999389648438,165.7629852294922,2702100
2021-12-20,169.39999389648438,171.88333129882812,168.69332885742188,170.55332946777344,164.46437072753906,2145900
2021-12-21,174.39666748046875,176.7899932861328,172.01333618164062,176.7066650390625,170.39804077148438,1624200
2021-12-22,175.79666137695312,178.5433349609375,174.88333129882812,178.5433349609375,172.16915893554688,2134800
2021-12-23,178.89999389648438,181.43666076660156,178.89666748046875,180.27000427246094,173.8341827392578,2100300
2021-12-27,180.92999267578125,185.25,180.8866729736328,185.2100067138672,178.59780883789062,2503500
2021-12-28,186.06666564941406,186.0933380126953,182.32000732421875,183.1666717529297,176.6273956298828,1974900
2021-12-29,183.09666442871094,184.5933380126953,182.32333374023438,183.44667053222656,176.89743041992188,1254900
2021-12-30,183.00332641601562,183.76333618164062,180.7566680908203,181.32000732421875,174.8959503173828,1361700
2021-12-31,181.5066680908203,182.7133331298828,180.75332641601562,180.77333068847656,174.3686065673828,1217400
2022-01-03,181.99000549316406,184.54666137695312,181.27333068847656,184.36666870117188,177.83462524414062,1699800
2022-01-04,185.18666076660156,186.33999633789062,179.3733367919922,183.8000030517578,177.2880859375,3504600
2022-01-05,182.39332580566406,183.9600067138672,177.39666748046875,177.55667114257812,171.2659454345703,3751800
2022-01-06,177.52999877929688,179.77333068847656,175.60667419433594,178.93666076660156,172.5970458984375,2934300
2022-01-07,178.76333618164062,179.4166717529297,173.20333862304688,173.74667358398438,167.5908966064453,2284500
2022-01-10,171.59666442871094,174.18666076660156,168.0,173.80999755859375,167.65196228027344,5377500
2022-01-11,173.22666931152344,177.2866668701172,171.94667053222656,177.0800018310547,170.80615234375,3157200
2022-01-12,178.7899932861328,180.02333068847656,176.60333251953125,178.3800048828125,172.0601043701172,3571500
2022-01-13,181.10667419433594,182.61666870117188,173.77333068847656,174.21665954589844,168.0442352294922,3268800
2022-01-14,172.836669921875,178.55332946777344,172.81333923339844,178.3866729736328,172.06655883789062,3401700
2022-01-18,175.5366668701172,175.55999755859375,170.0399932861328,170.413330078125,164.37567138671875,7686000
2022-01-19,171.79666137695312,172.85333251953125,165.28334045410156,165.39999389648438,159.53994750976562,9931800
2022-01-20,166.67666625976562,168.0,160.0,160.2133331298828,154.53707885742188,8349900
2022-01-21,159.0933380126953,163.61666870117188,157.19667053222656,157.54666137695312,151.96485900878906,13946100
2022-01-24,154.25332641601562,159.64332580566406,148.97666931152344,159.34666442871094,153.70111083984375,15465300
2022-01-25,155.25,157.16000366210938,152.51666259765625,153.39999389648438,147.96511840820312,10710300
2022-01-26,157.7066650390625,162.2566680908203,153.39999389648438,155.7566680908203,150.23829650878906,8508000
2022-01-27,157.29666137695312,157.48666381835938,148.32333374023438,148.82333374023438,143.55059814453125,8400900
2022-01-28,148.70333862304688,151.67666625976562,144.42666625976562,151.67666625976562,146.30282592773438,7173000
2022-01-31,152.43666076660156,160.06666564941406,151.59666442871094,159.82333374023438,154.16087341308594,7846800
2022-02-01,161.3866729736328,161.64666748046875,157.1300048828125,161.15333557128906,155.4437713623047,4068900
2022-02-02,164.41000366210938,165.63999938964844,162.086669921875,165.22332763671875,159.36956787109375,5229000
2022-02-03,161.06666564941406,163.72999572753906,157.42666625976562,158.03334045410156,152.43429565429688,6506400
2022-02-04,157.29666137695312,160.3000030517578,155.1666717529297,158.94000244140625,153.3088836669922,5061300
2022-02-07,159.3333282470703,161.50332641601562,158.25,158.85000610351562,153.22207641601562,3501900
2022-02-08,158.17666625976562,163.19667053222656,157.913330078125,162.86666870117188,157.0963897705078,2941200
2022-02-09,165.01333618164062,168.22999572753906,162.94667053222656,168.2100067138672,162.2504119873047,5061000
2022-02-10,164.10667419433594,169.2933349609375,162.0399932861328,162.96665954589844,157.19284057617188,4614000
2022-02-11,163.24000549316406,164.42666625976562,153.56333923339844,154.67333984375,149.19334411621094,7881900
2022-02-14,155.1999969482422,157.94667053222656,152.8000030517578,154.82000732421875,149.33482360839844,5697300
2022-02-15,158.1699981689453,163.7866668701172,157.75,163.3633270263672,157.575439453125,4881000
2022-02-16,161.35667419433594,164.02333068847656,159.92999267578125,163.4166717529297,157.62693786621094,2713200
2022-02-17,161.24667358398438,161.47000122070312,157.0366668701172,157.27999877929688,151.7076416015625,6003000
2022-02-18,157.35333251953125,157.93333435058594,153.36000061035156,155.52333068847656,150.0132598876953,5866200
2022-02-22,153.8433380126953,158.2866668701172,152.1233367919922,154.57666015625,149.10011291503906,8370000
2022-02-23,156.3699951171875,158.0,150.4066619873047,150.89332580566406,145.54727172851562,6525600
2022-02-24,145.02667236328125,156.663330078125,144.67666625976562,156.413330078125,150.87168884277344,8669100
2022-02-25,156.4066619873047,159.02000427246094,154.19000244140625,159.02000427246094,153.38601684570312,7065000
2022-02-28,156.9499969482422,159.4566650390625,154.8699951171875,158.05332946777344,152.4535675048828,4359300
2022-03-01,157.413330078125,158.3300018310547,150.65333557128906,152.32333374023438,146.92657470703125,4265700
2022-03-02,153.58999633789062,158.26333618164062,153.23333740234375,157.1666717529297,151.5983428955078,2850600
2022-03-03,158.1266632080078,158.17333984375,152.93333435058594,153.8699951171875,148.41842651367188,4177800
2022-03-04,152.3699951171875,153.7133331298828,148.10000610351562,149.7866668701172,144.47982788085938,4443300
2022-03-07,150.23333740234375,151.30332946777344,142.2433319091797,142.27333068847656,137.23268127441406,5869200
2022-03-08,143.2433319091797,150.29666137695312,140.85333251953125,145.0,139.86276245117188,7909500
2022-03-09,149.8800048828125,152.21665954589844,148.17333984375,151.07666015625,145.72413635253906,4699800
2022-03-10,148.40333557128906,148.5500030517578,145.06666564941406,147.97666931152344,142.73391723632812,4805700
2022-03-11,150.1233367919922,150.39999389648438,144.5066680908203,144.8000030517578,139.66983032226562,6524400
2022-03-14,144.36666870117188,145.11666870117188,139.45333862304688,140.1133270263672,135.14918518066406,5683800
2022-03-15,141.51666259765625,146.89999389648438,140.6300048828125,146.55332946777344,141.36102294921875,3980400
2022-03-16,149.0399932861328,154.1233367919922,147.42333984375,154.10000610351562,148.6403045654297,4868700
2022-03-17,152.35333251953125,155.0500030517578,151.17666625976562,155.0500030517578,149.556640625,4133100
2022-03-18,153.97000122070312,158.71665954589844,153.01666259765625,158.07666015625,152.47610473632812,5004600
2022-03-21,157.46665954589844,159.05667114257812,154.94332885742188,157.76333618164062,152.17385864257812,4801500
2022-03-22,157.47666931152344,160.51333618164062,157.32000732421875,158.6366729736328,153.01626586914062,2886600
2022-03-23,157.18666076660156,159.11000061035156,154.59666442871094,154.63999938964844,149.16119384765625,3530400
2022-03-24,155.94000244140625,162.26666259765625,155.3000030517578,162.13999938964844,156.69102478027344,5002500
2022-03-25,161.9600067138672,162.39999389648438,159.08999633789062,161.77333068847656,156.336669921875,3103200
2022-03-28,160.80332946777344,163.02999877929688,158.48666381835938,163.02999877929688,157.55111694335938,2735700
2022-03-29,165.6300048828125,167.02999877929688,163.39999389648438,166.76666259765625,161.16220092773438,3093600
2022-03-30,165.47666931152344,166.06333923339844,160.57666015625,161.43333435058594,156.00808715820312,3269100
2022-03-31,161.31333923339844,162.02999877929688,157.336669921875,157.75999450683594,152.45819091796875,3369300
2022-04-01,158.42666625976562,158.79666137695312,152.39332580566406,154.70333862304688,149.5042724609375,5391900
2022-04-04,155.10667419433594,157.43666076660156,154.52333068847656,157.21665954589844,151.93309020996094,2705100
2022-04-05,155.92999267578125,156.06333923339844,149.5800018310547,149.97999572753906,144.9396514892578,4054800
2022-04-06,146.6666717529297,148.9066619873047,145.0,146.25,141.33502197265625,4836900
2022-04-07,146.0500030517578,147.88333129882812,143.50332641601562,146.57000732421875,141.64427185058594,3511800
2022-04-08,145.35333251953125,145.4066619873047,142.70333862304688,142.93333435058594,138.1298065185547,4500300
2022-04-11,140.82000732421875,142.0,139.67333984375,139.99667358398438,135.29188537597656,4291800
2022-04-12,142.9566650390625,144.01333618164062,138.83999633789062,139.57000732421875,134.8795166015625,5894700
2022-04-13,140.47332763671875,143.55999755859375,139.60667419433594,142.57333374023438,137.78192138671875,3309000
2022-04-14,143.50332641601562,143.5366668701172,138.4499969482422,138.6300048828125,133.97109985351562,5903400
2022-04-18,137.93666076660156,142.27667236328125,137.76666259765625,141.02999877929688,136.29043579101562,3630300
2022-04-19,140.46665954589844,144.42333984375,139.75332641601562,144.1199951171875,139.27659606933594,3036600
2022-04-20,146.39999389648438,147.6699981689453,143.2933349609375,143.8000030517578,138.9673614501953,3826200
2022-04-21,145.57000732421875,147.19000244140625,139.24000549316406,139.9633331298828,135.2596435546875,3600300
2022-04-22,139.7433319091797,140.52000427246094,136.6199951171875,136.85000610351562,132.2509307861328,4569000
2022-04-25,135.73333740234375,139.1999969482422,135.32666015625,139.163330078125,134.4865264892578,6353700
2022-04-26,137.28334045410156,137.52333068847656,132.836669921875,132.9933319091797,128.52389526367188,5844000
2022-04-27,131.52667236328125,135.57333374023438,131.22999572753906,132.26666259765625,127.82161712646484,4350300
2022-04-28,134.92333984375,141.04666137695312,133.22332763671875,139.55667114257812,134.86663818359375,4923300
2022-04-29,137.60000610351562,140.27000427246094,133.2066650390625,133.5933380126953,129.1036834716797,4188300
2022-05-02,133.71665954589844,138.2066650390625,132.6699981689453,138.05332946777344,133.41380310058594,4635300
2022-05-03,137.68666076660156,140.2899932861328,136.72999572753906,139.19667053222656,134.51870727539062,2300100
2022-05-04,140.22999572753906,144.836669921875,135.89999389648438,144.59666442871094,139.7372283935547,4259400
2022-05-05,142.00332641601562,142.21665954589844,135.5433349609375,137.5933380126953,132.9692840576172,4597200
2022-05-06,136.3333282470703,139.40333557128906,133.7933349609375,136.36666870117188,131.7838592529297,3950400
2022-05-09,133.4199981689453,135.04666137695312,128.663330078125,129.42333984375,125.07386016845703,5058600
2022-05-10,133.3300018310547,134.81333923339844,129.47666931152344,132.36666870117188,127.9182357788086,4476600
2022-05-11,131.23666381835938,134.32666015625,128.0833282470703,128.4566650390625,124.13966369628906,5066100
2022-05-12,126.87000274658203,130.31333923339844,125.77666473388672,129.23666381835938,124.89344024658203,5345100
2022-05-13,131.50332641601562,136.78334045410156,130.80667114257812,135.8333282470703,131.2684326171875,4724400
2022-05-16,134.45333862304688,135.8733367919922,133.25999450683594,133.76666259765625,129.27117919921875,2372400
2022-05-17,137.2566680908203,140.6233367919922,136.74000549316406,140.26333618164062,135.54954528808594,3193200
2022-05-18,137.94667053222656,139.8633270263672,132.6266632080078,133.19332885742188,128.7171173095703,3581100
2022-05-19,132.5433349609375,135.7866668701172,131.23333740234375,132.3866729736328,127.9376220703125,3303300
2022-05-20,134.9933319091797,135.00332641601562,126.38999938964844,132.31666564941406,127.86992645263672,4083900
2022-05-23,131.2899932861328,133.24000549316406,130.27667236328125,132.8866729736328,128.42079162597656,3639300
2022-05-24,130.75332641601562,131.19000244140625,128.17333984375,129.64999389648438,125.29288482666016,2865600
2022-05-25,128.77333068847656,133.22332763671875,128.65333557128906,131.98333740234375,127.54779815673828,2512500
2022-05-26,130.74667358398438,137.75332641601562,130.5366668701172,137.13999938964844,132.53115844726562,2966700
2022-05-27,139.30332946777344,143.01666259765625,139.30332946777344,142.77999877929688,137.98162841796875,3165600
2022-05-31,142.53334045410156,143.30667114257812,139.86666870117188,142.04666137695312,137.27294921875,2807100
2022-06-01,142.77000427246094,143.49000549316406,137.86000061035156,139.7933349609375,135.09530639648438,2466000
2022-06-02,139.30667114257812,144.80667114257812,139.0366668701172,144.663330078125,139.80166625976562,2005800
2022-06-03,141.52999877929688,142.3300018310547,139.68666076660156,140.336669921875,135.6204376220703,2065500
2022-06-06,143.2866668701172,143.75999450683594,139.64666748046875,140.5800018310547,135.85557556152344,2241900
2022-06-07,138.91000366210938,142.10333251953125,137.83999633789062,141.70333862304688,136.94114685058594,1866600
2022-06-08,140.92666625976562,141.5,137.63999938964844,138.68666076660156,134.02586364746094,3396000
2022-06-09,137.28334045410156,139.67666625976562,134.5433349609375,134.54666137695312,130.22158813476562,2517000
2022-06-10,132.3333282470703,133.47666931152344,129.49667358398438,129.76666259765625,125.59519958496094,3599100
2022-06-13,125.0,126.6433334350586,121.80999755859375,122.27999877929688,118.3492202758789,4042800
2022-06-14,123.62333679199219,124.17333221435547,121.51667022705078,122.95999908447266,119.00735473632812,2831100
2022-06-15,124.41000366210938,127.27333068847656,122.2699966430664,125.07333374023438,121.05274963378906,3811200
2022-06-16,121.41999816894531,121.5433349609375,116.0566635131836,117.53666687011719,113.75835418701172,3921300
2022-06-17,117.80000305175781,118.86666870117188,115.3066635131836,118.01333618164062,114.21968841552734,3400200
2022-06-21,120.50333404541016,122.92333221435547,120.41666412353516,121.10333251953125,117.21037292480469,2830200
2022-06-22,119.01667022705078,121.55332946777344,118.83999633789062,119.83999633789062,115.9876480102539,4106700
2022-06-23,120.55000305175781,120.65333557128906,117.15333557128906,119.02666473388672,115.20044708251953,2178900
2022-06-24,120.88999938964844,124.30000305175781,120.62666320800781,124.30000305175781,120.30426788330078,3783600
2022-06-27,125.42333221435547,125.73332977294922,123.00666809082031,123.95999908447266,119.97521209716797,2497500
2022-06-28,124.6933364868164,126.14666748046875,120.74666595458984,120.9366683959961,117.04905700683594,3039900
2022-06-29,119.27999877929688,119.41999816894531,116.61666870117188,118.08333587646484,114.28746032714844,3393600
2022-06-30,116.42666625976562,118.86000061035156,114.69999694824219,116.53666687011719,112.79048156738281,3285600
2022-07-01,114.59666442871094,115.21666717529297,110.95999908447266,112.413330078125,108.79969787597656,3875100
2022-07-05,109.56666564941406,113.30000305175781,108.9000015258789,113.30000305175781,109.65787506103516,3391200
2022-07-06,113.41000366210938,115.1866683959961,112.16999816894531,113.85333251953125,110.19342041015625,2672100
2022-07-07,116.52666473388672,119.54666900634766,116.52666473388672,118.94999694824219,115.12625122070312,2866200
2022-07-08,117.22666931152344,120.33333587646484,116.87333679199219,119.51667022705078,115.6747055053711,2334000
2022-07-11,117.7066650390625,118.2933349609375,116.00333404541016,116.76333618164062,113.0098876953125,2490000
2022-07-12,117.52333068847656,118.38666534423828,116.23666381835938,117.08999633789062,113.3260498046875,4494300
2022-07-13,114.69999694824219,118.69000244140625,114.46666717529297,117.75,113.9648208618164,3564600
2022-07-14,117.4366683959961,120.76000213623047,115.72333526611328,120.24666595458984,116.38124084472656,3186900
2022-07-15,122.08333587646484,123.3133316040039,120.16999816894531,123.11666870117188,119.15896606445312,2984100
2022-07-18,125.15666961669922,126.11666870117188,121.9433364868164,122.72333526611328,118.77828979492188,2959200
2022-07-19,124.66000366210938,128.82666015625,124.30332946777344,128.13333129882812,124.01438903808594,3116700
2022-07-20,127.94000244140625,132.02333068847656,127.1500015258789,131.39999389648438,127.17603302001953,4845300
2022-07-21,132.0833282470703,133.63333129882812,130.19667053222656,133.54666137695312,129.2537078857422,2753400
2022-07-22,133.11666870117188,133.17333984375,129.07666015625,130.2566680908203,126.06947326660156,4548000
2022-07-25,129.2566680908203,129.53334045410156,127.2699966430664,129.43333435058594,125.27259063720703,2862900
2022-07-26,128.57333374023438,129.22332763671875,126.80332946777344,127.27666473388672,123.18524169921875,2510400
2022-07-27,129.55999755859375,134.17333984375,129.1699981689453,133.10000610351562,128.82138061523438,3214200
2022-07-28,133.39332580566406,135.02999877929688,130.48666381835938,134.74000549316406,130.4086456298828,3532200
2022-07-29,132.7899932861328,136.1566619873047,132.3333282470703,135.77667236328125,131.41204833984375,3840900
2022-08-01,134.81333923339844,137.47666931152344,133.92666625976562,136.3000030517578,131.9185028076172,3812100
2022-08-02,134.75999450683594,138.10667419433594,134.19000244140625,136.0399932861328,131.66685485839844,2124900
2022-08-03,136.02000427246094,140.0933380126953,135.93333435058594,139.82000732421875,135.32537841796875,2860800
2022-08-04,139.49667358398438,141.25332641601562,139.08999633789062,140.8300018310547,136.30288696289062,1919100
2022-08-05,138.36000061035156,140.93666076660156,137.72666931152344,139.73333740234375,135.24148559570312,3279900
2022-08-08,137.80667114257812,139.336669921875,135.50332641601562,137.6199951171875,133.19606018066406,3061200
2022-08-09,134.44000244140625,134.5800018310547,129.5066680908203,131.31333923339844,127.09213256835938,4368900
2022-08-10,134.81333923339844,137.01666259765625,133.01666259765625,136.76333618164062,132.36695861816406,3456000
2022-08-11,137.92333984375,140.6199951171875,136.2866668701172,136.586669921875,132.19595336914062,2403900
2022-08-12,137.49667358398438,140.9633331298828,136.99667358398438,140.5833282470703,136.0641326904297,2049600
2022-08-15,139.9566650390625,141.5,139.0,141.10667419433594,136.5706787109375,1325100
2022-08-16,140.38333129882812,141.0,138.10333251953125,139.663330078125,135.17373657226562,1566900
2022-08-17,137.52333068847656,137.58999633789062,134.38333129882812,136.2899932861328,131.90884399414062,2640000
2022-08-18,136.66000366210938,140.32666015625,136.1666717529297,139.39666748046875,134.91561889648438,1698900
2022-08-19,137.47666931152344,138.17333984375,134.93666076660156,135.63333129882812,131.2732391357422,2323500
2022-08-22,132.88333129882812,133.13333129882812,129.89666748046875,130.52999877929688,126.33399963378906,2903400
2022-08-23,130.6233367919922,133.17999267578125,130.47332763671875,131.17999267578125,126.96308135986328,2430600
2022-08-24,131.02999877929688,131.9633331298828,129.99000549316406,131.50999450683594,127.28250122070312,1251900
2022-08-25,131.6366729736328,136.49000549316406,131.56333923339844,136.3300018310547,131.9475860595703,2679300
2022-08-26,136.02333068847656,136.33999633789062,128.39332580566406,128.59666442871094,124.46281433105469,2838000
2022-08-29,127.2300033569336,128.70333862304688,125.7933349609375,126.0,121.94961547851562,2575200
2022-08-30,127.3566665649414,127.40666961669922,123.00333404541016,124.53333282470703,120.53010559082031,3212700
2022-08-31,125.08333587646484,125.086669921875,122.15333557128906,123.2300033569336,119.26868438720703,2974800
2022-09-01,120.086669921875,120.95999908447266,117.19667053222656,120.9433364868164,117.0555191040039,4537800
2022-09-02,122.8066635131836,123.663330078125,119.09333038330078,119.61666870117188,115.771484375,3841200
2022-09-06,119.59666442871094,120.25333404541016,117.33000183105469,118.23666381835938,114.43584442138672,2692500
2022-09-07,118.71333312988281,121.25333404541016,117.81666564941406,120.23666381835938,116.37155151367188,1699500
2022-09-08,119.06999969482422,122.72000122070312,118.33333587646484,122.26333618164062,118.33306884765625,2823300
2022-09-09,123.87333679199219,125.84333038330078,123.87333679199219,125.19667053222656,121.1720962524414,2066400
2022-09-12,125.73666381835938,126.43000030517578,124.29666900634766,125.8066635131836,121.76249694824219,2610900
2022-09-13,121.02333068847656,122.0633316040039,117.63666534423828,117.99333190917969,114.20032501220703,4065000
2022-09-14,118.87999725341797,120.16000366210938,117.55332946777344,119.33333587646484,115.49727630615234,2722800
2022-09-15,118.52999877929688,119.91999816894531,116.5566635131836,117.35333251953125,113.5809097290039,2432700
2022-09-16,116.0633316040039,118.18333435058594,115.18000030517578,118.0566635131836,114.26162719726562,3392100
2022-09-19,116.55000305175781,119.30332946777344,116.49666595458984,118.67666625976562,114.86168670654297,2146200
2022-09-20,117.52999877929688,118.0999984741211,116.16999816894531,117.0999984741211,113.3357162475586,2630700
2022-09-21,117.31666564941406,121.11666870117188,115.91666412353516,115.91666412353516,112.19042205810547,3535200
2022-09-22,115.25333404541016,115.73999786376953,112.09666442871094,112.76333618164062,109.13846588134766,2936100
2022-09-23,111.43000030517578,111.7300033569336,109.23666381835938,111.25333404541016,107.67699432373047,3881700
2022-09-26,110.26667022705078,111.96333312988281,108.79666900634766,108.99333190917969,106.06229400634766,2881500
2022-09-27,110.97333526611328,111.78666687011719,108.42666625976562,110.00666809082031,107.04837036132812,2977200
2022-09-28,109.09666442871094,112.00333404541016,108.6433334350586,111.56666564941406,108.56643676757812,4045200
2022-09-29,109.52666473388672,109.73332977294922,106.37000274658203,108.09666442871094,105.18972778320312,3009000
2022-09-30,106.69999694824219,109.45333099365234,106.08000183105469,106.24333190917969,103.38623809814453,2722800
2022-10-03,107.45333099365234,111.14666748046875,106.68333435058594,109.91666412353516,106.96078491210938,3747300
2022-10-04,113.4566650390625,115.20999908447266,113.16666412353516,115.07333374023438,111.9787826538086,3182400
2022-10-05,113.16666412353516,117.1866683959961,112.16000366210938,116.01333618164062,112.89350128173828,2505600
2022-10-06,115.8933334350586,118.02666473388672,115.12000274658203,115.55000305175781,112.44263458251953,2850000
2022-10-07,112.1066665649414,112.42333221435547,107.96666717529297,108.61666870117188,105.69573974609375,3969000
2022-10-10,108.1933364868164,108.32333374023438,103.41999816894531,104.92333221435547,102.10174560546875,4665000
2022-10-11,103.05332946777344,104.01000213623047,100.54000091552734,101.97333526611328,99.23106384277344,4818600
2022-10-12,101.83999633789062,102.37999725341797,100.66000366210938,100.98332977294922,98.26770782470703,3107400
2022-10-13,97.03333282470703,105.80332946777344,95.94000244140625,103.88999938964844,101.09620666503906,4911600
2022-10-14,105.34333038330078,105.34333038330078,99.23666381835938,99.55999755859375,96.88265228271484,3887100
2022-10-17,102.20999908447266,103.06999969482422,100.86666870117188,101.66999816894531,98.9358901977539,3760500
2022-10-18,104.8499984741211,105.53666687011719,100.22000122070312,102.0199966430664,99.2764892578125,3558900
2022-10-19,101.2933349609375,103.64666748046875,100.9800033569336,102.67333221435547,99.91224670410156,3043500
2022-10-20,103.23999786376953,106.46333312988281,102.72333526611328,103.30999755859375,100.53179931640625,3567300
2022-10-21,103.04000091552734,107.41666412353516,102.58999633789062,107.1500015258789,104.26852416992188,3703200
2022-10-24,107.51000213623047,108.08000183105469,105.0999984741211,107.61333465576172,104.71941375732422,3784200
2022-10-25,108.06666564941406,110.80999755859375,107.8933334350586,110.06999969482422,107.1100082397461,2770800
2022-10-26,107.79666900634766,111.57333374023438,107.26667022705078,108.98666381835938,106.05580139160156,4811700
2022-10-27,109.69999694824219,110.7300033569336,106.913330078125,107.05332946777344,104.17445373535156,3589500
2022-10-28,107.25,111.413330078125,106.97333526611328,111.25,108.2582778930664,4192500
2022-10-31,110.24666595458984,110.55332946777344,108.2699966430664,108.82666778564453,105.90010833740234,2394900
2022-11-01,111.01333618164062,111.37666320800781,109.04666900634766,109.70333099365234,106.7531967163086,2810400
2022-11-02,110.39666748046875,112.32666778564453,106.0999984741211,106.23999786376953,103.38301849365234,3193800
2022-11-03,104.25333404541016,106.4433364868164,103.16000366210938,104.81666564941406,101.99793243408203,3752100
2022-11-04,108.59666442871094,109.94667053222656,107.08999633789062,109.66666412353516,106.71752166748047,4601700
2022-11-07,110.68333435058594,112.46666717529297,109.23666381835938,112.03666687011719,109.02378845214844,3548700
2022-11-08,114.13333129882812,115.85333251953125,112.18333435058594,114.50333404541016,111.42411804199219,3901200
2022-11-09,112.5633316040039,113.01000213623047,110.67333221435547,110.84333038330078,107.86254119873047,3578700
2022-11-10,117.18333435058594,122.61666870117188,116.2066650390625,122.3133316040039,119.02408599853516,5347500
2022-11-11,122.91000366210938,126.79666900634766,121.50333404541016,126.0566635131836,122.66675567626953,6114000
2022-11-14,125.37333679199219,127.12666320800781,124.63333129882812,124.67666625976562,121.3238754272461,3683100
2022-11-15,129.8433380126953,130.19667053222656,126.55000305175781,128.2899932861328,124.84003448486328,4897800
2022-11-16,125.36666870117188,125.61666870117188,122.21666717529297,122.99333190917969,119.685791015625,4775700
2022-11-17,120.44000244140625,124.51000213623047,120.22333526611328,123.9566650390625,120.62322998046875,3961500
2022-11-18,126.02999877929688,126.0566635131836,122.88999938964844,124.23332977294922,120.89244842529297,3105300
2022-11-21,122.87999725341797,123.31999969482422,121.78666687011719,122.17333221435547,118.88786315917969,1815000
2022-11-22,123.22000122070312,125.91000366210938,122.1866683959961,125.8133316040039,122.42997741699219,3290700
2022-11-23,125.68000030517578,128.55999755859375,125.663330078125,127.33333587646484,123.90909576416016,3905400
2022-11-25,126.5566635131836,127.0,125.63666534423828,125.63666534423828,122.25804901123047,1164000
2022-11-28,124.07666778564453,125.38999938964844,121.6500015258789,122.49666595458984,119.2024917602539,3197700
2022-11-29,122.86333465576172,123.55332946777344,121.27666473388672,122.02333068847656,118.74188232421875,1828200
2022-11-30,122.4800033569336,129.43333435058594,121.33999633789062,129.3433380126953,125.86503601074219,4166100
2022-12-01,130.11000061035156,130.2433319091797,126.62333679199219,128.413330078125,124.96006774902344,4130700
2022-12-02,125.1933364868164,127.163330078125,124.55332946777344,126.96333312988281,123.54903411865234,3110400
2022-12-05,126.0999984741211,127.31666564941406,124.22333526611328,125.3566665649414,121.98558807373047,2709300
2022-12-06,125.34333038330078,125.47333526611328,121.4800033569336,122.72000122070312,119.4198226928711,2182200
2022-12-07,121.41000366210938,123.31666564941406,121.18000030517578,122.4566650390625,119.16355895996094,2111400
2022-12-08,123.20333099365234,126.086669921875,122.38333129882812,125.99666595458984,122.60836791992188,2694300
2022-12-09,125.44000244140625,127.03666687011719,124.38333129882812,124.83000183105469,121.47308349609375,1749000
2022-12-12,124.21666717529297,127.17666625976562,123.58000183105469,127.04000091552734,123.62364196777344,2178900
2022-12-13,132.40333557128906,132.97999572753906,127.25,128.8633270263672,125.74834442138672,4521000
2022-12-14,128.5500030517578,130.08999633789062,125.44667053222656,126.93000030517578,123.86174774169922,3972000
2022-12-15,124.26333618164062,124.80332946777344,121.3933334350586,121.55999755859375,118.62156677246094,3881100
2022-12-16,120.913330078125,121.96333312988281,119.44999694824219,120.63999938964844,117.72380065917969,2465700
2022-12-19,120.51333618164062,120.79000091552734,117.91666412353516,119.14666748046875,116.26656341552734,2231700
2022-12-20,117.66000366210938,119.50666809082031,117.3933334350586,118.41999816894531,115.55744934082031,2275500
2022-12-21,119.24666595458984,121.48666381835938,119.01667022705078,121.086669921875,118.15966033935547,2291700
2022-12-22,118.73332977294922,118.92333221435547,113.74666595458984,116.1933364868164,113.3846206665039,5403300
2022-12-23,115.1866683959961,116.29666900634766,114.01333618164062,116.2933349609375,113.48220825195312,2571900
2022-12-27,115.37000274658203,115.47666931152344,113.66666412353516,114.1933364868164,111.4329605102539,3494400
2022-12-28,113.4566650390625,114.84666442871094,112.05000305175781,112.51000213623047,109.7903060913086,2682000
2022-12-29,114.34333038330078,116.63999938964844,113.91999816894531,116.0999984741211,113.29354858398438,3263100
2022-12-30,114.44000244140625,116.1866683959961,113.61333465576172,115.99333190917969,113.18944549560547,2010000
2023-01-03,117.9566650390625,118.16666412353516,114.16666412353516,114.86333465576172,112.0867691040039,2844600
2023-01-04,117.05000305175781,118.47333526611328,115.69999694824219,117.81999969482422,114.97196960449219,3257100
2023-01-05,116.65666961669922,117.48666381835938,115.6433334350586,115.83333587646484,113.03333282470703,2671800
2023-01-06,117.4000015258789,121.86000061035156,115.8133316040039,121.22333526611328,118.29303741455078,4898400
2023-01-09,123.44667053222656,126.26333618164062,122.66000366210938,123.4566650390625,120.47237396240234,4581300
2023-01-10,123.03333282470703,125.22333526611328,122.3933334350586,125.05332946777344,122.03045654296875,2825400
2023-01-11,125.12999725341797,126.72000122070312,124.07666778564453,126.66666412353516,123.60478210449219,2682000
2023-01-12,127.3499984741211,128.97999572753906,124.72000122070312,128.2066650390625,125.1075439453125,3324000
2023-01-13,126.5433349609375,128.75,126.38666534423828,128.73666381835938,125.62472534179688,2079000
2023-01-17,128.29666137695312,130.18666076660156,127.6933364868164,128.88333129882812,125.7678451538086,3017400
2023-01-18,130.32666015625,131.2433319091797,128.16000366210938,128.2066650390625,125.1075439453125,3512700
2023-01-19,127.06666564941406,127.13333129882812,124.2066650390625,124.61000061035156,121.59783172607422,3775200
2023-01-20,125.94999694824219,128.58999633789062,124.66999816894531,128.50999450683594,125.40354919433594,3352500
2023-01-23,129.7100067138672,135.413330078125,129.50332641601562,134.9633331298828,131.7008819580078,5726700
2023-01-24,133.31666564941406,135.1999969482422,133.13333129882812,133.94332885742188,130.70553588867188,2370300
2023-01-25,131.586669921875,134.54666137695312,130.57666015625,134.30667114257812,131.06008911132812,3301200
2023-01-26,135.84666442871094,136.7433319091797,133.60000610351562,136.57000732421875,133.2687225341797,3896700
2023-01-27,134.2100067138672,136.8733367919922,133.8633270263672,135.6999969482422,132.4197540283203,4289700
2023-01-30,133.85000610351562,134.66000366210938,131.99000549316406,132.09666442871094,128.9035186767578,4384500
2023-01-31,131.8433380126953,134.6233367919922,131.71665954589844,134.55999755859375,131.30731201171875,3104100
2023-02-01,135.22666931152344,143.0066680908203,135.10667419433594,141.57666015625,138.15435791015625,7244100
2023-02-02,143.02667236328125,146.0366668701172,142.2133331298828,144.85667419433594,141.3550567626953,7456200
2023-02-03,141.6366729736328,145.2933349609375,141.27667236328125,142.02999877929688,138.59674072265625,5555400
2023-02-06,139.80999755859375,141.8733367919922,139.09666442871094,139.72332763671875,136.3458251953125,2496300
2023-02-07,140.26333618164062,144.85667419433594,139.91000366210938,144.1666717529297,140.6817626953125,3285300
2023-02-08,143.2066650390625,144.38333129882812,140.73666381835938,141.06666564941406,137.65667724609375,3522000
2023-02-09,143.57666015625,145.18666076660156,140.3800048828125,141.42666625976562,138.0080108642578,3015600
2023-02-10,139.97999572753906,140.3866729736328,137.663330078125,139.17666625976562,135.81234741210938,2947800
2023-02-13,139.8333282470703,141.6300048828125,138.6133270263672,141.22332763671875,137.80953979492188,2122500
2023-02-14,139.97666931152344,144.22000122070312,138.92666625976562,143.7866668701172,140.31089782714844,3252000
2023-02-15,142.2899932861328,144.44667053222656,141.24000549316406,144.3733367919922,140.88343811035156,2143500
2023-02-16,141.77333068847656,143.25999450683594,140.60333251953125,140.8333282470703,137.4290008544922,3444900
2023-02-17,140.0,140.41000366210938,137.38333129882812,138.63999938964844,135.28866577148438,3064200
2023-02-21,136.48333740234375,138.0933380126953,133.88999938964844,134.14999389648438,130.90721130371094,2208600
2023-02-22,134.4633331298828,135.47000122070312,132.6999969482422,133.5066680908203,130.27943420410156,2285700
2023-02-23,138.0,138.55332946777344,135.19000244140625,137.89666748046875,134.56332397460938,4617000
2023-02-24,135.4499969482422,136.13999938964844,134.41000366210938,135.42666625976562,132.15301513671875,2842200
2023-02-27,137.69000244140625,137.7100067138672,136.0933380126953,136.14332580566406,132.8523712158203,2040900
2023-02-28,135.82666015625,138.4566650390625,135.53334045410156,136.61000061035156,133.3077392578125,1582500
2023-03-01,137.1133270263672,138.31333923339844,136.10667419433594,136.64666748046875,133.3435516357422,1922400
2023-03-02,134.52000427246094,138.39666748046875,133.47666931152344,137.74000549316406,134.41043090820312,3108300
2023-03-03,137.7100067138672,140.01666259765625,136.67333984375,139.8633270263672,136.482421875,2408700
2023-03-06,140.25332641601562,141.4600067138672,137.9066619873047,138.23666381835938,134.89508056640625,2177100
2023-03-07,138.38333129882812,138.96665954589844,136.22999572753906,136.77999877929688,133.47361755371094,1899000
2023-03-08,137.3300018310547,140.57000732421875,137.3300018310547,140.4166717529297,137.02239990234375,2088300
2023-03-09,140.23666381835938,142.41000366210938,137.4166717529297,137.6266632080078,134.29981994628906,3889800
2023-03-10,138.36666870117188,138.72332763671875,134.32666015625,134.96665954589844,131.70413208007812,3320700
2023-03-13,133.55667114257812,136.6666717529297,132.16000366210938,135.0066680908203,131.74317932128906,3512700
2023-03-14,137.36000061035156,139.81333923339844,136.7066650390625,138.95333862304688,135.5944366455078,2743200
2023-03-15,136.96665954589844,137.64666748046875,134.42999267578125,137.3333282470703,134.0135955810547,3527100
2023-03-16,136.73333740234375,143.00999450683594,136.1366729736328,142.69667053222656,139.24728393554688,3730200
2023-03-17,142.97000122070312,144.07666015625,141.0399932861328,141.81333923339844,138.38531494140625,2828400
2023-03-20,142.08999633789062,143.77333068847656,140.9166717529297,143.31333923339844,139.8490447998047,2155800
2023-03-21,144.47999572753906,146.0,141.46665954589844,143.59666442871094,140.12554931640625,2899500
2023-03-22,143.60000610351562,147.4166717529297,142.13333129882812,142.1699981689453,138.73338317871094,3313200
2023-03-23,144.27667236328125,147.6300048828125,143.13333129882812,145.67666625976562,142.51344299316406,4039800
2023-03-24,144.49667358398438,144.88999938964844,141.6999969482422,143.14999389648438,140.04164123535156,3120600
2023-03-27,143.6666717529297,144.10667419433594,140.97332763671875,141.47000122070312,138.3981475830078,1806300
2023-03-28,141.14332580566406,141.25999450683594,138.27000427246094,140.41000366210938,137.36114501953125,2737500
2023-03-29,142.75332641601562,145.93333435058594,142.48666381835938,144.92333984375,141.77647399902344,3140400
2023-03-30,146.75999450683594,148.27333068847656,146.26666259765625,147.30999755859375,144.111328125,2602200
2023-03-31,146.19000244140625,148.44667053222656,145.95333862304688,148.22332763671875,145.00477600097656,2151000
2023-04-03,147.35667419433594,147.9166717529297,145.1266632080078,146.94332885742188,143.75259399414062,1876800
2023-04-04,147.2100067138672,147.25332641601562,143.39666748046875,144.20333862304688,141.07212829589844,2324100
2023-04-05,142.663330078125,142.78334045410156,140.2066650390625,141.70333862304688,138.62640380859375,3343800
2023-04-06,140.41000366210938,142.01333618164062,139.32333374023438,140.97332763671875,137.9122772216797,1894800
2023-04-10,139.75999450683594,143.56333923339844,139.5366668701172,143.4633331298828,140.34820556640625,1927200
2023-04-11,144.2566680908203,144.35667419433594,142.43666076660156,142.7100067138672,139.61122131347656,1823100
2023-04-12,144.1233367919922,144.1666717529297,139.9633331298828,140.10000610351562,137.05789184570312,2598900
2023-04-13,140.4166717529297,142.0833282470703,139.2933349609375,141.25332641601562,138.1861572265625,3013500
2023-04-14,141.1199951171875,142.82666015625,139.49667358398438,141.03334045410156,137.97096252441406,1963500
2023-04-17,139.51666259765625,141.1233367919922,139.09666442871094,141.03334045410156,137.97096252441406,2206500
2023-04-18,142.13333129882812,143.36000061035156,140.57000732421875,141.64332580566406,138.56771850585938,2765100
2023-04-19,139.76333618164062,140.42999267578125,139.23666381835938,140.0933380126953,137.0513458251953,1264500
2023-04-20,138.69000244140625,142.06333923339844,138.5500030517578,139.9633331298828,136.92416381835938,2391900
2023-04-21,139.47999572753906,139.47999572753906,137.7133331298828,138.93666076660156,135.9197998046875,2157600
2023-04-24,138.68666076660156,139.47666931152344,137.3800048828125,138.31333923339844,135.31002807617188,2074800
2023-04-25,137.48666381835938,137.5,133.5800018310547,133.6666717529297,130.76422119140625,2482500
2023-04-26,135.05667114257812,135.7566680908203,133.69332885742188,134.3800048828125,131.46209716796875,1926300
2023-04-27,134.2066650390625,135.11666870117188,131.52999877929688,134.94667053222656,132.01646423339844,3116700
2023-04-28,135.57333374023438,137.413330078125,134.97332763671875,137.3800048828125,134.39694213867188,2359200
2023-05-01,137.92999267578125,139.02667236328125,137.57000732421875,138.6233367919922,135.61328125,1803900
2023-05-02,138.67666625976562,139.46665954589844,136.2899932861328,137.63333129882812,134.64479064941406,2115600
2023-05-03,136.86000061035156,138.50999450683594,135.95333862304688,136.05332946777344,133.09912109375,2525400
2023-05-04,134.97666931152344,136.45333862304688,134.07666015625,135.2899932861328,132.352294921875,2102700
2023-05-05,135.4566650390625,138.8800048828125,134.77333068847656,138.3000030517578,135.29696655273438,1619400
2023-05-08,138.14666748046875,138.97999572753906,137.0,138.88333129882812,135.86764526367188,1365300
2023-05-09,136.91000366210938,137.0933380126953,135.9633331298828,136.52000427246094,133.55560302734375,2348400
2023-05-10,138.05332946777344,138.8866729736328,136.57666015625,137.91000366210938,134.9154052734375,2766600
2023-05-11,137.9499969482422,138.24667358398438,135.7066650390625,137.0066680908203,134.0316925048828,1854600
2023-05-12,137.49667358398438,138.06666564941406,135.58999633789062,136.8800048828125,133.9077911376953,1383300
2023-05-15,137.27000427246094,140.6233367919922,136.86666870117188,140.59666442871094,137.5437774658203,1799100
2023-05-16,140.13999938964844,141.92999267578125,140.13999938964844,140.3333282470703,137.28614807128906,2047500
2023-05-17,141.61666870117188,144.35333251953125,140.72999572753906,143.8000030517578,140.67755126953125,1986000
2023-05-18,144.44000244140625,148.70333862304688,144.3333282470703,148.3433380126953,145.12222290039062,3429300
2023-05-19,147.91000366210938,148.24667358398438,146.6566619873047,147.5800018310547,144.37545776367188,2877600
2023-05-22,146.25,148.47999572753906,146.18666076660156,148.08999633789062,144.87437438964844,2299800
2023-05-23,147.09666442871094,148.06666564941406,145.93666076660156,146.25999450683594,143.0841064453125,1553100
2023-05-24,143.31666564941406,144.2433319091797,142.1266632080078,143.64332580566406,140.5242462158203,4341000
2023-05-25,150.24667358398438,153.8000030517578,148.61666870117188,153.2100067138672,149.88319396972656,12973800
2023-05-26,155.54666137695312,164.06333923339844,155.4933319091797,163.22332763671875,159.67909240722656,8010900
2023-05-30,167.0,167.67333984375,162.42333984375,163.086669921875,159.54542541503906,7862700
2023-05-31,160.3300018310547,162.5366668701172,158.82666015625,158.89999389648438,155.4496307373047,5358600
2023-06-01,159.8699951171875,163.01333618164062,158.23333740234375,161.63333129882812,158.12364196777344,7343700
2023-06-02,162.86666870117188,163.3333282470703,160.0800018310547,161.25332641601562,157.75186157226562,3318900
2023-06-05,160.663330078125,160.75332641601562,157.94332885742188,158.7566680908203,155.3094024658203,2710800
2023-06-06,157.6366729736328,161.45333862304688,157.39666748046875,160.67333984375,157.18447875976562,3235500
2023-06-07,161.51666259765625,163.7899932861328,159.85667419433594,160.22000122070312,156.95297241210938,3906300
2023-06-08,160.69000244140625,162.25999450683594,159.8633270263672,161.86000061035156,158.5595245361328,2724900
2023-06-09,163.69332885742188,164.80332946777344,161.52333068847656,162.2866668701172,158.9774932861328,2519400
2023-06-12,164.19000244140625,167.67333984375,163.99000549316406,167.51333618164062,164.0975799560547,2638500
2023-06-13,170.2066650390625,170.85667419433594,167.82666015625,169.7566680908203,166.29519653320312,4164300
2023-06-14,169.1233367919922,172.25,168.1366729736328,172.1666717529297,168.6560516357422,8500500
2023-06-15,170.18333435058594,172.00332641601562,169.52000427246094,170.7433319091797,167.26171875,6561300
2023-06-16,172.4633331298828,172.47999572753906,168.92333984375,169.1666717529297,165.71717834472656,4956300
2023-06-20,168.38999938964844,169.8699951171875,166.32000732421875,167.79666137695312,164.37513732910156,2024400
2023-06-21,166.7433319091797,167.57666015625,163.51666259765625,163.7066650390625,160.36854553222656,4128300
2023-06-22,162.5933380126953,165.15333557128906,162.3699951171875,164.47000122070312,161.1162872314453,3656400
2023-06-23,161.82000732421875,162.60000610351562,160.836669921875,161.57333374023438,158.27870178222656,2057400
2023-06-26,162.7066650390625,165.20333862304688,162.08999633789062,162.09666442871094,158.79136657714844,2434800
2023-06-27,162.6666717529297,168.0433349609375,162.0500030517578,167.75999450683594,164.33920288085938,2763600
2023-06-28,165.05332946777344,167.8766632080078,164.8733367919922,166.46665954589844,163.07225036621094,2912400
2023-06-29,167.14332580566406,167.25999450683594,165.13333129882812,166.51333618164062,163.1179962158203,1674600
2023-06-30,168.34666442871094,169.76333618164062,167.74667358398438,169.086669921875,165.6388397216797,1618200
2023-07-03,169.8633270263672,171.0,168.71665954589844,170.58999633789062,167.11154174804688,809400
2023-07-05,169.4499969482422,169.8000030517578,166.76666259765625,166.82000732421875,163.4184112548828,2821800
2023-07-06,163.98666381835938,164.9933319091797,162.63999938964844,164.71665954589844,161.3579559326172,3454200
2023-07-07,165.02667236328125,167.4066619873047,164.52000427246094,164.7866668701172,161.426513671875,1824300
2023-07-10,165.30332946777344,168.3633270263672,165.1366729736328,168.21665954589844,164.78659057617188,1833600
2023-07-11,168.8000030517578,169.10667419433594,165.79666137695312,168.22332763671875,164.7930908203125,2370300
2023-07-12,170.6566619873047,171.6666717529297,169.69332885742188,171.35667419433594,167.86256408691406,4269300
2023-07-13,173.17333984375,175.2933349609375,172.5066680908203,174.89666748046875,171.3303680419922,2791200
2023-07-14,174.9166717529297,176.48333740234375,171.99667358398438,172.7100067138672,169.1882781982422,5124900
2023-07-17,172.77333068847656,177.71665954589844,171.7100067138672,176.8433380126953,173.2373504638672,2926200
2023-07-18,176.0833282470703,177.75332641601562,174.70333862304688,177.1699981689453,173.55735778808594,2669400
2023-07-19,177.39999389648438,177.52667236328125,174.6300048828125,175.06666564941406,171.4968719482422,2483400
2023-07-20,171.94332885742188,172.5399932861328,167.93333435058594,168.6999969482422,165.2600555419922,5085600
2023-07-21,170.5366668701172,171.81333923339844,169.27000427246094,170.22332763671875,166.7523193359375,2527800
2023-07-24,170.22000122070312,171.42666625976562,169.3333282470703,170.21665954589844,166.7457733154297,1544400
2023-07-25,171.1999969482422,174.11000061035156,171.1999969482422,173.0800018310547,169.55075073242188,1869300
2023-07-26,170.9199981689453,172.13333129882812,168.82333374023438,170.69000244140625,167.20947265625,2618700
2023-07-27,175.1300048828125,177.5366668701172,172.92666625976562,173.89999389648438,170.35401916503906,3826500
2023-07-28,177.2133331298828,178.3000030517578,175.47999572753906,177.69667053222656,174.07327270507812,2821500
2023-07-31,178.34666442871094,178.9600067138672,177.3300018310547,178.43333435058594,174.794921875,1628400
2023-08-01,176.8000030517578,178.92333984375,176.25332641601562,178.54666137695312,174.9059295654297,1343400
2023-08-02,176.27999877929688,176.32666015625,170.69000244140625,171.7133331298828,168.2119598388672,4657800
2023-08-03,169.6566619873047,172.50999450683594,169.02333068847656,171.27333068847656,167.78089904785156,4354800
2023-08-04,170.65333557128906,173.3800048828125,169.1199951171875,171.00332641601562,167.5164031982422,4139400
2023-08-07,172.23333740234375,173.02333068847656,171.18666076660156,172.80332946777344,169.2797088623047,2262900
2023-08-08,170.10333251953125,170.24667358398438,167.77333068847656,170.05332946777344,166.58578491210938,2767500
2023-08-09,169.93666076660156,170.00332641601562,166.59666442871094,166.93333435058594,163.52938842773438,3228000
2023-08-10,168.26666259765625,170.05332946777344,165.1300048828125,166.25999450683594,162.8697967529297,3831600
2023-08-11,164.22000122070312,164.3333282470703,161.93666076660156,162.22999572753906,158.9219970703125,3882000
2023-08-14,161.60667419433594,166.9499969482422,161.0500030517578,166.91000366210938,163.5065460205078,3127200
2023-08-15,166.04666137695312,166.5800018310547,163.93333435058594,164.1233367919922,160.77670288085938,2276700
2023-08-16,163.94667053222656,164.11000061035156,160.82000732421875,160.94667053222656,157.6648406982422,2840100
2023-08-17,161.24667358398438,161.61000061035156,158.8699951171875,159.3733367919922,156.12356567382812,2624400
2023-08-18,157.6366729736328,160.80332946777344,157.30667114257812,160.22999572753906,156.96278381347656,2315700
2023-08-21,160.98666381835938,165.07666015625,160.72999572753906,164.8333282470703,161.4722137451172,2757900
2023-08-22,166.85000610351562,167.05332946777344,162.82333374023438,163.3800048828125,160.04852294921875,2055300
2023-08-23,162.43666076660156,167.30667114257812,162.25332641601562,166.72000122070312,163.32041931152344,3027300
2023-08-24,169.86666870117188,169.9566650390625,160.8433380126953,161.2100067138672,157.92279052734375,4848600
2023-08-25,161.1699981689453,163.2899932861328,158.6666717529297,161.90333557128906,158.6019744873047,3435900
2023-08-28,163.49667358398438,164.4066619873047,162.28334045410156,163.95333862304688,160.61021423339844,1689300
2023-08-29,163.13333129882812,168.81333923339844,162.89666748046875,168.25999450683594,164.8290252685547,2730000
2023-08-30,167.7566680908203,169.74667358398438,166.55667114257812,169.05332946777344,165.60621643066406,3073800
2023-08-31,168.44332885742188,171.20333862304688,168.44332885742188,170.22332763671875,166.7523193359375,2109000
2023-09-01,171.36000061035156,171.75,169.43333435058594,170.6666717529297,167.18661499023438,1891200
2023-09-05,170.06333923339844,171.94667053222656,169.14999389648438,170.61000061035156,167.131103515625,1871100
2023-09-06,170.13333129882812,171.25999450683594,167.47332763671875,169.3766632080078,165.9228973388672,2008200
2023-09-07,165.49000549316406,165.97332763671875,163.413330078125,165.5,162.1252899169922,3877500
2023-09-08,165.14999389648438,166.35000610351562,163.9566650390625,164.64332580566406,161.28610229492188,1333800
2023-09-11,166.7100067138672,166.74000549316406,162.3300018310547,164.5500030517578,161.19468688964844,1422900
2023-09-12,163.4633331298828,165.93666076660156,163.0366668701172,163.15333557128906,159.8264923095703,1720500
2023-09-13,163.10667419433594,165.64666748046875,162.93333435058594,163.99000549316406,160.6461181640625,2927700
2023-09-14,165.5800018310547,165.85667419433594,163.60000610351562,165.163330078125,161.79550170898438,2022000
2023-09-15,164.18333435058594,164.18333435058594,159.5833282470703,160.39666748046875,157.12603759765625,2901000
2023-09-18,159.1666717529297,161.53334045410156,158.8433380126953,160.94332885742188,157.66152954101562,1722600
2023-09-19,160.4633331298828,160.5500030517578,158.73666381835938,159.586669921875,156.3325653076172,1553700
2023-09-20,160.31333923339844,160.98666381835938,156.913330078125,156.96665954589844,153.7659454345703,2122800
2023-09-21,155.0933380126953,156.0800018310547,154.0,154.07000732421875,150.92837524414062,2532900
2023-09-22,155.5366668701172,156.90333557128906,154.7433319091797,155.35333251953125,152.18553161621094,2395500
2023-09-25,154.6266632080078,156.63333129882812,153.91000366210938,156.49000549316406,153.29904174804688,1587600
2023-09-26,154.6666717529297,155.05999755859375,152.42333984375,153.10333251953125,150.5155487060547,2349000
2023-09-27,154.35667419433594,155.61666870117188,152.1566619873047,154.45333862304688,151.84275817871094,2727300
2023-09-28,154.13333129882812,158.97332763671875,153.49667358398438,157.31333923339844,154.6543731689453,3674400
2023-09-29,159.58999633789062,160.1666717529297,157.39666748046875,157.88333129882812,155.21475219726562,2802600
2023-10-02,158.22666931152344,159.92999267578125,156.7566680908203,158.67999267578125,155.99794006347656,2466600
2023-10-03,157.20333862304688,159.41000366210938,154.3000030517578,155.39666748046875,152.77011108398438,2685900
2023-10-04,156.15333557128906,157.93333435058594,155.01333618164062,157.4600067138672,154.79856872558594,3280200
2023-10-05,157.5,158.10667419433594,155.25,156.69667053222656,154.0481414794922,1902300
2023-10-06,155.88999938964844,160.8433380126953,154.86000061035156,160.06333923339844,157.35791015625,3818700
2023-10-09,158.3866729736328,160.1133270263672,157.1699981689453,159.663330078125,156.9646759033203,2082000
2023-10-10,160.16000366210938,163.14999389648438,159.5,161.7100067138672,158.97674560546875,1863300
2023-10-11,162.26333618164062,163.2566680908203,160.99000549316406,162.92666625976562,160.1728515625,2983200
2023-10-12,163.19667053222656,165.68666076660156,161.77000427246094,163.3433380126953,160.5824432373047,3051600
2023-10-13,163.6699981689453,163.86000061035156,158.58999633789062,158.89666748046875,156.21096801757812,2544900
2023-10-16,159.43333435058594,161.7433319091797,159.27667236328125,161.14666748046875,158.4229278564453,1732500
2023-10-17,157.92999267578125,161.11000061035156,156.11000061035156,159.97000122070312,157.26614379882812,2450100
2023-10-18,157.23666381835938,158.43333435058594,156.2566680908203,157.086669921875,154.4315643310547,2865900
2023-10-19,158.51666259765625,158.94332885742188,154.11000061035156,154.6666717529297,152.05247497558594,4398300
2023-10-20,154.6566619873047,155.74667358398438,152.15333557128906,152.42999267578125,149.85362243652344,3013200
2023-10-23,151.52667236328125,154.17333984375,149.9166717529297,151.56333923339844,149.00161743164062,2846100
2023-10-24,152.48666381835938,153.9199981689453,151.77000427246094,153.6199951171875,151.0234832763672,2233500
2023-10-25,151.58999633789062,152.10000610351562,146.6366729736328,147.41000366210938,144.91847229003906,3244200
2023-10-26,148.06333923339844,149.79666137695312,145.8699951171875,146.53334045410156,144.05657958984375,4508100
2023-10-27,148.6133270263672,149.50999450683594,147.43333435058594,148.11000061035156,145.60659790039062,2436900
2023-10-30,147.05332946777344,147.99667358398438,144.5399932861328,146.1266632080078,143.6568145751953,2743200
2023-10-31,146.25332641601562,147.8433380126953,144.40333557128906,147.4633331298828,144.9708709716797,1911600
2023-11-01,147.47999572753906,151.07000732421875,147.47999572753906,150.93333435058594,148.38223266601562,3542100
2023-11-02,153.92999267578125,155.46665954589844,152.35333251953125,154.3633270263672,151.75424194335938,2726700
2023-11-03,156.07333374023438,159.57000732421875,155.78334045410156,158.4199981689453,155.7423553466797,2326800
2023-11-06,158.67666625976562,159.11666870117188,156.6300048828125,158.1266632080078,155.4539794921875,1740000
2023-11-07,157.77999877929688,159.8300018310547,157.5366668701172,159.13333129882812,156.44363403320312,1556400
2023-11-08,159.28334045410156,160.0399932861328,158.19332885742188,159.2933349609375,156.60093688964844,2233800
2023-11-09,160.3333282470703,162.24000549316406,158.2100067138672,158.52999877929688,155.85047912597656,2383200
2023-11-10,160.51666259765625,165.43666076660156,159.85333251953125,164.92333984375,162.13577270507812,2229000
2023-11-13,163.6266632080078,163.8766632080078,162.25332641601562,163.31666564941406,160.5562744140625,1956000
2023-11-14,167.44667053222656,169.86000061035156,167.1566619873047,169.35667419433594,166.49417114257812,2765100
2023-11-15,170.41000366210938,171.86000061035156,169.3000030517578,170.586669921875,167.70339965820312,5104800
2023-11-16,169.8699951171875,171.17666625976562,169.29666137695312,170.6699981689453,167.78529357910156,2275500
2023-11-17,170.13999938964844,172.20333862304688,169.86000061035156,171.8699951171875,168.9650115966797,1815300
2023-11-20,171.68333435058594,175.0,171.6266632080078,174.40333557128906,171.45553588867188,1482000
2023-11-21,172.97332763671875,172.97332763671875,170.26333618164062,171.14332580566406,168.25064086914062,3018600
2023-11-22,172.2866668701172,174.40333557128906,171.2100067138672,171.69000244140625,168.78807067871094,2044200
2023-11-24,171.67999267578125,172.0066680908203,171.07666015625,171.81333923339844,168.9093017578125,516600
2023-11-27,171.17666625976562,173.02999877929688,170.75,171.57333374023438,168.6733856201172,1816800
2023-11-28,170.58999633789062,171.47332763671875,169.1999969482422,170.57000732421875,167.68699645996094,1852200
2023-11-29,172.98666381835938,175.00999450683594,172.1300048828125,172.4199981689453,169.50572204589844,3665700
2023-11-30,172.69000244140625,172.8633270263672,169.836669921875,171.21665954589844,168.32272338867188,2419500
2023-12-01,170.3300018310547,172.33999633789062,169.0,172.02000427246094,169.11248779296875,1719600
2023-12-04,170.26666259765625,170.44000244140625,167.63999938964844,170.0933380126953,167.21839904785156,1810500
2023-12-05,168.4633331298828,169.57666015625,167.72332763671875,169.1266632080078,166.26805114746094,2568300
2023-12-06,171.5833282470703,171.67999267578125,167.8866729736328,168.0833282470703,165.24237060546875,2683500
2023-12-07,169.6666717529297,173.1233367919922,168.99000549316406,172.58999633789062,169.67283630371094,1916700
2023-12-08,172.18333435058594,174.7133331298828,172.11000061035156,173.95333862304688,171.0131378173828,4207200
2023-12-11,175.5833282470703,180.44667053222656,175.39666748046875,179.8866729736328,176.84620666503906,3977100
2023-12-12,178.97999572753906,181.2100067138672,178.663330078125,181.18333435058594,178.12094116210938,2226600
2023-12-13,181.2100067138672,185.02333068847656,180.5366668701172,183.97332763671875,180.86375427246094,5724900
2023-12-14,185.4600067138672,189.60667419433594,185.4600067138672,189.07333374023438,185.87759399414062,3372300
2023-12-15,189.6266632080078,191.91000366210938,189.36666870117188,189.77667236328125,186.56903076171875,3956100
2023-12-18,189.77333068847656,190.086669921875,187.52667236328125,189.25,186.0512237548828,2272200
2023-12-19,189.52000427246094,190.64332580566406,189.27999877929688,190.25999450683594,187.04417419433594,1910100
2023-12-20,188.46665954589844,189.56333923339844,184.2566680908203,184.2566680908203,181.4994354248047,3355800
2023-12-21,188.24000549316406,189.70333862304688,187.3633270263672,189.35667419433594,186.52313232421875,2589300
2023-12-22,190.25999450683594,191.10000610351562,188.61000061035156,189.9633331298828,187.12069702148438,2363400
2023-12-26,190.8333282470703,194.086669921875,190.8333282470703,193.32000732421875,190.42713928222656,1906500
2023-12-27,194.20333862304688,194.53334045410156,192.74667358398438,193.81666564941406,190.9163818359375,1877400
2023-12-28,194.26666259765625,194.6366729736328,193.1999969482422,193.45333862304688,190.55850219726562,1053000
2023-12-29,193.4933319091797,193.8800048828125,191.0,192.03334045410156,189.1597137451172,1452300
2024-01-02,188.78334045410156,188.78334045410156,183.5433349609375,185.11666870117188,182.34654235839844,3256800
2024-01-03,181.8433380126953,182.8733367919922,180.42333984375,181.13999938964844,178.4293975830078,4069800
2024-01-04,178.27999877929688,181.44332885742188,177.8800048828125,179.61666870117188,176.92884826660156,3737100
2024-01-05,179.95333862304688,182.1999969482422,179.3866729736328,180.6133270263672,177.91061401367188,3888900
2024-01-08,181.85667419433594,186.98333740234375,181.80667114257812,186.49667358398438,183.70591735839844,3202200
2024-01-09,184.39332580566406,187.9933319091797,184.11666870117188,186.55999755859375,183.76829528808594,2944200
2024-01-10,186.98333740234375,187.02333068847656,183.5833282470703,185.93333435058594,183.15101623535156,2821800
2024-01-11,186.19667053222656,187.8333282470703,182.97332763671875,186.6199951171875,183.82740783691406,3692100
2024-01-12,186.8699951171875,187.77667236328125,184.89666748046875,185.79666137695312,183.01637268066406,2277000
2024-01-16,186.02667236328125,189.70333862304688,185.07000732421875,188.42999267578125,185.6103057861328,4151400
2024-01-17,186.5066680908203,186.92333984375,183.5366668701172,186.70333862304688,183.90948486328125,4971000
2024-01-18,191.8866729736328,193.1199951171875,189.80999755859375,192.86666870117188,189.98057556152344,3552000
2024-01-19,195.29666137695312,200.6699981689453,194.30332946777344,200.41000366210938,197.41102600097656,5326800
2024-01-22,202.07000732421875,203.69332885742188,199.22332763671875,201.06666564941406,198.05789184570312,5288400
2024-01-23,201.13999938964844,202.63999938964844,199.22999572753906,202.39999389648438,199.37127685546875,3282000
2024-01-24,204.73666381835938,208.07666015625,203.13333129882812,205.34666442871094,202.27383422851562,6283800
2024-01-25,209.1266632080078,209.26333618164062,203.7433319091797,204.77667236328125,201.71237182617188,3916800
2024-01-26,200.586669921875,201.9499969482422,198.56666564941406,199.2566680908203,196.27496337890625,5781300
2024-01-29,199.64999389648438,201.3300018310547,198.19000244140625,201.3300018310547,198.3172607421875,3467400
2024-01-30,200.1266632080078,201.35333251953125,197.39332580566406,198.22000122070312,195.25379943847656,3059100
2024-01-31,195.13999938964844,198.92333984375,193.60667419433594,195.35000610351562,192.42678833007812,6573600
2024-02-01,196.13999938964844,196.80332946777344,193.74667358398438,196.31666564941406,193.3789520263672,3464100
2024-02-02,196.30999755859375,199.28334045410156,195.77667236328125,198.82333374023438,195.84811401367188,4801200
2024-02-05,200.52000427246094,202.5433349609375,198.30999755859375,201.5399932861328,198.5241241455078,4735200
2024-02-06,202.11000061035156,202.26666259765625,196.95333862304688,199.19000244140625,196.20928955078125,3624000
2024-02-07,200.60000610351562,202.42666625976562,198.51333618164062,202.23666381835938,199.21034240722656,4839300
2024-02-08,202.8733367919922,207.1999969482422,202.79666137695312,205.7133331298828,202.6349639892578,2760900
2024-02-09,206.96665954589844,210.14332580566406,205.75,209.80999755859375,206.67034912109375,3518700
2024-02-12,209.8333282470703,213.30667114257812,208.586669921875,209.42999267578125,206.2960662841797,4299900
2024-02-13,203.35667419433594,207.34666442871094,202.36666870117188,205.1266632080078,202.0570831298828,6551400
2024-02-14,207.7566680908203,209.86666870117188,206.85333251953125,209.75999450683594,206.62110900878906,3236400
2024-02-15,211.1233367919922,211.3800048828125,208.6300048828125,209.55999755859375,206.4241180419922,2845500
2024-02-16,211.13333129882812,212.75,207.7566680908203,208.3733367919922,205.25521850585938,4103100
2024-02-20,206.4199981689453,207.16000366210938,201.7100067138672,204.86666870117188,201.80101013183594,5547600
2024-02-21,202.5500030517578,204.44667053222656,201.47999572753906,204.39666748046875,201.33804321289062,4471500
2024-02-22,212.44332885742188,215.6266632080078,211.50332641601562,214.47000122070312,211.26065063476562,6676500
2024-02-23,215.5500030517578,216.66000366210938,211.02667236328125,212.1566619873047,208.98193359375,5105100
2024-02-26,214.29666137695312,215.2066650390625,212.75999450683594,214.25,211.0439453125,3759000
2024-02-27,215.28334045410156,215.8333282470703,213.48333740234375,214.0366668701172,210.8337860107422,4560900
2024-02-28,211.6666717529297,212.75999450683594,210.6366729736328,211.6300048828125,208.46315002441406,2923800
2024-02-29,214.25332641601562,217.8000030517578,213.5833282470703,217.3633270263672,214.11068725585938,3382800
2024-03-01,219.8766632080078,227.58999633789062,219.6266632080078,226.6133270263672,223.2222442626953,6123000
2024-03-04,229.1266632080078,231.3433380126953,227.57666015625,228.83999633789062,225.4156036376953,7328400
2024-03-05,226.07333374023438,227.64332580566406,221.89332580566406,224.35333251953125,220.99606323242188,7260000
2024-03-06,229.02667236328125,232.28334045410156,227.31333923339844,229.86666870117188,226.4269256591797,5531700
2024-03-07,232.7899932861328,238.7100067138672,232.64999389648438,237.75,234.1923065185547,4799600
2024-03-08,238.5500030517578,240.00999450683594,227.97000122070312,228.1300048828125,224.71624755859375,10483000
2024-03-11,225.5,226.7899932861328,222.52000427246094,225.10000610351562,221.73158264160156,4499800
2024-03-12,227.97999572753906,229.88999938964844,223.99000549316406,229.77000427246094,226.33168029785156,3598400
2024-03-13,227.0500030517578,227.3699951171875,222.80999755859375,224.1699981689453,220.81549072265625,3264600
2024-03-14,223.57000732421875,224.83999633789062,218.1199951171875,220.33999633789062,217.04281616210938,4662100
2024-03-15,217.39999389648438,221.3699951171875,217.10000610351562,218.75999450683594,215.48641967773438,4105300
2024-03-18,222.5,223.33999633789062,218.3699951171875,218.58999633789062,215.31900024414062,3143300
2024-03-19,215.75,217.69000244140625,212.64999389648438,216.75999450683594,213.516357421875,3558700
2024-03-20,217.27999877929688,221.02999877929688,215.52999877929688,220.4499969482422,217.151123046875,3386600
2024-03-21,227.3699951171875,229.27999877929688,224.75999450683594,225.17999267578125,222.0369873046875,4059800
2024-03-22,224.16000366210938,227.10000610351562,223.4499969482422,225.4499969482422,222.30320739746094,2658900
2024-03-25,222.25,226.61000061035156,221.7100067138672,224.57000732421875,221.43548583984375,2283500
2024-03-26,226.19000244140625,226.8800048828125,222.8300018310547,222.8800048828125,219.7690887451172,4414200
2024-03-27,225.38999938964844,225.75999450683594,221.39999389648438,225.67999267578125,222.52999877929688,4161700
2024-03-28,225.4199981689453,227.0,224.91000366210938,225.9199981689453,222.76666259765625,1794300
2024-04-01,226.05999755859375,231.4499969482422,226.05999755859375,228.3000030517578,225.11343383789062,3000900
2024-04-02,224.5399932861328,225.25999450683594,222.39999389648438,224.77999877929688,221.64256286621094,2383500
2024-04-03,222.1699981689453,226.99000549316406,222.13999938964844,225.41000366210938,222.26380920410156,1860600
2024-04-04,228.50999450683594,229.1699981689453,218.55999755859375,219.02999877929688,215.97283935546875,3744000
2024-04-05,220.0,223.0,218.5800018310547,221.6300048828125,218.53652954101562,2428300
2024-04-08,222.94000244140625,224.11000061035156,221.30999755859375,222.1999969482422,219.0985870361328,1866900
2024-04-09,224.44000244140625,225.3000030517578,220.75999450683594,224.58999633789062,221.4552001953125,3170100
2024-04-10,220.83999633789062,223.42999267578125,219.22999572753906,220.49000549316406,217.4124755859375,3610500
2024-04-11,221.8800048828125,225.8699951171875,220.05999755859375,225.47000122070312,222.3229522705078,2455300
2024-04-12,221.49000549316406,221.75999450683594,217.63999938964844,218.07000732421875,215.02622985839844,3210400
2024-04-15,221.0500030517578,221.86000061035156,214.24000549316406,215.30999755859375,212.3047637939453,3170800
2024-04-16,215.39999389648438,218.0,214.50999450683594,216.94000244140625,213.91200256347656,2452300
2024-04-17,217.10000610351562,217.44000244140625,209.89999389648438,210.36000061035156,207.423828125,4798600
2024-04-18,208.86000061035156,210.22999572753906,205.97000122070312,206.6300048828125,203.74591064453125,5372700
2024-04-19,204.8000030517578,206.1199951171875,197.42999267578125,198.38999938964844,195.62091064453125,6406600
2024-04-22,200.44000244140625,203.11000061035156,198.02000427246094,201.66000366210938,198.8452606201172,4493800
2024-04-23,203.0500030517578,206.86000061035156,202.5,205.8699951171875,202.99649047851562,3645400
2024-04-24,211.3800048828125,212.5,206.74000549316406,208.5399932861328,205.6292266845703,4077600
2024-04-25,208.0399932861328,213.8300018310547,206.92999267578125,212.41000366210938,209.4452667236328,3902900
2024-04-26,212.14999389648438,217.82000732421875,211.66000366210938,216.89999389648438,213.87254333496094,3812600
2024-04-29,216.52000427246094,218.75999450683594,214.97000122070312,218.5500030517578,215.49952697753906,3247300
2024-04-30,217.60000610351562,220.0,213.92999267578125,213.99000549316406,211.00318908691406,3583500
2024-05-01,210.00999450683594,213.83999633789062,205.58999633789062,206.75999450683594,203.8740692138672,7023200
2024-05-02,210.3000030517578,212.16000366210938,206.52000427246094,211.41000366210938,208.45916748046875,3955500
2024-05-03,215.85000610351562,217.41000366210938,214.47999572753906,216.1699981689453,213.1527557373047,3467100
2024-05-06,218.00999450683594,220.67999267578125,217.16000366210938,220.66000366210938,217.58010864257812,2441500
2024-05-07,220.97999572753906,221.57000732421875,218.7100067138672,218.7100067138672,215.6573028564453,2859500
2024-05-08,216.60000610351562,219.1300048828125,216.3699951171875,218.9199981689453,215.86436462402344,3212000
2024-05-09,218.92999267578125,219.33999633789062,217.05999755859375,218.10000610351562,215.0558319091797,1874300
2024-05-10,220.49000549316406,222.4199981689453,219.27000427246094,220.24000549316406,217.1659393310547,3079200
2024-05-13,221.1999969482422,222.0800018310547,220.3300018310547,220.6999969482422,217.6195068359375,1843200
2024-05-14,220.52999877929688,224.55999755859375,220.32000732421875,224.3699951171875,221.23829650878906,2149400
2024-05-15,226.75,230.82000732421875,225.5,230.6699981689453,227.4503936767578,3106200
2024-05-16,230.6199951171875,232.44000244140625,229.4600067138672,229.5399932861328,226.3361358642578,2878400
2024-05-17,231.0,231.39999389648438,226.4199981689453,228.24000549316406,225.05429077148438,1806100
2024-05-20,229.27000427246094,234.72000122070312,228.85000610351562,233.25999450683594,230.00421142578125,2555300
2024-05-21,230.17999267578125,232.88999938964844,230.07000732421875,232.50999450683594,229.2646942138672,2178700
2024-05-22,234.6699981689453,235.85000610351562,232.80999755859375,235.24000549316406,231.9565887451172,3488500
2024-05-23,240.8300018310547,240.9199981689453,232.16000366210938,233.9199981689453,230.6549835205078,4704800
2024-05-24,236.0399932861328,239.35000610351562,235.0,238.55999755859375,235.23020935058594,2450100
2024-05-28,241.35000610351562,243.6300048828125,238.85000610351562,242.58999633789062,239.20396423339844,2824200
2024-05-29,238.1300048828125,239.17999267578125,237.25999450683594,237.5800018310547,234.263916015625,2061100
2024-05-30,237.64999389648438,238.3300018310547,234.69000244140625,235.92999267578125,232.63693237304688,1536800
2024-05-31,236.77999877929688,237.36000061035156,227.5,234.00999450683594,230.7437744140625,2991000
2024-06-03,237.8000030517578,237.9499969482422,230.1999969482422,234.38999938964844,231.11842346191406,1815900
2024-06-04,234.0,234.36000061035156,230.7899932861328,232.55999755859375,229.31398010253906,2246900
2024-06-05,236.6999969482422,242.88999938964844,235.86000061035156,242.72999572753906,239.34202575683594,3749400
2024-06-06,242.97000122070312,242.97000122070312,238.94000244140625,240.74000549316406,237.3798065185547,2261300
2024-06-07,240.83999633789062,241.5500030517578,238.35000610351562,240.02000427246094,236.66986083984375,2052600
2024-06-10,238.16000366210938,244.1699981689453,237.8300018310547,243.47999572753906,240.08152770996094,1824300
2024-06-11,241.89999389648438,243.7100067138672,239.5,243.3699951171875,240.27903747558594,1662100
2024-06-12,247.6999969482422,251.16000366210938,247.1699981689453,250.22999572753906,247.05186462402344,3101600
2024-06-13,252.05999755859375,254.0800018310547,249.50999450683594,252.9499969482422,249.7373504638672,3469400
2024-06-14,250.8000030517578,252.77999877929688,249.72999572753906,252.0399932861328,248.83889770507812,2567600
2024-06-17,253.72999572753906,256.5,250.6199951171875,256.0199890136719,252.7683563232422,3057900
2024-06-18,257.0,260.6499938964844,256.489990234375,259.2799987792969,255.98690795898438,3071500
2024-06-20,259.6600036621094,260.1199951171875,250.82000732421875,252.24000549316406,249.03634643554688,3921500
2024-06-21,250.13999938964844,252.69000244140625,246.94000244140625,249.77999877929688,246.60760498046875,3156800
2024-06-24,247.52999877929688,249.0399932861328,242.52000427246094,242.64999389648438,239.56817626953125,3958300
2024-06-25,244.60000610351562,246.52000427246094,241.7899932861328,246.3800048828125,243.2508087158203,2551800
2024-06-26,246.2100067138672,247.66000366210938,242.7100067138672,245.4199981689453,242.30299377441406,1933800
2024-06-27,244.94000244140625,246.75,242.6999969482422,244.16000366210938,241.05897521972656,2363600
2024-06-28,245.85000610351562,251.4600067138672,244.6699981689453,246.6300048828125,243.49761962890625,3851300
2024-07-01,246.49000549316406,246.91000366210938,241.97000122070312,246.6199951171875,243.48773193359375,2330400
2024-07-02,245.1999969482422,250.1699981689453,245.0,250.08999633789062,246.91366577148438,1617400
2024-07-03,250.72000122070312,255.5800018310547,249.3800048828125,254.25999450683594,251.03070068359375,1392200
2024-07-05,256.2799987792969,256.8299865722656,253.27999877929688,254.75999450683594,251.52435302734375,1823900
2024-07-08,256.7099914550781,259.8999938964844,256.69000244140625,259.5899963378906,256.29302978515625,2295500
2024-07-09,260.75,262.0799865722656,257.1300048828125,259.4700012207031,256.17449951171875,2374700
2024-07-10,261.8699951171875,266.0,260.5799865722656,265.489990234375,262.1180725097656,3075800
2024-07-11,267.1499938964844,267.239990234375,255.97000122070312,256.760009765625,253.4989776611328,4689600
2024-07-12,257.8399963378906,264.4200134277344,256.55999755859375,259.8900146484375,256.5892028808594,2929500
2024-07-15,261.3500061035156,263.6300048828125,258.5899963378906,260.17999267578125,256.87548828125,3202200
2024-07-16,261.5299987792969,262.1400146484375,257.5899963378906,261.7900085449219,258.4651184082031,2595100
2024-07-17,252.75,253.66000366210938,242.77999877929688,243.1699981689453,240.08155822753906,9101600
2024-07-18,247.41000366210938,247.52000427246094,239.64999389648438,243.89999389648438,240.8022918701172,5274000
2024-07-19,243.55999755859375,243.6999969482422,236.0399932861328,236.44000244140625,233.43702697753906,4983500
2024-07-22,241.52000427246094,246.44000244140625,239.5,246.24000549316406,243.11256408691406,4941700
2024-07-23,242.88999938964844,245.0800018310547,241.83999633789062,242.57000732421875,239.4891815185547,2418700
2024-07-24,239.25999450683594,239.88999938964844,229.35000610351562,229.6699981689453,226.75302124023438,5738900
2024-07-25,227.7100067138672,232.05999755859375,220.6300048828125,224.5500030517578,221.69802856445312,8437600
2024-07-26,229.6699981689453,231.2100067138672,226.91000366210938,229.3699951171875,226.45680236816406,3805500
2024-07-29,231.60000610351562,234.8300018310547,228.02999877929688,228.88999938964844,225.98292541503906,2926800
2024-07-30,230.0,230.55999755859375,219.82000732421875,220.5800018310547,217.77847290039062,8083500
2024-07-31,230.72000122070312,235.60000610351562,228.97000122070312,235.3800048828125,232.39048767089844,7494100
2024-08-01,231.39999389648438,233.2100067138672,215.58999633789062,218.4199981689453,215.64590454101562,8576300
2024-08-02,209.05999755859375,211.4499969482422,204.2100067138672,206.80999755859375,204.18336486816406,13105400
2024-08-05,193.08999633789062,208.67999267578125,192.8699951171875,203.16000366210938,200.5797119140625,9247100
2024-08-06,205.05999755859375,210.47999572753906,201.74000549316406,205.0,202.39633178710938,6602300
2024-08-07,211.5,213.17999267578125,198.85000610351562,199.2899932861328,196.7588653564453,5292500
2024-08-08,205.47000122070312,213.25999450683594,201.24000549316406,213.0399932861328,210.33424377441406,6243200
2024-08-09,211.49000549316406,213.67999267578125,208.75,211.77999877929688,209.09022521972656,3454500
2024-08-12,212.10000610351562,215.5500030517578,210.3000030517578,213.0,210.29473876953125,4365200
2024-08-13,215.99000549316406,221.97999572753906,214.6699981689453,221.64999389648438,218.8348846435547,4525400
2024-08-14,223.64999389648438,224.5399932861328,217.49000549316406,221.08999633789062,218.28199768066406,3769900
2024-08-15,226.07000732421875,232.6199951171875,225.0399932861328,231.72000122070312,228.77696228027344,4332100
2024-08-16,229.58999633789062,232.22000122070312,228.02999877929688,231.22999572753906,228.293212890625,3966100
2024-08-19,230.3300018310547,235.1999969482422,227.66000366210938,235.16000366210938,232.17327880859375,2197800
2024-08-20,233.9499969482422,235.5500030517578,230.27000427246094,232.0500030517578,229.10279846191406,2587700
2024-08-21,233.2100067138672,236.50999450683594,232.63999938964844,235.33999633789062,232.35101318359375,1832200
2024-08-22,236.6999969482422,237.5,226.6199951171875,227.3000030517578,224.4131317138672,2969600
2024-08-23,230.9199981689453,235.0,229.6999969482422,233.38999938964844,230.42578125,3452900
2024-08-26,232.47000122070312,233.2100067138672,226.6999969482422,227.52999877929688,224.6402130126953,2148200
2024-08-27,225.8800048828125,230.80999755859375,223.80999755859375,230.0500030517578,227.1282196044922,2024700
2024-08-28,229.08999633789062,230.6999969482422,223.6199951171875,225.89999389648438,223.0308837890625,3480000
2024-08-29,227.10000610351562,231.02000427246094,224.2100067138672,225.25,222.38914489746094,4084600
2024-08-30,230.55999755859375,231.75,227.27999877929688,231.13999938964844,228.204345703125,3249700
2024-09-03,226.8000030517578,226.8300018310547,212.27999877929688,213.5,210.7884063720703,7214300
2024-09-04,211.11000061035156,217.49000549316406,210.52000427246094,214.1999969482422,211.47950744628906,4435800
2024-09-05,211.1999969482422,216.3800048828125,210.86000061035156,213.0500030517578,210.34413146972656,3988300
2024-09-06,211.4499969482422,211.61000061035156,202.86000061035156,203.92999267578125,201.3399200439453,5596300
2024-09-09,207.24000549316406,208.67999267578125,204.55999755859375,207.9600067138672,205.31874084472656,4078600
2024-09-10,208.33999633789062,210.3800048828125,204.9600067138672,210.14999389648438,207.48094177246094,2390600
2024-09-11,211.58999633789062,220.33999633789062,207.1699981689453,219.91000366210938,217.11697387695312,6521400
2024-09-12,218.6999969482422,220.97000122070312,215.6300048828125,218.94000244140625,216.15931701660156,4739100
2024-09-13,220.85000610351562,223.4499969482422,220.32000732421875,222.85000610351562,220.0196533203125,5268000
2024-09-16,219.6699981689453,221.0,217.0399932861328,219.8800048828125,217.08737182617188,2469800
2024-09-17,222.64999389648438,223.1699981689453,218.22999572753906,220.14999389648438,217.35391235351562,2304100
2024-09-18,221.17999267578125,224.2100067138672,217.5,217.72000122070312,214.95480346679688,4671900
2024-09-19,225.97000122070312,230.05999755859375,224.16000366210938,226.99000549316406,224.1070556640625,4624700
2024-09-20,224.7100067138672,225.57000732421875,220.44000244140625,223.6699981689453,220.8292236328125,4550800
2024-09-23,224.75,225.5500030517578,222.9499969482422,224.5399932861328,221.68817138671875,2454200
2024-09-24,226.5500030517578,228.6300048828125,223.97000122070312,227.25999450683594,224.37359619140625,4314700
2024-09-25,225.97999572753906,229.77000427246094,225.85000610351562,228.27000427246094,225.91957092285156,2191200
2024-09-26,237.72000122070312,238.3800048828125,230.2899932861328,236.42999267578125,233.99551391601562,5537400
2024-09-27,237.14999389648438,237.17999267578125,231.47000122070312,232.67999267578125,230.28411865234375,2303600
2024-09-30,229.7899932861328,232.11000061035156,227.3000030517578,230.58999633789062,228.2156524658203,2693300
2024-10-01,230.5,231.1999969482422,222.3300018310547,224.1300048828125,221.82217407226562,3926500
2024-10-02,224.57000732421875,229.64999389648438,223.25999450683594,227.14999389648438,224.81106567382812,1762100
2024-10-03,225.36000061035156,230.8300018310547,225.2100067138672,227.9600067138672,225.61273193359375,2110700
2024-10-04,232.49000549316406,232.8800048828125,228.38999938964844,231.0800018310547,228.7006072998047,2685000
2024-10-07,229.60000610351562,232.25999450683594,228.77999877929688,230.4499969482422,228.07713317871094,2006800
2024-10-08,230.4499969482422,233.5399932861328,228.94000244140625,232.72000122070312,230.32374572753906,2508500
2024-10-09,232.49000549316406,235.47999572753906,230.8800048828125,235.14999389648438,232.72872924804688,2019100
2024-10-10,231.99000549316406,234.7899932861328,230.64999389648438,233.5,231.09568786621094,1886400
2024-10-11,231.7899932861328,236.19000244140625,231.6699981689453,235.4600067138672,233.0355224609375,4572900
2024-10-14,236.9600067138672,240.2899932861328,236.80999755859375,239.8000030517578,237.3308563232422,2142500
2024-10-15,239.24000549316406,240.47000122070312,225.72000122070312,227.36000061035156,225.0189208984375,6421200
2024-10-16,230.1199951171875,230.1199951171875,226.41000366210938,227.36000061035156,225.0189208984375,3776600
2024-10-17,233.3000030517578,233.8699951171875,229.14999389648438,229.14999389648438,226.7904815673828,2407800
2024-10-18,231.3000030517578,231.30999755859375,228.4199981689453,229.36000061035156,226.9983367919922,1643700
2024-10-21,228.44000244140625,229.5399932861328,225.97999572753906,228.92999267578125,226.57273864746094,2034300
2024-10-22,227.67999267578125,228.80999755859375,226.27999877929688,228.0800018310547,225.73150634765625,2476400
2024-10-23,227.64999389648438,228.50999450683594,222.8699951171875,226.0399932861328,223.71250915527344,2260000
2024-10-24,228.07000732421875,228.2100067138672,225.5800018310547,227.3000030517578,224.9595489501953,2247900
2024-10-25,229.4499969482422,233.07000732421875,229.3699951171875,229.5800018310547,227.216064453125,2209600
2024-10-28,229.5,231.30999755859375,228.3699951171875,229.72000122070312,227.3546142578125,1508500
2024-10-29,229.9199981689453,236.4600067138672,228.86000061035156,235.3699951171875,232.94644165039062,3135000
2024-10-30,229.2899932861328,230.74000549316406,226.97999572753906,227.07000732421875,224.73190307617188,4324400
2024-10-31,224.89999389648438,224.99000549316406,216.55999755859375,218.25999450683594,216.01263427734375,6120800
2024-11-01,220.02000427246094,222.75999450683594,219.30999755859375,220.5800018310547,218.30873107910156,2130100
2024-11-04,219.92999267578125,222.4600067138672,218.5,219.30999755859375,217.0518035888672,1727700
2024-11-05,219.41000366210938,222.07000732421875,219.13999938964844,221.8699951171875,219.58544921875,2273700
2024-11-06,226.36000061035156,229.1699981689453,224.30999755859375,228.33999633789062,225.9888153076172,3644000
2024-11-07,231.8300018310547,233.41000366210938,231.32000732421875,233.10000610351562,230.69979858398438,3154600
2024-11-08,231.8300018310547,233.19000244140625,230.13999938964844,231.36000061035156,228.97772216796875,1769200
2024-11-11,229.17999267578125,229.17999267578125,222.77999877929688,225.57000732421875,223.24737548828125,4250400
2024-11-12,224.77999877929688,225.14999389648438,220.14999389648438,223.11000061035156,220.8126983642578,3259700
2024-11-13,221.5,222.1300048828125,217.97000122070312,218.3699951171875,216.1214599609375,3057500
2024-11-14,220.5,221.3699951171875,217.83999633789062,218.24000549316406,215.9928436279297,2523600
2024-11-15,214.57000732421875,215.6699981689453,210.58999633789062,211.2100067138672,209.0352020263672,4748200
2024-11-18,211.14999389648438,214.3300018310547,210.24000549316406,213.94000244140625,211.7371063232422,2422300
2024-11-19,213.3300018310547,214.80999755859375,212.47000122070312,214.35000610351562,212.1428985595703,2363400
2024-11-20,213.07000732421875,213.67999267578125,209.64999389648438,212.7100067138672,210.519775390625,3995000
2024-11-21,215.0500030517578,217.25999450683594,210.89999389648438,216.0800018310547,213.8550567626953,4245400
2024-11-22,215.6199951171875,216.6999969482422,214.55999755859375,216.1699981689453,213.94415283203125,2672600
2024-11-25,218.97000122070312,220.3000030517578,216.8800048828125,218.27999877929688,216.0324249267578,2787700
2024-11-26,220.0,220.58999633789062,213.77000427246094,215.4499969482422,213.23155212402344,2783900
2024-11-27,214.25,214.41000366210938,208.88999938964844,212.55999755859375,210.37130737304688,3122300
2024-11-29,214.1199951171875,218.02000427246094,214.0800018310547,215.39999389648438,213.18206787109375,2505300
2024-12-02,216.6999969482422,222.47000122070312,216.52000427246094,221.05999755859375,218.78378295898438,3707000
2024-12-03,219.64999389648438,221.05999755859375,219.02000427246094,219.80999755859375,217.54664611816406,1914900
2024-12-04,224.14999389648438,224.32000732421875,221.13999938964844,222.72000122070312,220.4266815185547,2681200
2024-12-05,222.3300018310547,222.66000366210938,217.88999938964844,218.50999450683594,216.26002502441406,2422000
2024-12-06,218.60000610351562,220.3800048828125,218.0,219.8300018310547,217.56646728515625,1822900
2024-12-09,218.5,221.5399932861328,217.3800048828125,218.77000427246094,216.51736450195312,1574800
2024-12-10,219.42999267578125,219.5800018310547,212.19000244140625,213.57000732421875,211.3709259033203,2566600
2024-12-11,216.72999572753906,220.22999572753906,215.39999389648438,218.94000244140625,216.6856231689453,3233900
2024-12-12,217.38999938964844,218.17999267578125,215.4600067138672,217.24000549316406,215.0031280517578,2680200
2024-12-13,222.3000030517578,224.66000366210938,220.00999450683594,223.3000030517578,221.00074768066406,3720600
2024-12-16,224.00999450683594,228.5800018310547,222.38999938964844,227.44000244140625,225.09808349609375,4774000
2024-12-17,224.83999633789062,226.17999267578125,222.55999755859375,223.8699951171875,221.91412353515625,2397300
2024-12-18,225.35000610351562,227.16000366210938,213.9499969482422,215.58999633789062,213.70651245117188,4426000
2024-12-19,216.08999633789062,216.55999755859375,211.4499969482422,211.97000122070312,210.11813354492188,3255700
2024-12-20,210.80999755859375,217.77999877929688,210.3000030517578,214.82000732421875,212.94322204589844,4681100
2024-12-23,216.47000122070312,221.60000610351562,216.47000122070312,221.32000732421875,219.38644409179688,3044300
2024-12-24,222.77999877929688,223.67999267578125,221.35000610351562,223.60000610351562,221.6465301513672,1252300
2024-12-26,221.97999572753906,224.9499969482422,221.69000244140625,223.52999877929688,221.57713317871094,1303500
2024-12-27,222.19000244140625,222.72000122070312,218.85000610351562,221.63999938964844,219.70364379882812,1933000
2024-12-30,217.83999633789062,219.30999755859375,215.6699981689453,217.27999877929688,215.38172912597656,2566900
2024-12-31,217.92999267578125,218.82000732421875,214.63999938964844,215.49000549316406,213.6073760986328,1354500
2025-01-02,217.67999267578125,220.22000122070312,214.9600067138672,216.82000732421875,214.9257354736328,2409100
2025-01-03,218.25,223.0399932861328,217.9600067138672,222.47000122070312,220.52639770507812,2623200
2025-01-06,227.25999450683594,231.8000030517578,227.25999450683594,228.91000366210938,226.91014099121094,4176500
2025-01-07,231.6999969482422,231.88999938964844,224.55999755859375,225.7899932861328,223.81736755371094,3694800
2025-01-08,225.0500030517578,225.4600067138672,221.11000061035156,223.5399932861328,221.5870361328125,3141400
2025-01-10,220.74000549316406,220.8800048828125,216.77999877929688,218.1999969482422,216.29368591308594,4038000
2025-01-13,213.85000610351562,217.83999633789062,213.66000366210938,217.52999877929688,215.6295623779297,2310000
2025-01-14,219.35000610351562,220.75,216.1199951171875,218.9600067138672,217.0470428466797,1492800
2025-01-15,222.47999572753906,224.64999389648438,221.6699981689453,223.2100067138672,221.25991821289062,2900200
2025-01-16,227.25,227.7899932861328,223.52999877929688,223.5399932861328,221.5870361328125,3029500
2025-01-17,228.5800018310547,230.32000732421875,227.36000061035156,229.74000549316406,227.7328643798828,3785500
2025-01-21,231.80999755859375,234.5800018310547,229.8000030517578,232.4499969482422,230.419189453125,3201500
2025-01-22,234.8300018310547,238.33999633789062,234.32000732421875,235.80999755859375,233.74984741210938,3461100
2025-01-23,232.02999877929688,235.3800048828125,231.17999267578125,235.3699951171875,233.31369018554688,2567100
2025-01-24,235.47999572753906,235.47999572753906,229.7100067138672,230.63999938964844,228.625,2229900
2025-01-27,219.0,219.61000061035156,209.74000549316406,212.5500030517578,210.69305419921875,16943600
2025-01-28,213.6199951171875,214.77000427246094,208.97999572753906,213.5,211.63475036621094,9118300
2025-01-29,215.55999755859375,216.17999267578125,212.14999389648438,214.3800048828125,212.507080078125,2430800
2025-01-30,217.00999450683594,219.99000549316406,215.75999450683594,218.74000549316406,216.8289794921875,4653800
2025-01-31,219.99000549316406,224.2899932861328,217.47000122070312,218.1300048828125,216.2242889404297,3867800
2025-02-03,212.38999938964844,216.85000610351562,210.9600067138672,214.1999969482422,212.32864379882812,3646800
2025-02-04,213.72000122070312,217.27000427246094,213.42999267578125,216.39999389648438,214.50941467285156,3742300
2025-02-05,215.8300018310547,221.0399932861328,214.47999572753906,220.58999633789062,218.66278076171875,2200500
2025-02-06,219.0500030517578,220.6999969482422,217.8800048828125,220.3000030517578,218.37533569335938,3111700
2025-02-07,220.80999755859375,222.0800018310547,215.38999938964844,216.8699951171875,214.97531127929688,3297400
2025-02-10,218.4499969482422,220.25,218.4199981689453,219.6999969482422,217.78057861328125,2698600
2025-02-11,217.88999938964844,221.1699981689453,217.88999938964844,219.89999389648438,217.9788360595703,1549700
2025-02-12,216.44000244140625,220.22000122070312,215.9499969482422,220.13999938964844,218.21673583984375,2017500
2025-02-13,219.9499969482422,222.99000549316406,219.88999938964844,222.83999633789062,220.89312744140625,2546800
2025-02-14,222.82000732421875,223.77000427246094,221.9199981689453,223.07000732421875,221.12115478515625,1566200
2025-02-18,224.6999969482422,227.47000122070312,223.47000122070312,226.75999450683594,224.77890014648438,3605000
2025-02-19,227.14999389648438,231.6199951171875,226.25999450683594,230.52999877929688,228.51597595214844,2635700
2025-02-20,232.0,233.44000244140625,228.75,231.07000732421875,229.05125427246094,2642300
2025-02-21,231.75999450683594,231.85000610351562,223.1300048828125,223.97999572753906,222.023193359375,2947000
2025-02-24,224.97000122070312,225.33999633789062,218.5399932861328,218.72000122070312,216.80914306640625,3372800
2025-02-25,218.4499969482422,219.22000122070312,213.5800018310547,214.2100067138672,212.33856201171875,3514200
2025-02-26,216.9499969482422,219.8000030517578,215.5800018310547,217.94000244140625,216.03594970703125,2562600
2025-02-27,219.17999267578125,219.5,204.9199981689453,205.25,203.4568328857422,4349100
2025-02-28,205.3699951171875,210.0500030517578,203.1199951171875,208.52000427246094,206.69827270507812,3722100
2025-03-03,211.50999450683594,211.64999389648438,199.32000732421875,201.14999389648438,199.39263916015625,5067800
2025-03-04,200.8000030517578,207.6199951171875,196.6999969482422,202.27000427246094,200.5028533935547,5487900
2025-03-05,204.5399932861328,207.2899932861328,200.57000732421875,206.6300048828125,204.8247833251953,3312100
2025-03-06,199.5800018310547,203.72000122070312,197.3300018310547,198.0399932861328,196.30979919433594,5088700
2025-03-07,198.8000030517578,204.5399932861328,196.47999572753906,203.85000610351562,202.06906127929688,3713300
2025-03-10,198.82000732421875,200.27999877929688,191.55999755859375,194.4199981689453,192.721435546875,5410800
2025-03-11,194.52000427246094,196.30999755859375,189.11000061035156,192.1199951171875,190.44155883789062,3776600
2025-03-12,196.6999969482422,198.69000244140625,194.32000732421875,196.0800018310547,194.36692810058594,3143000
2025-03-13,196.07000732421875,199.24000549316406,193.17999267578125,195.10000610351562,193.3955078125,2504200
2025-03-14,198.5,201.7100067138672,198.32000732421875,201.1199951171875,199.36289978027344,3696800
2025-03-17,200.30999755859375,206.25999450683594,200.2100067138672,204.44000244140625,202.65391540527344,2743100
2025-03-18,202.11000061035156,203.0500030517578,200.17999267578125,201.47000122070312,199.96514892578125,2470800
2025-03-19,201.5,206.42999267578125,200.0,203.11000061035156,201.59288024902344,2330800
2025-03-20,200.52000427246094,203.72000122070312,200.36000061035156,201.49000549316406,199.98501586914062,2265900
2025-03-21,197.94000244140625,200.13999938964844,196.3699951171875,199.3800048828125,197.8907470703125,2873400
2025-03-24,203.57000732421875,206.66000366210938,203.3300018310547,205.3000030517578,203.76654052734375,3947000
2025-03-25,205.0500030517578,205.7100067138672,203.55999755859375,204.19000244140625,202.6648406982422,1419100
2025-03-26,203.22000122070312,204.05999755859375,196.44000244140625,198.47000122070312,196.987548828125,3595300
2025-03-27,195.8699951171875,197.0399932861328,193.3800048828125,194.55999755859375,193.1067352294922,3545900
2025-03-28,193.2899932861328,194.24000549316406,187.44000244140625,188.67999267578125,187.27066040039062,4122300
2025-03-31,184.6999969482422,188.3000030517578,182.1199951171875,188.1699981689453,186.76449584960938,3843000
2025-04-01,187.4499969482422,188.33999633789062,183.8000030517578,188.27000427246094,186.86375427246094,3108800
2025-04-02,185.38999938964844,192.02000427246094,184.72999572753906,189.47999572753906,188.064697265625,2784800
2025-04-03,179.75,181.13999938964844,169.99000549316406,170.36000061035156,169.08750915527344,9982600
2025-04-04,163.9199981689453,165.77000427246094,154.61000061035156,157.6300048828125,156.45262145996094,13988400
2025-04-07,152.02999877929688,170.4199981689453,148.30999755859375,161.27000427246094,160.06539916992188,18686500
2025-04-08,167.63999938964844,169.85000610351562,151.11000061035156,154.86000061035156,153.70330810546875,11023300
2025-04-09,156.10000610351562,185.55999755859375,154.94000244140625,183.6199951171875,182.2484588623047,23539500
2025-04-10,174.55999755859375,175.64999389648438,162.38999938964844,168.61000061035156,167.3505859375,14499000
2025-04-11,166.97999572753906,173.11000061035156,164.4199981689453,172.25999450683594,170.97332763671875,9890900
2025-04-14,177.5500030517578,177.5500030517578,170.7899932861328,173.39999389648438,172.1048126220703,5657400
2025-04-15,174.32000732421875,176.6300048828125,173.25,174.11000061035156,172.80947875976562,3201100
2025-04-16,166.3300018310547,169.5800018310547,161.8300018310547,167.38999938964844,166.1396942138672,10205000
2025-04-17,168.57000732421875,168.75,164.80999755859375,166.5500030517578,165.3059844970703,4921000
2025-04-21,163.13999938964844,163.89999389648438,160.25999450683594,163.63999938964844,162.41770935058594,4769700
2025-04-22,165.22999572753906,168.02000427246094,164.6199951171875,166.82000732421875,165.57395935058594,4996000
2025-04-23,175.25,177.13999938964844,172.35000610351562,173.07000732421875,171.77728271484375,7323800
2025-04-24,177.8000030517578,183.55999755859375,176.5399932861328,183.02999877929688,181.66287231445312,6873400
2025-04-25,181.1999969482422,186.1199951171875,180.66000366210938,184.80999755859375,183.42959594726562,4224900
2025-04-28,183.88999938964844,185.75999450683594,180.44000244140625,184.47999572753906,183.10205078125,2875400
2025-04-29,182.24000549316406,184.5399932861328,181.25,182.50999450683594,181.14675903320312,3527000
2025-04-30,178.0,184.3800048828125,176.77000427246094,183.83999633789062,182.4668426513672,3580500
2025-05-01,186.0,187.35000610351562,183.47000122070312,183.58999633789062,182.21868896484375,3997600
2025-05-02,187.9499969482422,191.8699951171875,187.8300018310547,190.02999877929688,188.610595703125,4581400
2025-05-05,188.19000244140625,190.4600067138672,187.92999267578125,188.57000732421875,187.1614990234375,3323200
2025-05-06,185.25999450683594,188.25,184.27000427246094,186.77000427246094,185.37493896484375,2844600
2025-05-07,186.5800018310547,190.5800018310547,184.80999755859375,190.0399932861328,188.62049865722656,3001100
2025-05-08,192.50999450683594,195.0399932861328,190.47000122070312,191.74000549316406,190.30783081054688,3457700
2025-05-09,194.47999572753906,195.6300048828125,192.27999877929688,193.94000244140625,192.49139404296875,2808500
2025-05-12,206.8000030517578,209.38999938964844,204.99000549316406,207.8699951171875,206.3173370361328,10675600
2025-05-13,208.6999969482422,214.82000732421875,208.41000366210938,213.75999450683594,212.16334533691406,5693600
2025-05-14,215.2100067138672,216.6999969482422,213.2100067138672,214.7899932861328,213.18565368652344,4162800
2025-05-15,212.69000244140625,215.0,210.91000366210938,213.41000366210938,211.8159637451172,4216900
2025-05-16,213.55999755859375,213.55999755859375,210.67999267578125,213.1300048828125,211.53805541992188,2521500
2025-05-19,208.22000122070312,212.38999938964844,208.1699981689453,211.85000610351562,210.2676239013672,5334700
2025-05-20,210.0399932861328,211.6199951171875,209.41000366210938,211.5399932861328,209.95993041992188,2968000
2025-05-21,209.75,213.89999389648438,206.35000610351562,207.6699981689453,206.1188201904297,5007700
2025-05-22,207.52999877929688,209.47000122070312,205.5800018310547,205.75,204.2131805419922,5397300
2025-05-23,200.47000122070312,203.66000366210938,199.92999267578125,202.55999755859375,201.0469970703125,9527500
2025-05-27,206.9600067138672,210.22999572753906,205.27000427246094,209.2899932861328,207.72674560546875,6057600
2025-05-28,209.83999633789062,210.4600067138672,207.75,208.24000549316406,206.68460083007812,6769200
2025-05-29,213.02999877929688,213.1699981689453,207.75,209.08999633789062,207.52822875976562,8600400
2025-05-30,207.82000732421875,207.8699951171875,201.1199951171875,204.94000244140625,203.4092254638672,10781000
2025-06-02,204.4199981689453,208.8300018310547,204.2899932861328,208.02999877929688,206.47613525390625,6034900
2025-06-03,208.14999389648438,214.13999938964844,206.7100067138672,213.6199951171875,212.0243682861328,8905100
2025-06-04,215.38999938964844,217.6199951171875,213.5399932861328,216.8000030517578,215.1806182861328,7339500
2025-06-05,218.47000122070312,220.27999877929688,214.41000366210938,215.88999938964844,214.27743530273438,10941600
2025-06-06,218.0,220.22999572753906,217.2100067138672,217.33999633789062,215.71661376953125,7582100
2025-06-09,219.3300018310547,224.41000366210938,219.1300048828125,222.4600067138672,220.79837036132812,7712000
2025-06-10,223.5399932861328,228.0800018310547,222.99000549316406,227.32000732421875,225.6220703125,7676200
2025-06-11,228.89999389648438,229.8000030517578,224.27000427246094,226.55999755859375,224.86773681640625,10405600
2025-06-12,224.94000244140625,228.0,224.60000610351562,226.8699951171875,225.1754150390625,5149200
2025-06-13,221.99000549316406,224.5800018310547,220.3000030517578,220.9600067138672,219.3095703125,10484600
2025-06-16,223.58999633789062,228.5800018310547,223.24000549316406,227.44000244140625,226.23570251464844,5772500
2025-06-17,226.4499969482422,229.63999938964844,225.47999572753906,225.63999938964844,224.44522094726562,7290000
2025-06-18,226.85000610351562,229.19000244140625,225.10000610351562,226.55999755859375,225.36036682128906,6657600
2025-06-20,228.7899932861328,229.0800018310547,222.16000366210938,225.11000061035156,223.9180450439453,8202300
2025-06-23,225.02000427246094,227.88999938964844,221.86000061035156,226.50999450683594,225.31060791015625,7115100
2025-06-24,230.57000732421875,235.36000061035156,230.4600067138672,235.10000610351562,233.8551483154297,7017500
2025-06-25,236.66000366210938,237.24000549316406,234.8000030517578,237.2100067138672,235.9539794921875,5252500
2025-06-26,239.0399932861328,239.64999389648438,237.17999267578125,239.07000732421875,237.80413818359375,4350100
2025-06-27,239.30999755859375,241.22999572753906,236.3699951171875,238.86000061035156,237.59523010253906,4520500
2025-06-30,240.1699981689453,240.1699981689453,237.55999755859375,238.6999969482422,237.4360809326172,4925300
2025-07-01,236.6999969482422,239.17999267578125,234.0800018310547,237.6199951171875,236.36178588867188,10892900
2025-07-02,237.08999633789062,243.1199951171875,237.0,242.13999938964844,240.8578643798828,5979000
2025-07-03,243.14999389648438,244.1999969482422,242.6999969482422,243.33999633789062,242.05149841308594,3069400
2025-07-07,241.2899932861328,242.1300048828125,237.75,238.77999877929688,237.5156707763672,4859200
2025-07-08,241.05999755859375,245.39999389648438,240.11000061035156,243.33999633789062,242.05149841308594,7276200
2025-07-09,244.00999450683594,246.52999877929688,241.8800048828125,244.1199951171875,242.827392578125,4415300
2025-07-10,246.4199981689453,247.52000427246094,244.27000427246094,246.5500030517578,245.24452209472656,4868500
2025-07-11,245.00999450683594,247.07000732421875,244.05999755859375,246.1699981689453,244.8665313720703,2649600
2025-07-14,244.14999389648438,244.74000549316406,240.35000610351562,243.8300018310547,242.53892517089844,5522600
2025-07-15,248.7899932861328,249.9600067138672,246.10000610351562,246.25999450683594,244.95606994628906,6042100
2025-07-16,244.27999877929688,245.6699981689453,239.22000122070312,245.58999633789062,244.28961181640625,8348900
2025-07-17,245.5399932861328,247.1300048828125,243.91000366210938,246.52999877929688,245.22462463378906,4801100
2025-07-18,247.9499969482422,248.3699951171875,244.8800048828125,246.72999572753906,245.42356872558594,3758500
2025-07-21,247.36000061035156,250.19000244140625,246.9499969482422,246.9499969482422,245.6424102783203,4672600
2025-07-22,246.0399932861328,246.5,240.69000244140625,243.5399932861328,242.2504425048828,6871000
2025-07-23,241.72000122070312,242.39999389648438,239.05999755859375,242.05999755859375,240.77830505371094,5952600
2025-07-24,241.58999633789062,242.08999633789062,239.4600067138672,241.55999755859375,240.2809295654297,4166800
2025-07-25,240.10000610351562,241.6699981689453,239.10000610351562,241.5399932861328,240.2610321044922,3511400
2025-07-28,244.2100067138672,246.0,243.91000366210938,245.75,244.44874572753906,6433000
2025-07-29,247.2899932861328,249.52999877929688,244.5,246.19000244140625,244.88641357421875,5299700
2025-07-30,248.36000061035156,249.5,245.8699951171875,247.9499969482422,246.63710021972656,5300500
2025-07-31,245.0399932861328,245.2899932861328,237.66000366210938,240.02999877929688,238.75904846191406,9419300
2025-08-01,235.50999450683594,239.61000061035156,232.3300018310547,237.24000549316406,235.98382568359375,8549000
2025-08-04,238.75999450683594,240.86000061035156,237.77000427246094,240.39999389648438,239.12705993652344,6189500
2025-08-05,241.75999450683594,242.4499969482422,235.8800048828125,238.72999572753906,237.46592712402344,5149700
2025-08-06,236.55999755859375,237.4600067138672,233.6699981689453,236.92999267578125,235.67544555664062,4966500
2025-08-07,242.0399932861328,243.3699951171875,238.88999938964844,240.83999633789062,239.56475830078125,6073400
2025-08-08,241.00999450683594,243.17999267578125,240.2899932861328,242.8699951171875,241.583984375,5301300
2025-08-11,243.77999877929688,246.50999450683594,241.9499969482422,242.41000366210938,241.12644958496094,4127900
2025-08-12,244.24000549316406,250.3800048828125,242.7100067138672,250.16000366210938,248.8354034423828,10091500
2025-08-13,252.1300048828125,254.10000610351562,251.0399932861328,253.8800048828125,252.53570556640625,6022400
2025-08-14,250.36000061035156,255.05999755859375,250.0500030517578,254.13999938964844,252.7943115234375,5315700
2025-08-15,252.19000244140625,252.27000427246094,247.6199951171875,248.32000732421875,247.00515747070312,6840100
2025-08-18,247.5399932861328,249.33999633789062,247.47999572753906,249.0500030517578,247.7312774658203,4978200
2025-08-19,249.07000732421875,250.0399932861328,244.72000122070312,245.14999389648438,243.85191345214844,3508000
2025-08-20,244.63999938964844,244.63999938964844,237.10000610351562,243.74000549316406,242.4493865966797,9423100
2025-08-21,242.47000122070312,244.1199951171875,241.0,242.36000061035156,241.0767059326172,4581100
2025-08-22,243.1199951171875,251.99000549316406,242.44000244140625,249.08999633789062,247.7710723876953,6527700
2025-08-25,248.85000610351562,249.6300048828125,247.27000427246094,248.50999450683594,247.1941375732422,3654200
2025-08-26,249.57000732421875,251.61000061035156,249.50999450683594,250.85000610351562,249.52175903320312,3762000
2025-08-27,249.8800048828125,251.66000366210938,248.82000732421875,251.33999633789062,250.00914001464844,4195400
2025-08-28,252.32000732421875,254.32000732421875,250.89999389648438,252.5500030517578,251.21273803710938,5060200
2025-08-29,248.94000244140625,248.94000244140625,244.1699981689453,245.32000732421875,244.02102661132812,8672600
2025-09-02,238.6699981689453,242.92999267578125,238.14999389648438,242.8300018310547,241.54421997070312,6659200
2025-09-03,243.22999572753906,243.4199981689453,239.22999572753906,241.67999267578125,240.40028381347656,5473300
2025-09-04,240.05999755859375,244.52000427246094,238.75,244.1699981689453,242.8771209716797,11842200
2025-09-05,247.85000610351562,248.5,244.1300048828125,247.0500030517578,245.7418670654297,17105500
2025-09-08,248.41000366210938,249.9199981689453,247.55999755859375,248.85000610351562,247.53233337402344,10290500
2025-09-09,249.11000061035156,249.67999267578125,247.22999572753906,249.05999755859375,247.74122619628906,9305200
2025-09-10,253.02999877929688,254.2100067138672,251.86000061035156,253.4499969482422,252.10797119140625,13398400
2025-09-11,254.80999755859375,256.510009765625,254.6199951171875,255.19000244140625,253.83877563476562,10286200
2025-09-12,255.80999755859375,256.3999938964844,254.16000366210938,255.63999938964844,254.286376953125,7144200
2025-09-15,255.1999969482422,257.8399963378906,254.52999877929688,257.79998779296875,256.4349365234375,7239200
2025-09-16,258.2900085449219,259.04998779296875,256.5799865722656,258.5799865722656,257.7516784667969,7543300
2025-09-17,257.94000244140625,260.739990234375,254.8300018310547,258.5299987792969,257.70184326171875,6566900
2025-09-18,265.05999755859375,268.9800109863281,264.1400146484375,267.57000732421875,266.71295166015625,12601600
2025-09-19,267.29998779296875,267.3999938964844,263.6000061035156,265.8599853515625,265.0083923339844,5839100
2025-09-22,266.6499938964844,270.6600036621094,266.5799865722656,269.8299865722656,268.9656677246094,5721400
2025-09-23,270.7900085449219,272.1300048828125,267.9100036621094,269.510009765625,268.6466979980469,6068300
2025-09-24,268.739990234375,269.760009765625,265.6099853515625,269.1000061035156,268.2380065917969,7825500
2025-09-25,264.5799865722656,268.94000244140625,261.79998779296875,268.239990234375,267.3807678222656,11157800
2025-09-26,268.5299987792969,269.4200134277344,265.739990234375,268.8299865722656,267.9688720703125,7244300
2025-09-29,271.7200012207031,272.79998779296875,268.8699951171875,268.92999267578125,268.06854248046875,5954900
2025-09-30,268.8500061035156,271.45001220703125,267.760009765625,271.1199951171875,270.2515563964844,7091800
2025-10-01,269.3800048828125,276.70001220703125,268.8800048828125,276.3399963378906,275.4548034667969,9339600
2025-10-02,281.5,282.5400085449219,279.6099853515625,281.69000244140625,280.7876892089844,7250000
2025-10-03,282.95001220703125,284.3399963378906,278.4800109863281,279.9599914550781,279.063232421875,8629100
2025-10-06,290.989990234375,292.510009765625,288.3500061035156,288.3599853515625,287.4363098144531,11275000
2025-10-07,290.9800109863281,291.4800109863281,281.5299987792969,281.9100036621094,281.0069885253906,9952000
2025-10-08,282.0,291.8599853515625,281.4800109863281,291.5400085449219,290.6061706542969,9301700
2025-10-09,291.0799865722656,291.6099853515625,287.4700012207031,290.19000244140625,289.2604675292969,7603500
2025-10-10,290.82000732421875,291.6300048828125,271.4599914550781,271.989990234375,271.1187438964844,26691200
2025-10-13,282.7799987792969,285.95001220703125,280.3399963378906,284.8699951171875,283.9574890136719,8703400
2025-10-14,278.5,284.7699890136719,277.3599853515625,279.0299987792969,278.13616943359375,8476000
2025-10-15,286.25,288.0199890136719,281.8399963378906,287.6400146484375,286.7185974121094,7595200
2025-10-16,291.0799865722656,292.260009765625,285.94000244140625,288.9800109863281,288.0543518066406,7410400
2025-10-17,286.8900146484375,289.6400146484375,283.7200012207031,288.1700134277344,287.2469482421875,6261500
2025-10-20,290.6099853515625,295.0,290.5,292.9700012207031,292.03155517578125,5832300
2025-10-21,292.5,292.70001220703125,289.2200012207031,291.3299865722656,290.39678955078125,3965200
2025-10-22,288.1099853515625,289.8299865722656,278.4599914550781,284.1300048828125,283.2198486328125,7875300
2025-10-23,282.489990234375,291.8599853515625,282.25,291.05999755859375,290.12762451171875,5374800
2025-10-24,296.3299865722656,298.2200012207031,295.44000244140625,295.8599853515625,294.91229248046875,4621200
2025-10-27,301.42999267578125,305.010009765625,300.4100036621094,304.0799865722656,303.10595703125,5165000
2025-10-28,303.4599914550781,305.9700012207031,302.3800048828125,304.45001220703125,303.47479248046875,4156400
2025-10-29,309.8699951171875,312.7900085449219,306.9700012207031,309.6000061035156,308.6083068847656,4503100
2025-10-30,307.94000244140625,311.1199951171875,305.3800048828125,305.4100036621094,304.43170166015625,4630700
2025-10-31,308.70001220703125,311.32000732421875,304.260009765625,306.54998779296875,305.5680236816406,5163900
2025-11-03,310.3999938964844,311.75,307.1300048828125,308.3800048828125,307.3922119140625,3750800
2025-11-04,300.3399963378906,304.75,295.54998779296875,296.260009765625,295.31103515625,5288800
2025-11-05,297.2099914550781,309.1700134277344,296.8900146484375,305.4700012207031,304.49151611328125,4949400
2025-11-06,305.0,305.8900146484375,295.3500061035156,297.5,296.5470275878906,8548300
2025-11-07,292.6400146484375,294.45001220703125,283.5899963378906,294.3800048828125,293.4370422363281,13798600
2025-11-10,302.44000244140625,303.3599853515625,298.5400085449219,302.0,301.0326232910156,6030800
2025-11-11,299.0400085449219,300.0199890136719,294.69000244140625,295.1499938964844,294.20458984375,5877900
2025-11-12,300.2200012207031,301.69000244140625,297.5,299.6700134277344,298.7100830078125,4145000
2025-11-13,295.94000244140625,297.1300048828125,286.45001220703125,289.3800048828125,288.4530334472656,10980600
2025-11-14,280.6199951171875,292.79998779296875,279.4100036621094,288.5199890136719,287.5957946777344,7142000
2025-11-17,286.07000732421875,291.5299987792969,280.239990234375,283.55999755859375,282.6517028808594,8188700
2025-11-18,279.5400085449219,281.4100036621094,274.0899963378906,276.9800109863281,276.0927429199219,11103100
2025-11-19,278.1400146484375,285.1400146484375,276.82000732421875,281.6099853515625,280.7079162597656,5108100
2025-11-20,288.8999938964844,289.989990234375,267.0,268.1000061035156,267.2411804199219,13398300
2025-11-21,268.2699890136719,274.760009765625,260.44000244140625,270.8299865722656,269.96246337890625,15355900
2025-11-24,273.7799987792969,284.04998779296875,273.6199951171875,282.70001220703125,281.7944641113281,6424800
2025-11-25,278.9599914550781,284.3399963378906,272.760009765625,283.5799865722656,282.6716003417969,5942800
2025-11-26,286.7200012207031,294.0799865722656,286.6099853515625,291.3900146484375,290.4566345214844,5818300
2025-11-28,293.25,296.989990234375,291.8299865722656,296.739990234375,295.78948974609375,3038000
2025-12-01,292.8699951171875,299.4200134277344,292.5299987792969,296.9200134277344,295.9689025878906,3933000
2025-12-02,300.45001220703125,304.8399963378906,298.69000244140625,302.8399963378906,301.86993408203125,5086900
2025-12-03,304.5,309.57000732421875,301.4700012207031,309.3599853515625,308.3690490722656,3867100
2025-12-04,307.8399963378906,308.2699890136719,304.5899963378906,306.2799987792969,305.2989196777344,4639700
2025-12-05,309.29998779296875,312.8299865722656,308.92999267578125,309.3999938964844,308.408935546875,4338100
2025-12-08,311.92999267578125,314.0799865722656,309.8699951171875,312.760009765625,311.7581787109375,3620900
2025-12-09,310.7799987792969,312.8500061035156,309.44000244140625,312.17999267578125,311.1800231933594,2775300
2025-12-10,312.010009765625,317.3500061035156,310.55999755859375,316.3299865722656,315.31671142578125,5093800
2025-12-11,312.79998779296875,314.7799987792969,305.7900085449219,314.5199890136719,313.5124816894531,6504700
2025-12-12,310.79998779296875,311.6000061035156,297.9599914550781,299.4800109863281,298.5207214355469,13813600
2025-12-15,302.6000061035156,303.5,297.2300109863281,298.010009765625,297.055419921875,5241800
2025-12-16,296.7099914550781,298.9200134277344,293.0799865722656,296.20001220703125,295.6838073730469,5850400
2025-12-17,297.32000732421875,298.17999267578125,284.42999267578125,285.2300109863281,284.7329406738281,10422000
2025-12-18,295.7200012207031,296.9599914550781,290.8399963378906,292.0400085449219,291.53106689453125,6740400
2025-12-19,294.6700134277344,301.69000244140625,294.5,299.80999755859375,299.2875061035156,5075000
2025-12-22,306.7300109863281,306.94000244140625,302.54998779296875,303.8399963378906,303.31048583984375,4019000
2025-12-23,302.2099914550781,305.1199951171875,301.3699951171875,304.9599914550781,304.42852783203125,2708600
2025-12-24,305.0,306.5,304.7099914550781,306.1400146484375,305.60650634765625,1723200
2025-12-26,307.3999938964844,307.5400085449219,305.2900085449219,306.0400085449219,305.50665283203125,1860900
2025-12-29,303.3699951171875,306.4599914550781,301.8900146484375,305.32000732421875,304.78790283203125,3620700
2025-12-30,306.0799865722656,307.4800109863281,304.70001220703125,304.9200134277344,304.3886413574219,2984800
2025-12-31,305.6400146484375,306.1199951171875,301.1099853515625,301.1499938964844,300.6251525878906,2954200
2026-01-02,308.55999755859375,315.80999755859375,308.55999755859375,313.69000244140625,313.143310546875,8491300
2026-01-05,320.70001220703125,322.6400146484375,316.8800048828125,318.05999755859375,317.5057067871094,7923200
2026-01-06,322.07000732421875,329.1499938964844,322.0,328.3500061035156,327.77777099609375,7579900
2026-01-07,325.04998779296875,325.95001220703125,322.1099853515625,324.8900146484375,324.3238220214844,4528500
2026-01-08,324.19000244140625,324.19000244140625,316.3999938964844,319.5799865722656,319.0230407714844,5408300
2026-01-09,322.79998779296875,330.6700134277344,321.1099853515625,328.7799987792969,328.20703125,7323100
2026-01-12,325.70001220703125,331.3800048828125,325.5299987792969,330.3500061035156,329.7742919921875,5159600
2026-01-13,332.8500061035156,336.4200134277344,331.8900146484375,333.29998779296875,332.7191467285156,3835900
2026-01-14,331.0299987792969,331.989990234375,327.17999267578125,331.8999938964844,331.32159423828125,5468900
2026-01-15,343.1000061035156,344.54998779296875,337.2200012207031,337.2200012207031,336.63232421875,6531500
2026-01-16,343.510009765625,345.4100036621094,340.2200012207031,342.4700012207031,341.8731994628906,5127300
2026-01-20,336.20001220703125,343.19000244140625,335.9599914550781,337.3500061035156,336.7620849609375,6232600
2026-01-21,341.8399963378906,351.3299865722656,340.29998779296875,348.1400146484375,347.53326416015625,7204200
2026-01-22,354.3599853515625,354.6000061035156,347.3699951171875,348.6700134277344,348.0623779296875,4662000
2026-01-23,346.3900146484375,348.0299987792969,342.1700134277344,344.7099914550781,344.1092834472656,4335900
2026-01-26,343.2900085449219,345.5,341.1300048828125,343.07000732421875,342.4721374511719,4458700
2026-01-27,348.1600036621094,353.20001220703125,346.6499938964844,351.0799865722656,350.4681701660156,5293600
2026-01-28,358.5299987792969,362.0400085449219,356.7200012207031,360.4599914550781,359.8318176269531,5364000
2026-01-29,361.17999267578125,363.79998779296875,347.7200012207031,361.1300048828125,360.5006408691406,8446200
2026-01-30,356.0,360.19000244140625,343.7099914550781,346.29998779296875,345.69647216796875,8719100
2026-02-02,342.3699951171875,356.1099853515625,341.8999938964844,352.69000244140625,352.07537841796875,7758000
2026-02-03,355.9100036621094,357.1199951171875,338.0899963378906,345.6400146484375,345.03765869140625,8371200
2026-02-04,342.17999267578125,345.3900146484375,323.3299865722656,330.3800048828125,329.8042297363281,15231400
2026-02-05,326.5400085449219,335.4700012207031,324.0400085449219,330.8299865722656,330.2534484863281,10406500
2026-02-06,337.3999938964844,349.55999755859375,335.8699951171875,348.510009765625,347.90264892578125,9096100
2026-02-09,344.8399963378906,354.739990234375,343.8800048828125,352.7699890136719,352.1551818847656,7091400
2026-02-10,353.5199890136719,355.0400085449219,348.1199951171875,351.42999267578125,350.8175354003906,6252400
2026-02-11,358.82000732421875,362.2799987792969,351.3999938964844,360.20001220703125,359.572265625,7497000
2026-02-12,363.4599914550781,365.3800048828125,351.04998779296875,351.5,350.887451171875,9488000
2026-02-13,352.79998779296875,357.6099853515625,348.67999267578125,354.6600036621094,354.04193115234375,5963000
2026-02-17,349.80999755859375,357.1000061035156,345.32000732421875,354.1000061035156,353.48291015625,4068900
2026-02-18,355.82000732421875,361.6700134277344,353.6000061035156,357.9200134277344,357.2962341308594,5681200
2026-02-19,354.17999267578125,356.32000732421875,351.7699890136719,355.8399963378906,355.2198791503906,5576400
2026-02-20,353.5899963378906,361.3299865722656,352.79998779296875,359.42999267578125,358.8036193847656,6013600
2026-02-23,357.57000732421875,360.3800048828125,352.8500061035156,356.82000732421875,356.1981506347656,6339800
2026-02-24,361.6000061035156,364.739990234375,358.0400085449219,362.0400085449219,361.4090576171875,6206000
2026-02-25,366.20001220703125,368.82000732421875,365.510009765625,368.0,367.35870361328125,4539900
2026-02-26,366.3800048828125,366.4800109863281,350.4100036621094,356.79998779296875,356.1781921386719,13329100
2026-02-27,349.6000061035156,354.0299987792969,348.3399963378906,352.2900085449219,351.67608642578125,6250200
2026-03-02,343.7900085449219,352.3299865722656,343.3399963378906,352.04998779296875,351.43646240234375,7284000
2026-03-03,338.0899963378906,339.30999755859375,330.8900146484375,334.7799987792969,334.1965637207031,17946100
2026-03-04,339.9599914550781,343.80999755859375,336.7900085449219,341.5400085449219,340.9447937011719,10649900
2026-03-05,338.8999938964844,343.7200012207031,330.57000732421875,337.760009765625,337.17138671875,7239300
2026-03-06,328.3999938964844,335.0400085449219,321.489990234375,323.510009765625,322.94622802734375,8733700
2026-03-09,318.30999755859375,337.1700134277344,316.2200012207031,336.3699951171875,335.7838134765625,9824600
2026-03-10,336.30999755859375,345.55999755859375,336.30999755859375,338.80999755859375,338.21954345703125,7471000
2026-03-11,340.5,345.3999938964844,340.45001220703125,342.0899963378906,341.49383544921875,6215100
2026-03-12,337.3399963378906,337.54998779296875,328.6400146484375,330.19000244140625,329.61456298828125,8008100
2026-03-13,333.8800048828125,338.3999938964844,329.7900085449219,331.32000732421875,330.74261474609375,6450800
2026-03-16,338.8900146484375,342.0400085449219,336.32000732421875,337.8299865722656,337.2412414550781,8018200
2026-03-17,340.55999755859375,341.1600036621094,336.7900085449219,340.25,339.8663024902344,4472100
2026-03-18,340.5299987792969,343.44000244140625,338.2900085449219,338.2900085449219,337.9085388183594,6363900
2026-03-19,328.760009765625,342.7699890136719,326.760009765625,340.20001220703125,339.8163757324219,8292100
2026-03-20,339.7099914550781,341.25,327.94000244140625,332.510009765625,332.1350402832031,9441300
2026-03-23,340.1199951171875,344.92999267578125,335.1199951171875,336.5899963378906,336.2104187011719,8151000
2026-03-24,333.7900085449219,343.2200012207031,333.6199951171875,341.0199890136719,340.6354064941406,5287500
2026-03-25,344.1700134277344,347.67999267578125,342.1400146484375,345.25,344.86065673828125,5869000
2026-03-26,339.45001220703125,339.8900146484375,328.5199890136719,328.8500061035156,328.4791564941406,10172400
2026-03-27,326.8399963378906,329.95001220703125,322.1600036621094,323.4800109863281,323.115234375,6334800
2026-03-30,326.75,327.6300048828125,307.260009765625,309.7900085449219,309.4406433105469,13204800
2026-03-31,315.6000061035156,329.17999267578125,314.8800048828125,328.6600036621094,328.28936767578125,14036500
2026-04-01,333.489990234375,342.6499938964844,332.3500061035156,338.5400085449219,338.1582336425781,10130800
2026-04-02,325.1099853515625,340.3900146484375,325.0299987792969,339.6099853515625,339.22698974609375,6521000
2026-04-06,341.5199890136719,345.7699890136719,339.9200134277344,344.1000061035156,343.7119445800781,3105000
2026-04-07,343.0400085449219,347.94000244140625,338.4700012207031,347.760009765625,347.3678283691406,4026000
2026-04-08,367.8900146484375,371.1499938964844,362.1300048828125,370.3999938964844,369.9822692871094,9868700
2026-04-09,371.29998779296875,378.95001220703125,371.29998779296875,378.6300048828125,378.2030029296875,6036700
2026-04-10,382.6700134277344,389.6000061035156,382.6700134277344,386.6000061035156,386.1640319824219,5596900
2026-04-13,384.8800048828125,393.57000732421875,384.3699951171875,393.3399963378906,392.89642333984375,4377400
2026-04-14,397.8399963378906,401.44000244140625,393.510009765625,401.239990234375,400.7875061035156,5202600
2026-04-15,400.30999755859375,402.0899963378906,392.3900146484375,401.8599853515625,401.40679931640625,5570200
2026-04-16,400.6000061035156,407.4800109863281,397.989990234375,405.95001220703125,405.4922180175781,4400500
2026-04-17,413.3800048828125,415.7300109863281,409.5799865722656,415.7099914550781,415.2412109375,5729100
2026-04-20,417.42999267578125,418.8599853515625,411.7900085449219,417.54998779296875,417.0791015625,3493500
2026-04-21,420.3999938964844,423.3500061035156,416.6700134277344,420.70001220703125,420.2255859375,3676800
2026-04-22,427.260009765625,432.1600036621094,422.82000732421875,431.7699890136719,431.2830810546875,6557600
2026-04-23,435.3399963378906,446.6400146484375,434.0400085449219,441.0,440.502685546875,10812400
2026-04-24,457.5899963378906,463.8699951171875,450.9700012207031,461.6000061035156,461.0794677734375,9072000
2026-04-27,461.75,463.0,448.92999267578125,455.4100036621094,454.89642333984375,8924600
2026-04-28,437.6300048828125,446.1400146484375,431.739990234375,438.7099914550781,438.21527099609375,11014900
2026-04-29,445.260009765625,450.3699951171875,442.4100036621094,449.989990234375,449.4825134277344,5972800
2026-04-30,455.70001220703125,462.1400146484375,449.3399963378906,461.44000244140625,460.91961669921875,5170200
2026-05-01,458.4700012207031,466.9100036621094,455.07000732421875,465.75,465.2247619628906,4155900
2026-05-04,467.92999267578125,469.6099853515625,457.80999755859375,462.05999755859375,461.5389404296875,5233100
2026-05-05,471.1400146484375,486.17999267578125,470.2300109863281,482.7300109863281,482.1856384277344,7203000
2026-05-06,497.9599914550781,506.94000244140625,487.8599853515625,506.8699951171875,506.29840087890625,9768600
2026-05-07,502.92999267578125,503.67999267578125,488.1300048828125,492.3599853515625,491.8047180175781,9913700
2026-05-08,504.239990234375,520.4600219726562,502.75,520.2999877929688,519.7132568359375,7754500
2026-05-11,524.0800170898438,533.739990234375,521.6599731445312,532.760009765625,532.1591796875,7492600
2026-05-12,520.8499755859375,525.1500244140625,495.7099914550781,515.989990234375,515.4080810546875,14660600
2026-05-13,527.6199951171875,532.25,515.9400024414062,528.2899780273438,527.6942138671875,7346400
2026-05-14,526.5,533.1300048828125,522.2100219726562,530.030029296875,529.4323120117188,5212400
2026-05-15,511.6700134277344,518.7899780273438,506.260009765625,508.5199890136719,507.946533203125,9388200
2026-05-18,518.02001953125,519.9600219726562,486.9200134277344,495.8699951171875,495.310791015625,9999000
2026-05-19,484.3999938964844,506.0400085449219,477.95001220703125,496.739990234375,496.1798095703125,12217000
2026-05-20,507.7300109863281,520.5399780273438,506.54998779296875,520.3099975585938,519.7232666015625,9457600
2026-05-21,518.1699829101562,526.780029296875,515.0,524.7100219726562,524.1183471679688,6749900
2026-05-22,531.8800048828125,541.8900146484375,530.1699829101562,537.3300170898438,536.72412109375,7671100
2026-05-26,556.989990234375,572.9500122070312,555.4099731445312,570.0900268554688,569.4471435546875,8926200
2026-05-27,584.3800048828125,584.5,551.8900146484375,563.97998046875,563.3439331054688,11412400
2026-05-28,564.3200073242188,575.7999877929688,554.8300170898438,569.469970703125,568.8278198242188,6763900
2026-05-29,576.4400024414062,582.22998046875,564.5999755859375,569.0800170898438,568.4382934570312,7323900
2026-06-01,563.6699829101562,577.989990234375,557.3800048828125,571.9299926757812,571.2849731445312,6999500
2026-06-02,585.1699829101562,605.4400024414062,581.9299926757812,605.02001953125,604.3377075195312,7475400
2026-06-03,616.2100219726562,618.8400268554688,598.010009765625,615.6799926757812,614.9856567382812,8564700
2026-06-04,587.6400146484375,611.260009765625,577.5399780273438,602.719970703125,602.040283203125,11445300
2026-06-05,577.8599853515625,580.5,539.5700073242188,539.77001953125,539.1613159179688,22377300
2026-06-08,569.77001953125,581.3800048828125,560.7899780273438,571.4500122070312,570.8055419921875,12843000
2026-06-09,585.4500122070312,588.5800170898438,522.239990234375,562.1400146484375,561.506103515625,24548100
2026-06-10,551.6599731445312,572.510009765625,539.3800048828125,541.510009765625,540.8993530273438,16672200
2026-06-11,555.4199829101562,588.0,554.8099975585938,586.9299926757812,586.2681274414062,12295400
2026-06-12,584.1099853515625,602.6900024414062,578.530029296875,596.25,595.5775756835938,9928200
2026-06-15,622.6099853515625,629.719970703125,618.4500122070312,628.4500122070312,628.0393676757812,8170800
2026-06-16,623.8400268554688,629.6400146484375,590.6300048828125,591.239990234375,590.8536987304688,11204900
2026-06-17,611.5599975585938,621.989990234375,598.9500122070312,599.72998046875,599.338134765625,8948400
2026-06-18,626.52001953125,644.4299926757812,626.1500244140625,639.4500122070312,639.0322265625,9666000
2026-06-22,653.9600219726562,655.9500122070312,643.9299926757812,655.010009765625,654.58203125,7782700
2026-06-23,607.6400146484375,619.9400024414062,598.1900024414062,603.3900146484375,602.9957885742188,12712200
2026-06-24,606.1900024414062,609.6900024414062,586.6599731445312,601.5,601.1069946289062,9230700
2026-06-25,637.3300170898438,638.469970703125,598.8300170898438,625.2000122070312,624.79150390625,12713200
2026-06-26,601.4400024414062,605.8900146484375,588.510009765625,589.9400024414062,589.5545654296875,11017500
2026-06-29,593.7100219726562,615.3499755859375,571.5999755859375,614.3499755859375,613.9485473632812,11036800
2026-06-30,616.1500244140625,644.9400024414062,616.1500244140625,640.760009765625,640.3413696289062,10112600
2026-07-01,616.8200073242188,622.8900146484375,597.8800048828125,599.7000122070312,599.3081665039062,9983000
2026-07-02,601.239990234375,608.1099853515625,554.9099731445312,566.3200073242188,565.9500122070312,16092600
2026-07-06,583.1500244140625,598.0,580.47998046875,581.510009765625,581.1300659179688,8419400
2026-07-07,551.9299926757812,558.0599975585938,536.1199951171875,551.6900024414062,551.3295288085938,12285700
2026-07-08,544.6599731445312,564.5,543.8699951171875,562.030029296875,561.6627807617188,7195400
2026-07-09,589.5,594.989990234375,579.1400146484375,581.7000122070312,581.3199462890625,10026200
2026-07-10,571.989990234375,585.7899780273438,566.6699829101562,581.3400268554688,580.960205078125,5861000
2026-07-13,563.5800170898438,566.6500244140625,550.260009765625,553.6099853515625,553.248291015625,8307000
2026-07-14,580.510009765625,580.6699829101562,560.239990234375,567.9199829101562,567.5488891601562,7372300
2026-07-15,575.1199951171875,575.8800048828125,538.530029296875,555.27001953125,554.9072265625,10199600
2026-07-16,539.0499877929688,545.5499877929688,525.4299926757812,530.5,530.1533813476562,10343300
2026-07-17,508.54998779296875,533.1900024414062,498.5400085449219,521.8099975585938,521.4690551757812,15576800
2026-07-20,534.0,539.5399780273438,522.8400268554688,524.1400146484375,523.7975463867188,6533100
2026-07-21,549.0999755859375,555.1599731445312,540.1500244140625,552.6900024414062,552.328857421875,10079700
2026-07-22,538.75,561.1799926757812,538.719970703125,555.52001953125,555.1570434570312,6268400
2026-07-23,545.5,558.0900268554688,543.7899780273438,551.239990234375,550.8798217773438,6689500
2026-07-24,544.3599853515625,548.0,522.2100219726562,527.010009765625,526.6656494140625,10952000
2026-07-27,532.6400146484375,534.3099975585938,500.0,516.22998046875,515.8927001953125,13472800
2026-07-28,496.739990234375,498.4800109863281,480.5,491.4599914550781,491.1388854980469,14904200
2026-07-29,488.6499938964844,496.05999755859375,464.0799865722656,465.0,464.6961669921875,18817200
2026-07-30,491.57000732421875,509.9800109863281,488.010009765625,504.5299987792969,504.2003479003906,17477800
2026-07-31,527.0999755859375,532.6699829101562,501.29998779296875,504.8900146484375,504.56011962890625,13113700
2026-08-03,491.9200134277344,510.95001220703125,485.7099914550781,507.67999267578125,507.3482666015625,10302000
2026-08-04,529.3099975585938,545.3900146484375,526.5700073242188,542.2100219726562,541.8557739257812,10898600
2026-08-05,536.4000244140625,547.5700073242188,528.8800048828125,530.7000122070312,530.353271484375,9649300
2026-08-06,522.6599731445312,542.5599975585938,516.4099731445312,532.52001953125,532.1720581054688,7654700
2026-08-07,545.2000122070312,547.9000244140625,531.27001953125,543.27001953125,542.9150390625,5262600
2026-08-10,545.8499755859375,547.219970703125,529.3900146484375,529.3900146484375,529.0441284179688,8763500
2026-08-11,537.9099731445312,539.0499877929688,530.0999755859375,534.2000122070312,533.8509521484375,7176100
2026-08-12,553.4000244140625,554.1099853515625,546.469970703125,546.6099853515625,546.2528076171875,7723600
2026-08-13,547.1400146484375,562.25,546.4000244140625,550.739990234375,550.380126953125,5940700
2026-08-14,549.5800170898438,552.8900146484375,542.9299926757812,550.4199829101562,550.0603637695312,4309800
2026-08-17,557.9199829101562,566.02001953125,555.8400268554688,559.1199951171875,558.7546997070312,5745000
2026-08-18,537.4199829101562,541.7000122070312,523.030029296875,531.3900146484375,531.0427856445312,9993900
2026-08-19,536.260009765625,538.0,514.489990234375,519.6699829101562,519.3304443359375,8413800
2026-08-20,518.3800048828125,525.4299926757812,515.260009765625,522.3499755859375,522.0086669921875,6269000
2026-08-21,528.1500244140625,528.989990234375,514.6599731445312,520.0499877929688,519.710205078125,6255600
2026-08-24,511.9700012207031,512.1099853515625,498.92999267578125,506.17999267578125,505.8492736816406,7828600
2026-08-25,515.9099731445312,520.0999755859375,509.6600036621094,514.0599975585938,513.72412109375,6445900
2026-08-26,512.0900268554688,516.3900146484375,509.260009765625,515.4000244140625,515.0632934570312,4322200
2026-08-27,526.0599975585938,527.780029296875,517.0,525.4299926757812,525.086669921875,9046000
2026-08-28,521.2000122070312,522.6500244140625,506.82000732421875,508.6199951171875,508.28765869140625,8468500
2026-08-31,509.82000732421875,514.3300170898438,507.0299987792969,511.0400085449219,510.70611572265625,6241500
2026-09-01,501.42999267578125,504.7200012207031,495.0899963378906,500.30999755859375,499.98309326171875,8049500
2026-09-02,498.17999267578125,504.0199890136719,493.30999755859375,501.44000244140625,501.11236572265625,5804100
2026-09-03,496.6400146484375,503.32000732421875,489.2099914550781,502.20001220703125,501.87188720703125,6445600
2026-09-04,509.30999755859375,520.5599975585938,507.25,519.8599853515625,519.5203247070312,9234000
2026-09-08,530.5,534.280029296875,525.489990234375,528.4000244140625,528.0547485351562,8833100
2026-09-09,524.8499755859375,535.47998046875,524.8499755859375,532.0,531.6524047851562,6427500
2026-09-10,518.3200073242188,522.5,514.3099975585938,517.4299926757812,517.0919189453125,6651700
2026-09-11,525.239990234375,531.0399780273438,521.1300048828125,527.0700073242188,526.7256469726562,5663000
2026-09-14,497.1700134277344,503.17999267578125,495.1499938964844,497.3999938964844,497.07501220703125,11265500
2026-09-15,502.54998779296875,504.739990234375,496.5799865722656,498.8500061035156,498.8500061035156,6014200
2026-09-16,506.7099914550781,510.3699951171875,496.80999755859375,502.05999755859375,502.05999755859375,8358900
2026-09-17,517.0900268554688,520.4199829101562,514.7999877929688,519.0999755859375,519.0999755859375,6790700
2026-09-18,522.7100219726562,533.3200073242188,522.3800048828125,533.0700073242188,533.0700073242188,6348600
2026-09-21,545.0800170898438,562.2000122070312,541.469970703125,559.3400268554688,559.3400268554688,7966100
2026-09-22,553.760009765625,573.52001953125,553.3599853515625,572.780029296875,572.780029296875,6322800
2026-09-23,570.4000244140625,571.5499877929688,557.0499877929688,565.719970703125,565.719970703125,9984400
2026-09-24,554.9000244140625,566.8099975585938,553.239990234375,566.0700073242188,566.0700073242188,4925900
2026-09-25,569.47998046875,575.6900024414062,567.3499755859375,572.6799926757812,572.6799926757812,4719500
2026-09-28,568.7100219726562,570.8699951171875,551.9500122070312,560.7899780273438,560.7899780273438,7348500
2026-09-29,569.7899780273438,574.469970703125,565.2999877929688,567.4400024414062,567.4400024414062,5131500
2026-09-30,568.72998046875,572.3200073242188,564.010009765625,568.6400146484375,568.6400146484375,4481500
2026-10-01,569.1900024414062,579.97998046875,564.0399780273438,576.3300170898438,576.3300170898438,6085800
2026-10-02,590.9099731445312,596.4400024414062,587.25,588.9000244140625,588.9000244140625,6692700
